# Object Export From Tinkercad Server 2015

mtllib obj.mtl

o obj_0
v -82.9 		13.95 		165.6
v -82.9 		-13.95 		165.6
v -82.9 		1.223 		149.68
v -82.9 		0.45 		149.803
v -82.9 		2.83 		148.073
v -82.9 		1.921 		149.325
v -82.9 		2.475 		148.771
v -82.9 		-1.93 		148.073
v -82.9 		-1.575 		148.771
v -82.9 		-1.021 		149.325
v -82.9 		-0.323 		149.68
v -81.446 		-11.357 		43.738
v -82.9 		1.223 		144.92
v -82.9 		1.921 		145.275
v -82.9 		2.83 		146.527
v -82.9 		2.953 		147.3
v -82.9 		0.45 		144.798
v -82.9 		2.475 		145.829
v -82.9 		-1.021 		145.275
v -82.9 		-0.323 		144.92
v -82.9 		-1.575 		145.829
v -81.384 		-11.798 		44.704
v -82.9 		-1.93 		146.527
v -82.9 		-2.052 		147.3
v -21.905 		-11.698 		164.308
v -82.9 		7.953 		131.003
v -21.705 		-11.171 		164.116
v -82.9 		-6.052 		131.003
v 82.9 		1.223 		144.92
v 82.9 		1.921 		145.275
v 82.9 		0.45 		144.798
v -23.144 		-11.253 		164.262
v 81.1 		2.83 		146.527
v 81.1 		2.953 		147.3
v 81.1 		0.45 		144.798
v 81.1 		2.475 		145.829
v 81.1 		1.921 		145.275
v 81.1 		1.223 		144.92
v 82.9 		-0.323 		144.92
v 82.9 		-1.021 		145.275
v 82.9 		-1.575 		145.829
v -81.2 		-11.837 		43.008
v 82.9 		-1.93 		146.527
v 82.9 		-2.052 		147.3
v 81.1 		-1.021 		145.275
v 81.1 		-0.323 		144.92
v 81.1 		-1.575 		145.829
v 81.1 		-1.93 		146.527
v -28.898 		-6.052 		164.003
v -28.898 		-6.052 		164
v -75.213 		-6.816 		83.958
v 81.1 		-2.052 		147.3
v -75.158 		-6.816 		81.97
v -76.003 		-1.683 		85.961
v -77.422 		-11.65 		87.52
v -76.439 		-11.65 		86.568
v -26.22 		-11.659 		164.34
v 81.101 		-11.849 		143.433
v -24.782 		-11.846 		164.017
v 81.3 		-11.15 		143.36
v -27.467 		-11.15 		164
v 81.375 		-11.736 		141.276
v -28.325 		-11.439 		164.369
v -27.658 		-11.747 		164.262
v 81.491 		-11.468 		143.164
v 81.378 		-11.166 		143.275
v -81.264 		-11.187 		153.5
v -27.458 		-11.276 		164.286
v 81.428 		-11.228 		140.557
v 81.462 		-11.613 		140.557
v 81.3 		-11.125 		142.929
v -30.334 		-11.298 		164.298
v -29.815 		-11.757 		164.249
v 81.24 		-11.079 		138.041
v 81.295 		-11.798 		136.603
v -28.898 		-11.043 		164
v -28.898 		-11.043 		164.003
v 81.3 		-11.15 		137.987
v -31.251 		-11.476 		164.378
v 81.3 		-11.127 		138.844
v 81.3 		-11.111 		138.624
v -31.412 		-11.177 		164.136
v 81.49 		-11.383 		137.681
v 81.47 		-11.598 		133.367
v 0 		9.61 		163.84
v 81.2 		-11.066 		135.165
v 81.3 		-11.15 		133.958
v 81.316 		-11.153 		133.483
v 81.1 		-11.05 		88.8
v 81.3 		-11.122 		88.8
v 81.3 		-11.15 		88.8
v -5.584 		3.55 		161.594
v -4.925 		3.55 		160.453
v -5.914 		3.55 		162.528
v 81.3 		-11.11 		132.534
v -82.9 		7.953 		100.998
v -82.9 		-6.052 		100.998
v -82.9 		13.95 		81.92
v -82.9 		-13.95 		81.92
v -82.9 		7.953 		65.003
v -82.9 		-6.052 		65.003
v 81.331 		-11.155 		132.928
v -82.9 		7.953 		34.998
v 81.327 		-11.156 		133.114
v -82.9 		-6.052 		34.998
v -82.9 		-13.95 		32.768
v -82.9 		1.921 		16.475
v -82.9 		2.83 		17.727
v -82.9 		2.953 		18.5
v -82.9 		2.475 		19.971
v -82.9 		1.921 		20.525
v -82.9 		2.83 		19.273
v -82.9 		2.475 		17.029
v -82.9 		0.45 		21.003
v -82.9 		1.223 		20.88
v -82.9 		-1.021 		16.475
v -82.9 		-1.575 		19.971
v -82.9 		-1.93 		19.273
v -82.9 		-0.323 		20.88
v -82.9 		-1.575 		17.029
v -82.9 		-1.93 		17.727
v -82.9 		-2.052 		18.5
v -82.9 		-1.021 		20.525
v -82.9 		0.45 		15.998
v -82.9 		1.223 		16.12
v -82.9 		13.95 		0
v -82.9 		-0.323 		16.12
v 81.493 		-11.416 		133.007
v -82.9 		-13.95 		0
v 82.9 		-13.95 		165.6
v 81.2 		-13.95 		163.9
v 73.728 		-13.95 		163.9
v 81.359 		-11.171 		88.799
v 81.3511 		-11.1656 		131.072
v 81.35 		-11.165 		131.696
v 81.3502 		-11.1644 		131.254
v 81.3506 		-11.1647 		131.072
v 81.3493 		-11.1641 		131.072
v 81 		-11.837 		88.799
v 81.369 		-11.172 		131.93
v 81.304 		-11.793 		88.798
v 81.1 		-11.05 		131.933
v 81 		-11.55 		88.799
v -81.1998 		-11.897 		42.3853
v -81.2 		-11.897 		42.393
v -81.2 		-11.897 		42.3902
v -81.2 		-11.897 		42.374
v 81 		-11.55 		88.782
v 82.9 		-13.95 		131.072
v -81.488 		-11.633 		42.659
v 81.375 		-11.736 		131.21
v 82.9 		-13.95 		32.768
v 62.929 		2.475 		164
v 62.375 		1.921 		164
v 63.627 		2.83 		164
v 64.4 		2.953 		164
v 65.173 		2.83 		164
v 61.898 		0.45 		164
v 82.9 		-13.95 		0
v 62.02 		1.223 		164
v 81.2 		-13.95 		1.7
v 62.929 		2.475 		165.6
v 62.375 		1.921 		165.6
v 63.627 		2.83 		165.6
v 64.4 		2.953 		165.6
v 65.173 		2.83 		165.6
v 61.898 		0.45 		165.6
v 62.02 		1.223 		165.6
v 49.152 		-13.95 		0
v 64.4 		-2.052 		164
v 65.173 		-1.93 		164
v 63.627 		-1.93 		164
v 62.929 		-1.575 		164
v 62.375 		-1.021 		164
v 62.02 		-0.323 		164
v 64.4 		-2.052 		165.6
v 65.173 		-1.93 		165.6
v 63.627 		-1.93 		165.6
v 62.929 		-1.575 		165.6
v 0 		-13.95 		1.7
v 62.375 		-1.021 		165.6
v 62.02 		-0.323 		165.6
v 62.172 		-11.171 		164.116
v -57.344 		-13.95 		165.6
v 62.511 		-11.819 		164.105
v 64.848 		-11.737 		164.265
v 62.691 		-11.653 		164.338
v -81 		-13.95 		163.9
v 63.61 		-11.37 		164.356
v 81 		-11.65 		88.782
v 81.434 		-11.658 		88.797
v 62.56 		-11.453 		164.381
v 81.483 		-11.396 		88.796
v 80.254 		-11.55 		88.734
v 80.454 		-11.65 		88.734
v 80.446 		-11.55 		88.733
v 78.89 		-11.55 		88.376
v 59.295 		-11.357 		164.346
v 79.09 		-11.65 		88.376
v 79.097 		-11.55 		88.378
v 61.411 		-11.45 		164.378
v 61.299 		-11.444 		164.38
v 78.201 		-11.65 		87.924
v 78.001 		-11.55 		87.924
v 78.195 		-11.55 		87.92
v 81 		-13.85 		86.016
v 77.328 		-11.65 		87.289
v 77.128 		-11.55 		87.289
v 77.332 		-11.55 		87.292
v 56.419 		-11.205 		164.183
v 53.343 		-11.731 		164.282
v 55.634 		-11.421 		164.376
v 75.924 		-11.65 		85.45
v 75.559 		-11.65 		84.522
v 75.359 		-11.55 		84.522
v 75.557 		-11.55 		84.517
v 75.724 		-11.55 		85.45
v 75.928 		-11.55 		85.458
v 75.307 		-11.65 		82.717
v 75.107 		-11.55 		82.717
v 75.308 		-11.55 		82.712
v 75.307 		-11.55 		82.729
v 75.308 		-11.55 		82.73
v 52.336 		-11.477 		164.383
v 49.233 		-11.15 		164
v 51.386 		-11.233 		164.235
v 75.951 		3.55 		79.732
v 75.516 		3.55 		80.621
v 76.526 		3.55 		78.926
v 77.226 		3.55 		78.226
v 75.247 		3.55 		81.488
v -0.513 		3.55 		158.02
v -1.73 		3.55 		158.237
v 78.921 		3.55 		77.216
v 79.87 		3.55 		76.934
v -4.033 		3.55 		159.484
v 81.1 		3.55 		76.8
v 78.032 		3.55 		77.651
v 77.445 		-6.716 		78.041
v 75.405 		-4.15 		80.918
v -81.1 		-6.052 		34.998
v -81.385 		-11.823 		40.755
v 79.844 		-6.716 		76.933
v 79.521 		-6.716 		77.012
v -81.49 		-11.634 		39.423
v 78.889 		-6.716 		77.222
v 77.995 		-6.716 		77.666
v -81.2 		-11.928 		39.89
v 75.424 		-11.65 		81.644
v 75.823 		-11.65 		80.378
v 75.623 		-11.55 		80.378
v 75.82 		-11.55 		80.385
v -81.316 		-11.843 		38.777
v 75.224 		-11.55 		81.644
v -81.47 		-11.698 		37.985
v 75.424 		-11.55 		81.643
v 76.342 		-11.65 		79.432
v 76.969 		-11.65 		78.657
v 76.769 		-11.55 		78.657
v 77.013 		-11.55 		78.627
v 76.965 		-11.55 		78.661
v 76.142 		-11.55 		79.432
v 76.345 		-11.55 		79.428
v -2.95 		3.55 		158.733
v -16.384 		10.65 		162.8
v -5.005 		-4.15 		160.548
v -4.536 		-1.583 		159.964
v -4.536 		-6.716 		159.964
v -4.859 		-6.716 		160.345
v -5.888 		-6.716 		162.421
v -5.84 		-1.583 		162.261
v -5.234 		-6.716 		160.895
v -6.07 		-6.716 		163.402
v -81 		-13.95 		1.7
v 82.9 		13.95 		0
v 66.903 		0.45 		0
v 50.467 		-11.596 		164.365
v 66.425 		1.921 		0
v 65.871 		2.475 		0
v 66.78 		1.223 		0
v -2.218 		-6.716 		158.386
v 66.78 		-0.323 		0
v 66.425 		-1.021 		0
v 65.871 		-1.575 		0
v -2.827 		-6.716 		158.656
v -3.675 		-6.716 		159.182
v 57.344 		13.95 		0
v 62.929 		2.475 		0
v 62.375 		1.921 		0
v 63.627 		2.83 		0
v 64.4 		2.953 		0
v 65.173 		2.83 		0
v 61.898 		0.45 		0
v 62.02 		1.223 		0
v 64.4 		-2.052 		0
v 65.173 		-1.93 		0
v 63.627 		-1.93 		0
v 62.929 		-1.575 		0
v 62.375 		-1.021 		0
v 62.02 		-0.323 		0
v -5.537 		-11.65 		161.944
v -5.737 		-11.55 		161.944
v -5.539 		-11.55 		161.951
v 48.103 		7.953 		0
v 48.103 		-6.052 		0
v -5.344 		-11.65 		161.484
v -5.323 		-11.55 		161.453
v -5.544 		-11.55 		161.484
v -5.337 		-11.55 		161.471
v -5.338 		-11.55 		161.472
v 18.098 		7.953 		0
v 18.098 		-6.052 		0
v -4.096 		13.95 		0
v -1.058 		-11.65 		158.115
v -1.258 		-11.55 		158.115
v -1.051 		-11.55 		158.114
v -1.084 		-11.55 		158.123
v -4.043 		-11.65 		159.669
v -2.918 		-11.65 		158.817
v -3.118 		-11.55 		158.817
v -17.898 		7.953 		0
v -2.912 		-11.55 		158.814
v -17.898 		-6.052 		0
v -2.932 		-11.55 		158.827
v -4.039 		-11.55 		159.665
v -47.903 		7.953 		0
v -4.049 		-11.55 		159.675
v -4.243 		-11.55 		159.669
v -47.903 		-6.052 		0
v -20.9 		10.64 		162.789
v -20.9 		10.64 		162.81
v -65.173 		2.83 		0
v -64.4 		2.953 		0
v -32.668 		10.64 		162.789
v -63.627 		2.83 		0
v -25.2 		10.64 		162.81
v -62.929 		2.475 		0
v -61.897 		0.45 		0
v -62.375 		1.921 		0
v -62.02 		1.223 		0
v -25.2 		10.65 		162.8
v -25.2 		10.66 		162.8
v -25.2 		10.66 		162.89
v -25.4 		10.66 		162.89
v -25.2 		10.642 		162.908
v -25.4 		10.642 		162.908
v -62.02 		-0.323 		0
v -62.375 		-1.021 		0
v -62.929 		-1.575 		0
v -63.627 		-1.93 		0
v -64.4 		-2.052 		0
v -65.173 		-1.93 		0
v -65.871 		2.475 		0
v -66.902 		0.45 		0
v -66.78 		1.223 		0
v -66.425 		1.921 		0
v -65.871 		-1.575 		0
v -66.425 		-1.021 		0
v -66.78 		-0.323 		0
v 81.1 		-11.05 		76.8
v 81.3 		-11.15 		76.8
v 82.9 		13.95 		165.6
v 82.9 		2.83 		148.073
v 82.9 		0.45 		149.803
v 82.9 		1.223 		149.68
v 81.3 		-11.127 		76.8
v 81.279 		-11.106 		76.801
v 82.9 		1.921 		149.325
v 82.9 		2.475 		148.771
v 82.9 		-1.93 		148.073
v 82.9 		-1.575 		148.771
v 82.9 		-1.021 		149.325
v 82.9 		-0.323 		149.68
v 82.9 		2.953 		147.3
v 82.9 		2.83 		146.527
v 82.9 		2.475 		145.829
v 81 		-11.65 		76.819
v 81 		-11.55 		76.801
v 81 		-11.55 		76.819
v 82.9 		7.953 		131.003
v 82.9 		-6.052 		131.003
v 82.9 		7.953 		100.998
v 82.9 		13.95 		98.304
v 82.9 		-6.052 		100.998
v 82.9 		7.953 		65.003
v 82.9 		-6.052 		65.003
v 81.458 		-11.281 		76.803
v 82.9 		7.953 		34.998
v 82.9 		13.95 		32.768
v 82.9 		-6.052 		34.998
v 82.9 		0.45 		21.003
v 82.9 		1.921 		20.525
v 82.9 		2.475 		19.971
v 81.434 		-11.657 		76.802
v 82.9 		1.921 		16.475
v 82.9 		2.83 		19.273
v 81.434 		-11.658 		76.802
v 82.9 		2.953 		18.5
v 82.9 		2.83 		17.727
v 82.9 		2.475 		17.029
v 81.434 		-11.658 		76.802
v 82.9 		1.223 		20.88
v 81.434 		-11.658 		76.802
v 81.488 		-11.366 		15.695
v 82.9 		-1.575 		17.029
v 82.9 		-1.93 		17.727
v 82.9 		-2.052 		18.5
v 82.9 		-1.93 		19.273
v 82.9 		-1.021 		20.525
v 82.9 		-0.323 		20.88
v 82.9 		-1.021 		16.475
v 82.9 		-1.575 		19.971
v 82.9 		0.45 		15.998
v 81.3 		-11.109 		15.809
v 82.9 		1.223 		16.12
v 82.9 		-0.323 		16.12
v 81.1 		13.95 		164
v 57.344 		13.95 		165.6
v 81.1 		13.95 		1.6
v -81.3 		13.95 		164
v -81.3 		13.95 		1.6
v 65.871 		2.475 		165.6
v 66.903 		0.45 		165.6
v 66.425 		1.921 		165.6
v 66.78 		1.223 		165.6
v 66.78 		-0.323 		165.6
v 66.425 		-1.021 		165.6
v 65.871 		-1.575 		165.6
v 81.1 		-11.05 		12.1
v 81.3 		-11.113 		12.1
v 81.3 		-11.15 		12.1
v 81.44 		-11.24 		12.1
v 81.375 		-11.174 		12.1
v 48.103 		7.953 		165.6
v 81 		-11.55 		12.1
v 48.103 		-6.052 		165.6
v 81 		-11.55 		12.088
v 81 		-11.65 		12.09
v 81 		-11.837 		12.1
v 18.098 		7.953 		165.6
v 81.377 		-11.738 		12.1
v 18.098 		-6.052 		165.6
v 81.498 		-11.467 		12.1
v 81.217 		-11.828 		12.1
v 80.121 		-11.55 		12.054
v 80.314 		-11.55 		12.053
v 80.321 		-11.65 		12.054
v 79.017 		-11.65 		11.849
v 78.817 		-11.55 		11.849
v 79.021 		-11.55 		11.85
v -79.283 		-11.65 		88.511
v 81.434 		-11.658 		76.802
v -78.361 		-11.65 		88.131
v 81 		-11.837 		76.801
v 81.26 		-11.812 		76.801
v 80.372 		-11.65 		76.875
v 80.362 		-11.55 		76.877
v 80.172 		-11.55 		76.875
v -81.1 		-11.15 		88.8
v 81.3 		-11.118 		76.078
v -81.293 		-11.202 		88.799
v -81 		-11.65 		88.799
v 79.014 		-11.65 		77.259
v 78.814 		-11.55 		77.259
v -81.44 		-11.736 		88.798
v -81.44 		-11.737 		88.798
v -81.44 		-11.738 		88.798
v 79.016 		-11.55 		77.258
v 79.022 		-11.55 		77.256
v 81.167 		-11.838 		73.937
v -81.489 		-11.482 		88.797
v -81.2 		-11.837 		88.799
v -81.328 		-11.833 		88.799
v 81.3 		-11.139 		74.257
v -81 		-11.937 		88.799
v -81.2 		-11.931 		88.799
v -75.671 		-11.65 		85.291
v -75.107 		-11.65 		82.883
v -32.9 		12.962 		164
v -32.9 		12.962 		164.003
v -36.864 		10.66 		163.979
v -32.768 		10.66 		163.979
v -32.9 		10.66 		163.979
v -32.9 		11.95 		164
v -32.9 		11.95 		164.003
v -32.9 		10.66 		164
v -32.9 		10.66 		164.003
v -32.9 		9.431 		164
v -32.9 		9.43 		164.001
v -32.9 		9.486 		164
v -40.96 		10.66 		163.979
v -75.904 		3.45 		79.8
v -76.635 		3.45 		78.802
v -75.578 		3.45 		80.468
v -32.9 		7.953 		164.003
v -32.9 		7.953 		164
v -75.175 		3.45 		81.895
v -49.152 		10.66 		163.979
v -77.548 		3.45 		77.967
v -77.748 		3.55 		77.967
v -47.903 		7.953 		164
v -47.903 		7.953 		165.6
v -33.41 		-11.671 		164.328
v 75.2 		-11.55 		10.286
v 76.337 		-11.55 		10.957
v 77.549 		-11.55 		11.481
v 77.137 		-11.55 		11.324
v -81.1 		3.55 		76.809
v -80.805 		3.55 		76.823
v -81.1 		3.459 		76.809
v -80.601 		3.501 		76.875
v 77.749 		-11.65 		11.481
v 76.537 		-11.65 		10.957
v 75.4 		-11.65 		10.286
v -80.605 		3.45 		76.823
v -78.894 		3.55 		77.316
v -78.9 		3.501 		77.314
v 77.769 		-11.55 		11.486
v 75.4 		-11.55 		10.286
v -78.694 		3.45 		77.316
v -78.734 		3.55 		77.407
v 76.53 		-11.55 		10.953
v -81.1 		3.45 		76.8
v -33.41 		-11.846 		164.017
v -81.1 		9.45 		65.536
v -34.848 		-11.793 		164.192
v -75.612 		-1.683 		80.374
v -75.963 		-1.683 		79.712
v -75.836 		-6.816 		79.927
v -77.255 		-1.683 		78.202
v -76.186 		-6.816 		79.361
v -75.432 		-6.816 		80.839
v -75.286 		-6.816 		81.317
v -37.904 		-11.575 		164.366
v -38.164 		-11.426 		164.378
v -37.191 		-11.427 		164.377
v -79.361 		-1.683 		77.06
v -77.194 		-11.65 		78.26
v -75.488 		-11.65 		80.683
v -81.1 		-11.15 		153.5
v -80.56 		-11.65 		153.514
v -81.367 		-11.829 		36.547
v 81.491 		-11.374 		73.218
v 81.408 		-11.698 		71.061
v -81.42 		-11.313 		153.5
v -81.491 		-11.483 		153.5
v -81.461 		-11.713 		153.5
v -81 		-11.65 		153.5
v 81.365 		-11.18 		73.051
v 74.667 		-11.55 		9.896
v -81 		-11.937 		153.5
v -81.168 		-11.156 		36.547
v 74.867 		-11.65 		9.896
v -81.2 		-11.837 		153.5
v 74.032 		-11.55 		9.178
v -81.2 		-11.928 		153.5
v -81.335 		-11.831 		153.5
v -81.498 		-11.567 		35.109
v -77.996 		-11.65 		77.668
v 73.521 		-11.55 		8.867
v 73.721 		-11.65 		8.867
v -78.893 		-11.65 		77.233
v -81.2 		-11.932 		152.682
v -81.1 		-11.15 		76.8
v 73.715 		-11.55 		8.86
v -81.249 		-11.183 		76.802
v -81.338 		-11.835 		34.982
v -81.346 		-11.834 		35.422
v -80.173 		-11.65 		76.884
v 75.588 		-0.95 		7.938
v -81 		-11.65 		76.801
v -81 		-11.937 		76.801
v 74.861 		-0.95 		6.912
v -81.2 		-11.837 		76.801
v -81.2 		-11.91 		76.802
v -81.439 		-11.738 		152.062
v -81.471 		-11.411 		76.803
v -81.459 		-11.396 		34.39
v -81.345 		-11.818 		76.802
v -81.472 		-11.662 		76.803
v -81.341 		-11.836 		34.596
v 75.831 		-4.05 		8.014
v -81.359 		-11.831 		33.945
v 76.806 		-4.05 		7.653
v 77.145 		-4.05 		6.725
v 76.968 		-4.05 		6.155
v -81.451 		-11.364 		150.983
v -81.1 		-11.15 		33.667
v -81.281 		-11.843 		151.502
v -81.117 		-11.946 		150.624
v -81.297 		-11.837 		150.771
v -81.2 		-11.837 		33.667
v -81.362 		-11.829 		33.67
v -81 		-11.937 		33.667
v -81.167 		-11.937 		148.826
v -81.1 		9.45 		24.576
v -81.2 		-11.922 		147.692
v -81.1 		1.921 		20.525
v -81.1 		0.45 		21.003
v -81.1 		1.223 		20.88
v -81.1 		1.921 		16.475
v -81.47 		-11.428 		147.748
v -81.478 		-11.674 		148.467
v -81.1 		2.953 		18.5
v -81.1 		2.83 		17.727
v -81.1 		2.475 		19.971
v -81.1 		2.83 		19.273
v -81.1 		2.475 		17.029
v -81.1 		1.921 		145.275
v -81.1 		1.223 		144.92
v -81.1 		2.953 		147.3
v -81.1 		2.83 		146.527
v -81.1 		0.45 		144.798
v -81.1 		2.475 		145.829
v -39.162 		-11.779 		164.159
v -47.903 		-5.05 		164
v -47.903 		-5.05 		164.003
v -47.903 		-6.052 		164.003
v -47.903 		-6.052 		165.6
v -81.403 		-11.805 		31.334
v -43.477 		-11.837 		164.084
v -41.319 		-11.657 		164.337
v -81.398 		-11.288 		30.076
v -46.353 		-11.803 		164.179
v -81.381 		-11.822 		30.714
v 81.461 		-11.287 		71.061
v 81.134 		-11.846 		68.904
v -81.355 		-11.832 		29.394
v 81.308 		-11.787 		69.263
v 81.483 		-11.35 		69.623
v 81.4 		-11.713 		68.185
v 81.481 		-11.333 		68.185
v -81.168 		-11.156 		27.919
v -81.323 		-11.842 		27.79
v 81.3 		-11.15 		66.23
v 81.495 		-11.399 		66.747
v -81.315 		-11.847 		27.505
v -81.478 		-11.604 		27.02
v -81.3362 		-11.8412 		27.1953
v -81.336 		-11.842 		27.182
v -81.3365 		-11.8412 		27.1815
v -81.3367 		-11.8416 		27.1381
v -81.3352 		-11.8415 		27.2074
v 81.1 		7.953 		65.003
v 81.1 		-6.052 		65.003
v -81.384 		-11.825 		26.626
v 81.101 		-11.849 		65.309
v 81.463 		-11.295 		63.152
v 81.47 		-11.598 		65.309
v 81.342 		-11.159 		61.562
v -81.32 		-11.225 		25.492
v -81.375 		-11.823 		24.829
v 48.103 		7.953 		164
v 48.103 		-6.052 		164
v -81.351 		-11.843 		26.481
v 49.033 		-11.837 		163.9
v 46.153 		-11.817 		164.148
v 81.457 		-11.63 		60.995
v 81.325 		-11.156 		60.708
v 46.353 		-11.164 		164.1
v 81.3 		-11.113 		60.989
v 81.3 		-11.112 		60.927
v -81.2 		-11.164 		25.043
v 46.243 		-11.429 		164.378
v -81.1 		-1.021 		20.525
v -81.1 		-0.323 		20.88
v 45.161 		-11.569 		164.377
v -81.1 		-1.021 		16.475
v -81.1 		-1.93 		19.273
v -81.1 		-1.575 		19.971
v -81.1 		-1.575 		17.029
v 81.492 		-11.508 		59.916
v -81.1 		-1.93 		17.727
v -81.1 		-2.052 		18.5
v 41.839 		-11.821 		164.097
v 41.839 		-11.659 		164.34
v 44.715 		-11.709 		164.295
v -81.2 		-11.932 		23.795
v -81.2 		-11.921 		23.541
v -81.338 		-11.826 		21.395
v 81.44 		-11.659 		59.556
v -81.455 		-11.396 		23.874
v 43.985 		-11.431 		164.38
v 43.477 		-11.192 		164.162
v -17.898 		7.953 		165.6
v -81.323 		-11.22 		20.728
v 38.75 		-11.565 		164.377
v 40.4 		-11.698 		164.308
v -17.898 		-6.052 		165.6
v 37.524 		-11.793 		164.192
v -81.224 		-11.173 		19.65
v 37.524 		-11.659 		164.34
v -81.49 		-11.483 		19.65
v 33.41 		-11.373 		164.351
v 34.848 		-11.164 		164.1
v -81.1 		-0.323 		144.92
v -81.1 		-1.021 		145.275
v -81.1 		-1.575 		145.829
v -81.1 		-1.93 		146.527
v -81.1 		-2.052 		147.3
v -81.354 		-11.825 		19.637
v 36.286 		-11.357 		164.346
v -81.404 		-11.305 		17.133
v 34.489 		-11.517 		164.375
v 18.098 		7.953 		164
v -81.37 		-11.825 		17.758
v 29.096 		-11.253 		164.262
v -81.2 		-11.933 		17.236
v -81.369 		-11.257 		143.074
v 31.772 		-11.647 		164.337
v -81.2 		-11.164 		16.774
v -72.98 		11.85 		8.254
v -73.602 		4.017 		8.941
v -81.2 		-11.164 		140.557
v -73.18 		11.95 		8.254
v -73.193 		11.85 		8.267
v 27.667 		-11.15 		164
v -73.173 		11.85 		8.245
v -81.481 		-11.433 		140.557
v -81.404 		-11.806 		141.276
v -81.338 		-11.842 		141.097
v 27.665 		-11.503 		164.377
v 26.863 		-11.497 		164.382
v 27.466 		-11.837 		163.9
v -81.483 		-11.667 		75.375
v -81.359 		-11.84 		140.933
v 26.02 		-11.787 		164.208
v 24.782 		-11.357 		164.346
v -81.314 		-11.842 		139.501
v -81.446 		-11.357 		72.499
v -81.323 		-11.22 		69.623
v 26.02 		-11.846 		164.017
v -81.49 		-11.604 		71.421
v 18.098 		-6.052 		164
v 19.029 		-11.183 		164.148
v -81.481 		-11.433 		71.061
v -65.173 		2.83 		165.6
v -64.4 		2.953 		165.6
v -63.627 		2.83 		165.6
v -62.375 		1.921 		165.6
v -62.02 		1.223 		165.6
v -62.929 		2.475 		165.6
v -61.897 		0.45 		165.6
v 0 		10.65 		2.8
v 20.467 		-11.387 		164.361
v 6.1 		3.45 		164
v -45.951 		-11.448 		164.373
v -0.086 		9.499 		1.649
v 0 		9.45 		1.6
v -0.109 		9.5 		1.65
v -0.12 		9.498 		1.648
v -0.135 		9.494 		1.644
v -0.144 		9.49 		1.64
v -47.231 		-11.332 		164.329
v -48.51 		-11.713 		164.3
v -0.182 		9.466 		1.616
v -0.2 		9.45 		1.6
v -47.791 		-11.787 		164.208
v -48.869 		-11.62 		164.358
v -0.43 		3.55 		7.589
v -54.8 		9.431 		164
v -54.6 		10.66 		163.979
v -54.6 		9.486 		164
v -54.6 		10.66 		164
v -65.173 		2.83 		164
v -64.4 		2.953 		164
v -63.627 		2.83 		164
v -62.02 		1.223 		164
v -62.375 		1.921 		164
v -62.929 		2.475 		164
v -61.897 		0.45 		164
v -77.766 		11.95 		11.485
v -76.368 		11.95 		10.869
v -52.903 		-5.05 		164
v -76.168 		11.85 		10.869
v -52.903 		-5.05 		164.003
v -76.363 		11.85 		10.866
v -77.759 		11.85 		11.482
v -77.566 		11.85 		11.485
v 81.338 		-11.77 		58.837
v 81.497 		-11.5 		58.118
v -74.73 		11.95 		9.788
v -74.727 		11.85 		9.786
v -74.741 		11.85 		9.796
v -74.53 		11.85 		9.788
v 81.455 		-11.628 		57.399
v -78.4 		11.85 		11.744
v -78.6 		11.95 		11.744
v -78.59 		11.85 		11.74
v -79.9 		10.65 		12.031
v 81.349 		-11.161 		58.698
v -80.1 		11.95 		12.031
v -79.9 		11.85 		12.031
v -80.1 		11.85 		12.031
v 81.213 		-11.816 		56.68
v 81.429 		-11.249 		55.602
v 81.3 		-11.15 		55.893
v -81.1 		9.45 		12.1
v -81.1 		0.45 		15.998
v -81.1 		1.223 		16.12
v -74.333 		4.017 		9.626
v 81.3 		-11.129 		56.338
v -75.22 		4.017 		10.299
v -75.595 		4.017 		10.541
v -75.979 		4.017 		10.767
v 81 		-11.837 		55.234
v 81.498 		-11.467 		55.242
v -76.98 		4.017 		11.255
v 81.1 		-11.05 		55.233
v -71.781 		11.85 		6.434
v 81.3 		-11.141 		54.28
v -71.981 		11.95 		6.434
v -71.984 		11.85 		6.44
v -71.612 		11.95 		5.642
v -71.412 		11.85 		5.642
v -71.61 		11.85 		5.638
v -51.006 		-11.184 		164.142
v -70.733 		10.65 		2.8
v -49.673 		-11.603 		164.365
v -71.076 		11.95 		3.981
v -70.939 		11.95 		2.8
v -70.739 		11.85 		2.8
v -70.876 		11.85 		3.981
v -70.939 		11.85 		2.8
v -49.233 		-11.837 		163.9
v -71.077 		11.85 		3.983
v -70.6 		9.45 		1.6
v -72.046 		4.017 		6.913
v -52.903 		-11.043 		164
v -52.903 		-11.043 		164.003
v -65.871 		2.475 		1.6
v -66.902 		0.45 		1.6
v -66.78 		1.223 		1.6
v -66.425 		1.921 		1.6
v -75.694 		11.95 		7.976
v -74.97 		11.95 		7.308
v -75.39 		11.95 		7.829
v -52.402 		-11.362 		164.344
v -51.386 		-11.767 		164.235
v -74.857 		11.95 		6.838
v -52.824 		-11.628 		164.354
v -76.664 		11.85 		7.775
v -76.193 		11.95 		8.031
v -76.037 		11.85 		8.014
v -76.197 		11.85 		8.03
v 0.1 		9.45 		164
v 76.008 		-4.05 		8.03
v -81.167 		-11.937 		139.838
v 0.065 		9.369 		163.928
v 0 		9.45 		164
v -81.2 		-11.919 		140.038
v -81.2 		-11.914 		139.724
v 77.038 		-4.05 		7.312
v 74.963 		-4.05 		6.286
v 74.96 		-4.05 		6.296
v 74.983 		-4.05 		7.346
v -76.968 		11.85 		7.445
v 75.001 		-4.05 		7.363
v 0.05 		9.4 		164
v -76.864 		11.95 		7.775
v -76.856 		11.85 		7.78
v 74.873 		-4.05 		7.021
v -76.864 		11.85 		7.775
v -77.168 		11.95 		7.445
v 76.076 		-0.597 		5.572
v 75.843 		-4.05 		5.583
v 76.271 		-4.05 		5.609
v 14.515 		-11.671 		164.328
v 76.782 		-4.05 		5.918
v -81.36 		-11.838 		140.01
v 14.476 		-11.418 		164.372
v -77.166 		11.85 		7.446
v -77.174 		11.85 		7.423
v 75.592 		-0.95 		5.671
v -81.2 		-11.925 		139.988
v 8.763 		-11.613 		164.361
v -64.4 		-2.052 		165.6
v -65.173 		-1.93 		165.6
v -62.02 		-0.323 		165.6
v -62.375 		-1.021 		165.6
v 75.588 		-4.05 		5.662
v -62.929 		-1.575 		165.6
v -63.627 		-1.93 		165.6
v 15.532 		-11.426 		164.378
v -2.357 		3.55 		7.157
v -66.78 		1.223 		165.6
v -66.425 		1.921 		165.6
v -65.871 		2.475 		165.6
v 81 		-11.65 		1.7
v -66.902 		0.45 		165.6
v -2.955 		3.55 		6.875
v 81 		-13.85 		1.7
v -65.871 		-1.575 		165.6
v 81.2 		-13.85 		1.7
v -66.425 		-1.021 		165.6
v -66.78 		-0.323 		165.6
v 71.445 		-3.717 		5.72
v 10.731 		-11.524 		164.384
v -4.513 		3.55 		5.662
v -5.113 		3.55 		4.875
v -54.981 		-11.837 		164.067
v 6.099 		-11.65 		163.9
v 6.1 		-11.15 		164
v -65.173 		-1.93 		164
v -64.4 		-2.052 		164
v -62.02 		-0.323 		164
v -62.375 		-1.021 		164
v -62.929 		-1.575 		164
v -63.627 		-1.93 		164
v 7.325 		-11.803 		164.179
v 81.1 		11.95 		164
v 6.094 		-11.726 		164.279
v 70.6 		9.45 		164
v 65.871 		2.475 		164
v 66.903 		0.45 		164
v 66.425 		1.921 		164
v -5.708 		3.55 		3.7
v 66.78 		1.223 		164
v -5.986 		3.55 		2.75
v -6.1 		3.55 		1.6
v 6.088 		-11.551 		164.377
v 81 		-13.85 		163.9
v 81.2 		-13.85 		163.9
v 81 		-11.65 		163.9
v 6.097 		-11.206 		164.179
v -58.936 		-11.681 		164.319
v 6.089 		-11.391 		164.361
v -62.645 		-11.46 		164.384
v -64.329 		-11.69 		164.312
v -61.86 		-11.561 		164.381
v 6.099 		-11.837 		163.9
v -61.04 		-11.405 		164.367
v -0.599 		-6.716 		7.579
v -59.654 		-11.391 		164.363
v -0.411 		-6.903 		7.577
v -60.694 		-11.385 		164.359
v -3.675 		-1.583 		6.419
v -5.144 		-6.716 		4.845
v 0.138 		9.223 		163.776
v -54.6 		10.64 		162.81
v -0.599 		-1.583 		7.579
v -1.258 		-1.583 		7.487
v -3.119 		-1.583 		6.785
v 1.212 		6.807 		161.596
v 1.696 		6.45 		161.46
v 0.236 		6.55 		161.019
v -5.958 		-4.15 		2.854
v -5.792 		-1.583 		3.498
v 6.064 		3.45 		163.34
v 5.905 		3.45 		162.53
v 5.593 		3.45 		161.591
v 5.113 		3.45 		160.725
v 4.513 		3.45 		159.938
v 2.357 		3.45 		158.443
v 2.157 		3.55 		158.443
v 2.058 		4.244 		159.178
v 0.43 		3.45 		158.011
v 0.23 		3.55 		158.011
v 4.039 		3.45 		159.477
v -81.216 		-11.171 		139.119
v -81.351 		-11.239 		139.119
v 5.928 		-6.816 		162.582
v -81.428 		-11.754 		138.939
v 5.792 		-6.816 		162.102
v 4.754 		-6.816 		160.216
v 5.473 		-1.683 		161.334
v 3.675 		-6.816 		159.182
v 3.119 		-4.25 		158.815
v 0.599 		-1.683 		158.021
v 1.258 		-1.683 		158.113
v 0.397 		-1.537 		158.021
v 5.759 		-11.65 		162.025
v 5.965 		-11.65 		162.744
v -81.2 		-11.164 		137.681
v 0.142 		-11.65 		158.01
v 1.583 		-11.65 		158.188
v 2.217 		-11.65 		158.388
v 3.935 		-11.65 		159.389
v 5.353 		-11.65 		161.114
v 81.1 		7.953 		131.003
v 81.1 		-6.052 		131.003
v -81.462 		-11.391 		138.041
v 81.3538 		-11.1672 		129.5569
v 81.49 		-11.534 		129.053
v 81.3289 		-11.1583 		126.976
v 81.49 		-11.4 		130.491
v -81.2 		-11.918 		135.419
v -81.464 		-11.395 		135.524
v 81.3188 		-11.1554 		124.928
v 81.35 		-11.158 		125.779
v 81.352 		-11.158 		126.532
v -81.38 		-11.815 		134.807
v 81.44 		-11.24 		126.177
v -81.351 		-11.239 		133.367
v 81.3086 		-11.1525 		122.88
v -81.395 		-11.786 		133.223
v 81.498 		-11.467 		123.3
v 81.3035 		-11.151 		121.856
v -81.462 		-11.391 		132.288
v 81.45 		-11.273 		122.761
v -54.6 		10.65 		162.8
v -54.6 		10.66 		162.8
v 70.887 		-3.717 		4.029
v -70.6 		9.431 		164
v -73.728 		11.95 		164
v -66.425 		1.921 		164
v -66.78 		1.223 		164
v -65.871 		2.475 		164
v 66.78 		-0.323 		1.6
v 66.425 		-1.021 		1.6
v 65.871 		-1.575 		1.6
v -66.902 		0.45 		164
v -81.1 		11.95 		164
v -81.1 		13.85 		164
v -81.3 		13.85 		164
v 72.063 		-11.55 		6.941
v -65.871 		-1.575 		164
v 72.542 		-11.55 		7.679
v -66.425 		-1.021 		164
v -66.78 		-0.323 		164
v 72.742 		-11.65 		7.679
v 72.263 		-11.65 		6.941
v 72.258 		-11.55 		6.931
v 72.743 		-11.55 		7.68
v -69.362 		-11.849 		164.001
v 71.551 		-11.55 		5.967
v -66.411 		-11.525 		164.378
v 70.904 		-11.55 		4.097
v 71.079 		-11.55 		4.734
v 71.751 		-11.65 		5.967
v 71.279 		-11.65 		4.734
v 71.104 		-11.65 		4.097
v 71.104 		-11.55 		4.096
v 71.284 		-11.55 		4.747
v -68.365 		-11.52 		164.39
v 71.75 		-11.55 		5.964
v 70.83 		-11.65 		2.36
v 70.63 		-11.55 		2.36
v 70.833 		-11.55 		2.381
v -67.205 		-11.682 		164.315
v 70.6 		-11.05 		1.6
v 70.6 		-11.15 		1.6
v -67.924 		-11.798 		164.195
v 70.6 		-11.15 		1.598
v -70.6 		-11.15 		164
v 70.6 		-11.19 		1.433
v -1.056 		-11.65 		7.476
v -2.093 		-11.65 		7.178
v -3.735 		-11.65 		6.211
v 70.8 		-11.65 		1.7
v -2.293 		-11.55 		7.178
v -3.935 		-11.55 		6.211
v -2.101 		-11.55 		7.175
v 70.6 		-11.55 		1.7
v 70.801 		-11.55 		1.7
v 70.6 		-11.837 		1.7
v -3.732 		-11.55 		6.213
v -2.091 		-11.55 		7.179
v 70.6 		-11.814 		1.435
v -1.256 		-11.55 		7.476
v 70.6 		-11.687 		1.278
v 70.6 		-11.464 		1.21
v -1.042 		-11.55 		7.478
v 66.286 		-11.771 		1.372
v -70.6 		-11.173 		164.133
v -70.6 		-11.262 		164.276
v 67.924 		-11.224 		1.399
v 66.061 		-11.384 		1.24
v -70.6 		-11.65 		163.9
v -70.6 		-11.837 		163.9
v -70.6 		-11.727 		164.286
v 67.724 		-11.713 		1.3
v -70.6 		-11.81 		164.154
v 62.375 		1.921 		1.6
v 62.929 		2.475 		1.6
v 63.627 		2.83 		1.6
v 64.4 		2.953 		1.6
v -70.6 		-11.57 		164.381
v 65.173 		2.83 		1.6
v 61.898 		0.45 		1.6
v 62.02 		1.223 		1.6
v -70.6 		-11.459 		164.388
v -81 		-11.65 		163.9
v 65.173 		-1.93 		1.6
v 64.4 		-2.052 		1.6
v 63.627 		-1.93 		1.6
v 62.929 		-1.575 		1.6
v 62.375 		-1.021 		1.6
v 62.02 		-0.323 		1.6
v -4.44 		-11.65 		5.506
v -5.188 		-11.65 		4.41
v -4.64 		-11.55 		5.506
v 62.172 		-11.164 		1.5
v -4.446 		-11.55 		5.498
v -5.388 		-11.55 		4.41
v 61.659 		-11.584 		1.232
v -5.183 		-11.55 		4.419
v 62.172 		-11.357 		1.254
v -5.59 		-11.65 		3.498
v -5.79 		-11.55 		3.498
v -5.59 		-11.55 		3.498
v 59.095 		-11.846 		1.583
v 60.733 		-11.171 		1.484
v -5.868 		-11.65 		2.198
v -6.068 		-11.55 		2.198
v -5.866 		-11.55 		2.208
v 59.23 		-11.461 		1.218
v -69.632 		11.95 		162.8
v -81.1 		-11.15 		131.933
v -6.099 		-11.15 		1.6
v -77.127 		11.85 		6.575
v -6.097 		-11.204 		1.424
v -6.1 		-11.05 		1.6
v -77.327 		11.95 		6.575
v -77.328 		11.85 		6.58
v -70.669 		11.85 		162.8
v -75.729 		8.75 		7.991
v -74.962 		8.75 		6.288
v -70.869 		11.95 		162.8
v -74.873 		8.75 		6.575
v -70.877 		11.85 		162.768
v 66.78 		-0.323 		164
v 66.425 		-1.021 		164
v 65.871 		-1.575 		164
v 70.6 		-11.15 		164
v -75.988 		8.205 		8.041
v -77.091 		8.65 		6.429
v -77.145 		8.65 		6.725
v 70.6 		-11.26 		164.272
v 70.8 		-11.55 		163.9
v 70.8 		-11.65 		163.9
v 70.6 		-11.55 		163.9
v 70.6 		-11.837 		163.9
v 70.041 		-11.381 		164.349
v -75.455 		11.95 		5.732
v -75.218 		11.95 		5.918
v 70.6 		-11.738 		164.277
v 69.933 		-11.374 		164.356
v 70.046 		-11.381 		164.349
v -76.15 		11.85 		5.577
v -76.083 		10.91 		5.566
v 70.6 		-11.38 		164.354
v -76.545 		11.85 		5.732
v -76.836 		11.85 		5.971
v -77.036 		11.95 		5.971
v -76.745 		11.95 		5.732
v 67.364 		-11.762 		164.242
v -77.04 		11.85 		5.979
v -76.745 		11.85 		5.732
v -6.097 		-11.204 		1.424
v -76.399 		11.95 		5.586
v -76.247 		11.85 		5.56
v -75.331 		8.75 		5.818
v -75.118 		8.75 		6.031
v -5.899 		-11.65 		1.7
v -6.099 		-11.55 		1.7
v -5.898 		-11.55 		1.7
v -6.099 		-11.837 		1.7
v -81 		-11.937 		131.933
v -70.869 		11.85 		162.8
v -81.2 		-11.837 		131.933
v -70.669 		10.629 		162.8
v -70.671 		10.64 		162.789
v -70.669 		10.65 		162.8
v -81.363 		-11.813 		131.271
v -70.669 		10.628 		162.801
v -81.2 		-11.903 		131.475
v -70.668 		10.64 		162.81
v -71.379 		11.85 		160.037
v -81.1 		7.953 		131.003
v -71.579 		11.95 		160.037
v -71.578 		11.85 		160.04
v -81.1 		-6.052 		131.003
v -71.945 		11.95 		159.237
v -72.493 		11.95 		158.283
v -81.481 		-11.433 		129.053
v -73.675 		11.85 		156.575
v -72.293 		11.85 		158.283
v -72.491 		11.85 		158.286
v -71.945 		11.85 		159.237
v -81.344 		-11.843 		129.106
v -71.278 		4.017 		160.294
v -81.264 		-11.187 		130.491
v -75.455 		11.95 		159.868
v -75.957 		11.85 		160.03
v -76.481 		11.85 		159.907
v -81.2 		-11.164 		128.334
v -76.125 		11.85 		160.027
v -76.681 		11.95 		159.907
v -76.325 		11.95 		160.027
v -75.875 		9.139 		5.574
v -76.678 		11.85 		159.907
v -75.864 		8.75 		5.577
v -76.325 		11.85 		160.027
v -76.664 		8.65 		159.775
v -6.099 		-11.829 		1.496
v -81.1 		11.95 		1.6
v -81.1 		13.85 		1.6
v -81.3 		13.85 		1.6
v 66.286 		-11.596 		164.365
v 67.924 		-11.313 		164.32
v 66.286 		-11.464 		164.385
v 69.168 		-11.399 		164.369
v -75.588 		5.55 		7.938
v -75.164 		5.55 		7.629
v 57.857 		-11.253 		1.338
v 76.545 		11.95 		159.868
v 75.455 		11.85 		159.868
v 54.981 		-11.201 		1.405
v 53.703 		-11.678 		1.276
v 54.781 		-11.837 		1.533
v 56.419 		-11.428 		1.23
v -6.089 		-11.39 		1.239
v 75.255 		11.95 		159.868
v 75.251 		11.85 		159.865
v 75.893 		11.85 		160.049
v 75.9 		11.95 		160.05
v 76.001 		11.85 		160.022
v 53.343 		-11.846 		1.583
v 54.686 		-11.471 		1.215
v -6.088 		-11.597 		1.232
v -81.323 		-11.22 		127.615
v 81.3 		-11.15 		121.15
v 81.375 		-11.165 		49.935
v -7.525 		-11.837 		1.516
v 81.1 		7.953 		34.998
v -81.44 		-11.759 		127.615
v -81.286 		-11.847 		127.048
v 81.437 		-11.645 		121.683
v -10.92 		-11.168 		1.492
v -10.201 		-11.266 		1.328
v 81.41 		-11.688 		46.614
v -81.404 		-11.799 		127.04
v -10.581 		-11.58 		1.226
v -8.963 		-11.787 		1.392
v 81.369 		-11.163 		46.796
v 81.393 		-11.181 		119.705
v 81.498 		-11.467 		120.424
v -81.216 		-11.171 		126.177
v -14.715 		-11.846 		1.583
v 81.462 		-11.291 		41.94
v -16.153 		-11.76 		1.349
v -15.017 		-11.36 		1.253
v -13.277 		-11.671 		1.272
v -81.311 		-11.848 		126.728
v 81.323 		-11.779 		44.457
v 81.377 		-11.738 		42.3
v -81.301 		-11.849 		126.177
v 81.312 		-11.152 		43.411
v -17.898 		7.953 		1.6
v -17.898 		-6.052 		1.6
v -81.422 		-11.781 		126.691
v -19.029 		-11.837 		1.516
v -17.391 		-11.301 		1.292
v -17.391 		-11.603 		1.24
v -20.97 		-11.413 		1.231
v -81.422 		-11.787 		124.739
v -81.326 		-11.846 		124.019
v -17.85 		-11.588 		1.228
v -17.591 		-11.594 		1.235
v -81.264 		-11.187 		123.3
v -27.467 		-11.15 		1.6
v -25.501 		-11.847 		1.591
v -24.704 		-11.664 		1.267
v -27.458 		-11.276 		1.314
v -81.481 		-11.433 		120.424
v -81.495 		-11.499 		121.862
v -24.582 		-11.164 		1.5
v -81.32 		-11.847 		119.612
v -29.096 		-11.837 		1.533
v -32.454 		-11.448 		1.225
v -32.311 		-11.216 		1.414
v -30.334 		-11.213 		1.392
v -76.123 		8.65 		160.018
v 81.174 		-11.839 		118.268
v -75.588 		8.75 		159.938
v 81.494 		-11.42 		117.189
v 81.406 		-11.686 		117.548
v -74.864 		11.95 		158.725
v -75.094 		11.95 		159.495
v -75.224 		11.95 		157.924
v -74.962 		11.95 		158.288
v 81.1 		-6.052 		34.998
v -77.145 		11.85 		158.875
v 81.135 		-11.839 		40.561
v 81.402 		-11.201 		36.907
v -77.168 		11.95 		159.446
v 81.233 		-11.826 		36.907
v -77.345 		11.95 		158.875
v -76.968 		11.85 		159.446
v -76.978 		11.85 		159.685
v -77.167 		11.85 		159.448
v -77.344 		11.85 		158.879
v -77.238 		11.95 		158.288
v 81.46 		-11.612 		37.626
v -77.238 		11.85 		158.288
v -77.038 		11.85 		158.288
v 81.351 		-11.76 		40.861
v -74.873 		8.75 		159.025
v -75.455 		8.75 		157.732
v -75.218 		8.75 		157.918
v -74.909 		8.75 		158.429
v 81.371 		-11.163 		39.345
v -74.857 		5.55 		6.838
v 81.1 		-11.05 		33.667
v 81.4 		-11.713 		36.547
v 81.498 		-11.467 		36.547
v -77.049 		5.45 		7.276
v -76.669 		5.45 		7.782
v -76.269 		5.45 		7.983
v 81.1 		7.953 		100.998
v -76.318 		4.689 		5.637
v -76.882 		5.45 		6.031
v -75.732 		5.55 		5.617
v -76.247 		6.137 		5.604
v 81.117 		-11.846 		113.234
v 81.42 		-11.686 		112.874
v -75.032 		2.35 		6.155
v -75.271 		2.35 		7.736
v -74.993 		2.35 		7.381
v -74.886 		2.35 		7.099
v 75.331 		8.65 		159.782
v 53.077 		-11.457 		1.218
v 75.982 		10.177 		160.038
v 52.085 		-11.371 		1.244
v 77.091 		11.95 		159.171
v 76.875 		11.95 		158.036
v 77.098 		11.95 		158.466
v 49.233 		-11.15 		1.6
v 49.229 		-11.253 		1.338
v 74.709 		11.95 		159.171
v 74.708 		11.85 		159.162
v 74.909 		11.85 		159.171
v 81.351 		-11.76 		111.796
v 81.1 		-11.05 		110.367
v 75.017 		11.85 		158.189
v 75.304 		11.85 		157.845
v 74.817 		11.95 		158.189
v 75.104 		11.95 		157.845
v 75.105 		11.85 		157.844
v 81 		-11.837 		110.366
v 74.814 		11.85 		158.197
v 77.091 		8.75 		159.171
v 77.038 		8.75 		158.288
v 76.67 		8.75 		157.818
v 74.855 		8.65 		158.725
v 74.909 		8.65 		158.429
v 50.486 		-11.495 		1.212
v 76.408 		11.95 		157.671
v 76.087 		11.85 		157.584
v 48.103 		7.953 		1.6
v 48.103 		-6.052 		1.6
v 49.033 		-11.837 		1.7
v 48.51 		-11.404 		1.237
v 47.591 		-11.713 		1.3
v 81.363 		-11.748 		107.841
v 47.591 		-11.846 		1.583
v -74.909 		2.35 		6.429
v 46.353 		-11.198 		1.432
v -75.729 		2.35 		7.991
v 46.153 		-11.793 		1.408
v -77.091 		2.25 		6.429
v -76.875 		2.25 		7.564
v -76.545 		2.25 		7.868
v 81.498 		-11.467 		33.671
v -76.025 		0.382 		8.035
v 81.1 		9.55 		24.576
v -75.218 		2.35 		5.918
v -77.117 		8.65 		159.004
v -72.939 		-11.65 		8.207
v 81.1 		0.45 		21.003
v 81.1 		1.921 		20.525
v -81.1 		-0.323 		16.12
v 81.1 		1.223 		20.88
v 81.1 		2.475 		19.971
v 81.1 		1.921 		16.475
v 81.1 		2.83 		19.273
v 81.1 		2.953 		18.5
v 81.1 		2.83 		17.727
v 81.1 		2.475 		17.029
v -77.394 		-3.817 		11.422
v -75.732 		11.95 		157.617
v -73.875 		11.95 		156.575
v -74.865 		11.95 		155.703
v -73.869 		11.85 		156.581
v -81.498 		-11.567 		116.11
v -74.868 		11.85 		155.701
v -74.665 		11.85 		155.703
v -81.411 		-11.8 		118.267
v 81.491 		-11.374 		106.763
v -47.903 		7.953 		1.6
v 81.1 		-6.052 		100.998
v -34.648 		-11.164 		1.5
v 81.215 		-11.822 		105.145
v 81.42 		-11.213 		106.044
v -34.458 		-11.498 		1.225
v -34.129 		-11.732 		1.329
v -34.648 		-11.34 		1.26
v 81.493 		-11.416 		104.246
v -35.968 		-11.576 		1.233
v 81.3 		-11.143 		100.743
v 81.3 		-11.134 		101.924
v 81.469 		-11.301 		101.01
v 81.483 		-11.532 		31.154
v 81.273 		-11.801 		31.334
v 81.443 		-11.248 		30.076
v 81.49 		-11.534 		29.357
v 81.3 		-11.15 		31.108
v -76.306 		11.85 		157.624
v 81.307 		-11.151 		99.865
v -76.054 		11.85 		157.572
v -76.506 		11.95 		157.624
v -76.175 		11.95 		157.555
v 81.3 		-11.114 		99.622
v -76.513 		11.85 		157.627
v -76.177 		11.85 		157.556
v 81.442 		-11.264 		98.314
v -76.041 		2.383 		160.028
v -76.664 		2.25 		159.775
v -75.657 		5.55 		159.969
v -75.949 		6.224 		160.029
v 81.1 		9.55 		82.8
v -75.363 		2.35 		159.802
v 75.975 		11.95 		157.555
v 75.97 		11.85 		157.555
v 74.164 		11.95 		156.132
v -75.125 		5.55 		159.564
v 76.125 		8.75 		157.573
v -74.85 		5.55 		158.8
v -75.056 		5.55 		158.125
v 75.333 		0.65 		159.779
v 76.158 		2.754 		160.017
v 76.412 		5.55 		159.938
v 76.09 		7.123 		160.027
v -76.669 		5.45 		157.818
v -77.127 		5.45 		158.575
v 76.669 		5.55 		159.783
v -76.882 		5.45 		159.569
v -75.956 		6.64 		157.57
v -74.962 		2.35 		159.312
v 77.15 		5.55 		158.8
v 76.545 		5.55 		157.732
v -36.772 		-11.566 		1.225
v 44.996 		-11.595 		1.233
v -81.1 		7.953 		100.998
v 42.558 		-11.711 		1.303
v -36.086 		-11.276 		1.314
v -81.2 		-11.923 		114.153
v -81.376 		-11.262 		114.672
v 42.17 		-11.467 		1.221
v 44.61 		-11.588 		1.23
v -81.4 		-11.813 		114.672
v -81.317 		-11.845 		114.621
v 43.344 		-11.477 		1.221
v -38.45 		-11.837 		1.7
v 75.071 		5.45 		159.51
v 74.891 		5.45 		159.098
v -37.724 		-11.793 		1.408
v 74.962 		5.45 		158.288
v -37.724 		-11.849 		1.599
v -37.524 		-11.373 		1.249
v 73.834 		4.117 		156.42
v 77.053 		3.95 		159.278
v 76.968 		2.35 		159.446
v 77.076 		2.35 		158.394
v -40.58 		-11.519 		1.231
v -39.162 		-11.647 		1.263
v 76.882 		2.35 		158.031
v 75.331 		2.25 		157.818
v -40.143 		-11.535 		1.223
v -47.903 		-6.052 		1.6
v 81.442 		-11.267 		27.739
v 81.461 		-11.613 		27.919
v 75.641 		1.45 		157.643
v 75.966 		1.742 		157.566
v -77.069 		3.85 		158.357
v 75.959 		0.832 		157.563
v -77.091 		2.25 		159.171
v 70.67 		10.65 		162.8
v 71.053 		11.95 		160.972
v 70.669 		11.95 		162.8
v 70.767 		11.95 		162.147
v -81.36 		-11.836 		111.851
v -81.1 		-11.15 		110.367
v -75.588 		2.35 		157.662
v -81.355 		-11.248 		109.999
v -81.47 		-11.698 		110.358
v -76.933 		11.95 		154.454
v -76.733 		11.85 		154.454
v -76.927 		11.85 		154.457
v -81.2 		-11.837 		110.366
v -76.948 		11.85 		154.449
v -79.016 		11.95 		153.754
v -81 		-11.937 		110.366
v -78.816 		11.85 		153.754
v -79.01 		11.85 		153.756
v -80.1 		11.95 		153.569
v -79.9 		10.65 		153.569
v -79.9 		11.85 		153.569
v -80.1 		11.85 		153.569
v 77.287 		3.55 		87.43
v 79.353 		3.55 		88.523
v 80.605 		3.55 		88.777
v 76.635 		3.55 		86.798
v 81.1 		3.55 		88.8
v -81.1 		9.45 		153.5
v 78.101 		3.55 		87.994
v 81.443 		-11.651 		26.121
v 81.49 		-11.534 		25.043
v 76.038 		3.55 		86.009
v 75.578 		3.55 		85.132
v 75.175 		3.55 		83.705
v 81.1 		-0.323 		20.88
v 81.1 		-1.021 		20.525
v 75.12 		3.55 		82.47
v 81.1 		-1.93 		17.727
v 81.1 		-1.575 		17.029
v 81.1 		-2.052 		18.5
v 81.1 		-1.93 		19.273
v 81.1 		-1.021 		16.475
v 81.1 		-1.575 		19.971
v 81.483 		-11.52 		22.346
v 81.491 		-11.365 		23.605
v 81.3 		-11.15 		20.48
v 81.3 		-11.129 		24.234
v 81.372 		-11.17 		22.346
v 81.327 		-11.155 		20.786
v -81.323 		-11.22 		14.976
v -81.474 		-11.682 		14.976
v 39.681 		-11.847 		1.591
v 39.567 		-11.471 		1.217
v -81.321 		-11.842 		108.05
v 81.486 		-11.55 		17.133
v 37.524 		-11.709 		1.305
v 81.458 		-11.625 		18.931
v -81.354 		-11.84 		15.132
v 81.159 		-11.841 		18.571
v 34.848 		-11.208 		1.419
v 36.286 		-11.276 		1.314
v -81.495 		-11.499 		107.482
v -81.336 		-11.824 		107.378
v 79.9 		10.75 		12.031
v 81.1 		9.55 		12.1
v 78.816 		11.95 		11.846
v 79.9 		11.95 		12.031
v 35.367 		-11.671 		1.273
v 77.551 		11.95 		11.47
v 35.99 		-11.523 		1.212
v 75.757 		11.95 		10.639
v 81.1 		0.45 		15.998
v 81.1 		1.223 		16.12
v -81.1 		-6.052 		100.998
v 81.24 		-11.079 		97.775
v 75.22 		4.117 		10.299
v 81.49 		-11.383 		97.415
v 81.328 		-11.155 		97.275
v 35.001 		-11.441 		1.229
v 76.775 		4.117 		11.168
v -81.394 		-11.789 		12.69
v 33.21 		-11.787 		1.392
v 81.37 		-11.735 		96.786
v -81.2 		-11.886 		12.717
v -44.715 		-11.183 		1.452
v -44.715 		-11.276 		1.314
v 72.777 		11.95 		157.615
v 72.061 		11.95 		158.657
v 71.745 		11.95 		159.237
v 34.599 		-11.441 		1.227
v 73.675 		11.95 		9.025
v 73.52 		4.117 		8.866
v 81.067 		-11.849 		95.977
v -74.325 		-11.65 		9.619
v 81.3 		-11.115 		95.435
v -75.2 		-11.65 		10.286
v -75.949 		-11.65 		10.749
v -77.137 		-11.65 		11.324
v 77.091 		11.95 		6.429
v 76.412 		11.95 		7.938
v 77.143 		11.95 		6.838
v -78.389 		-11.65 		11.744
v -78.817 		-11.65 		11.849
v 76.696 		11.95 		7.756
v -81.1 		-11.15 		12.1
v 75.136 		11.95 		7.775
v 70.751 		4.117 		162.226
v 74.771 		11.95 		7.308
v 73.369 		4.117 		156.899
v -79.902 		-11.65 		12.029
v 72.931 		4.117 		157.404
v 75.336 		11.85 		7.775
v 75.712 		11.85 		7.981
v -81 		-11.65 		12.1
v 79.9 		11.95 		153.569
v 79.9 		10.75 		153.569
v -81.497 		-11.6 		12.1
v 74.971 		11.85 		7.308
v 75.141 		11.85 		7.778
v -81.42 		-11.313 		12.1
v 79.031 		11.95 		153.706
v 81.1 		9.55 		153.5
v 77.965 		11.95 		153.981
v -81.2 		-11.837 		12.1
v 74.769 		11.85 		7.304
v -81 		-11.937 		12.1
v -81.2 		-11.918 		105.979
v -81.2 		-11.927 		106.166
v -81.364 		-11.842 		12.1
v 75.534 		11.85 		7.992
v 75.525 		11.85 		7.989
v -81.267 		-11.849 		12.1
v 74.971 		11.85 		6.292
v -81.2 		-11.933 		12.1
v 74.857 		11.85 		6.762
v -81.067 		-11.949 		12.1
v 81.488 		-11.374 		95.078
v 81.408 		-11.201 		94.539
v 74.657 		11.95 		6.762
v 74.771 		11.95 		6.292
v 74.769 		11.85 		6.3
v -65.871 		-1.575 		1.6
v -66.425 		-1.021 		1.6
v -66.78 		-0.323 		1.6
v -42.039 		-11.687 		1.278
v -43.328 		-11.651 		1.265
v -71.376 		-11.65 		5.563
v -71.847 		-11.65 		6.557
v -71.017 		-11.65 		4.523
v 77.137 		11.95 		154.279
v 76.241 		11.95 		154.699
v -72.414 		-11.65 		7.5
v 75.201 		11.95 		155.316
v -43.697 		-11.648 		1.264
v 77.814 		4.117 		154.03
v 80.099 		4.117 		153.554
v -67.924 		-11.798 		1.405
v -68.969 		-11.381 		1.243
v -68.988 		-11.381 		1.245
v -42.758 		-11.847 		1.591
v 81.1 		2.83 		148.073
v 81.1 		1.223 		149.68
v 81.1 		0.45 		149.803
v 81.1 		1.921 		149.325
v 81.1 		2.475 		148.771
v -67.824 		-11.501 		1.207
v -46.112 		-11.514 		1.218
v 76.541 		-4.05 		159.86
v 75.73 		-4.05 		159.991
v 75.452 		-4.05 		159.866
v 76.151 		-4.05 		160.017
v 77.139 		-0.85 		158.688
v -76.277 		4.017 		154.681
v -81.402 		-11.301 		105.684
v -45.786 		-11.505 		1.215
v -46.052 		-11.513 		1.212
v -66.486 		-11.659 		1.26
v -67.924 		-11.656 		1.265
v 81.217 		-11.831 		90.584
v 81.458 		-11.62 		94.179
v -49.033 		-11.15 		1.6
v 77.995 		-6.716 		87.934
v 76.487 		-6.716 		86.637
v 77.788 		-1.583 		87.795
v 79.844 		-1.583 		88.667
v -49.029 		-11.37 		1.244
v -48.37 		-11.399 		1.233
v 76.707 		-4.15 		86.887
v 75.915 		-6.716 		85.819
v 75.612 		-6.716 		85.226
v 75.236 		-1.583 		84.039
v 75.963 		-1.583 		85.888
v 34.037 		-11.431 		1.228
v 75.121 		-6.716 		83.299
v -57.344 		9.45 		1.6
v 18.098 		7.953 		1.6
v -65.173 		2.83 		1.6
v -64.4 		2.953 		1.6
v -63.627 		2.83 		1.6
v -62.929 		2.475 		1.6
v -61.897 		0.45 		1.6
v -62.375 		1.921 		1.6
v -62.02 		1.223 		1.6
v -77.394 		4.017 		154.178
v -75.22 		4.017 		155.301
v 31.694 		-11.484 		1.211
v -80.654 		4.017 		153.509
v -81.2 		-11.164 		103.167
v -81.481 		-11.433 		103.167
v -81.1 		0.45 		149.803
v -81.1 		1.223 		149.68
v -81.1 		2.83 		148.073
v -81.1 		1.921 		149.325
v -81.1 		2.475 		148.771
v -70.887 		-3.817 		161.571
v 76.729 		-0.85 		157.864
v -71.445 		-3.817 		159.88
v -72.054 		-3.817 		158.692
v -73.082 		-3.817 		157.239
v 75.118 		-0.95 		159.569
v 74.657 		11.85 		6.761
v 76.67 		-4.05 		157.818
v 77.118 		-4.05 		159.023
v 77.127 		-4.05 		158.575
v 77.038 		-4.05 		158.288
v 75.945 		8.552 		8.031
v 76.882 		8.75 		7.569
v 76.902 		-4.05 		159.537
v 75.365 		-4.05 		157.797
v 75.117 		-4.05 		158.033
v 77.038 		8.75 		7.312
v 74.873 		-4.05 		158.575
v 74.909 		-4.05 		159.171
v 74.916 		-4.05 		159.183
v 74.918 		-4.05 		159.184
v 29.096 		-11.231 		1.365
v 31.972 		-11.253 		1.338
v 76.014 		-4.05 		157.57
v 74.962 		8.65 		7.312
v 74.855 		8.65 		6.725
v 74.493 		-11.55 		155.839
v 74.693 		-11.65 		155.839
v 75.588 		8.65 		7.938
v 73.995 		-11.55 		156.272
v 32.692 		-11.471 		1.215
v -81.446 		-11.357 		101.729
v 30.144 		-11.444 		1.231
v 76.481 		11.95 		5.693
v 76.729 		11.95 		5.864
v -81.351 		-11.239 		101.729
v 76.103 		11.85 		5.576
v 29.236 		-11.456 		1.219
v 75.788 		11.85 		5.612
v 29.096 		-11.34 		1.26
v 76.051 		11.95 		5.559
v 74.69 		-11.55 		155.841
v 24.989 		-11.429 		1.23
v 76.049 		11.85 		5.559
v 73.877 		-11.65 		156.577
v 75.218 		11.85 		5.918
v 27.458 		-11.82 		1.469
v 27.466 		-11.837 		1.7
v 72.288 		-3.717 		158.313
v 75.018 		11.95 		5.918
v 75.015 		11.85 		5.922
v 75.024 		11.85 		5.913
v 71.628 		-3.717 		159.474
v 24.941 		-11.678 		1.276
v 75.588 		11.95 		5.612
v 75.581 		11.85 		5.614
v 70.73 		-11.55 		162.366
v 70.93 		-11.55 		162.365
v 70.93 		-11.65 		162.366
v 71.349 		-11.65 		160.657
v 71.464 		-11.55 		159.835
v 71.149 		-11.55 		160.657
v 71.349 		-11.55 		160.658
v 75.729 		8.65 		5.609
v 76.041 		8.855 		5.582
v -50.467 		-11.196 		1.422
v 73.223 		-11.55 		157.057
v 72.294 		-11.55 		158.285
v 71.743 		-11.55 		159.237
v 81.1 		11.95 		1.6
v 73.411 		-11.55 		157.073
v 73.423 		-11.65 		157.057
v -49.366 		-11.601 		1.232
v -55.5 		-11.211 		1.406
v -54.082 		-11.719 		1.313
v -81.49 		-11.634 		98.853
v -55.341 		-11.846 		1.574
v -81.401 		-11.301 		99.213
v -70.671 		-11.65 		2.798
v 75.408 		6.25 		7.837
v -70.6 		-11.15 		1.6
v -70.6 		-11.187 		1.436
v 77.007 		5.55 		6.219
v 77.141 		5.55 		6.649
v -70.6 		-11.65 		1.7
v -70.6 		-11.837 		1.7
v -57.138 		-11.657 		1.263
v -70.6 		-11.527 		1.22
v -70.6 		-11.632 		1.245
v -70.6 		-11.763 		1.353
v -62.02 		-0.323 		1.6
v -62.375 		-1.021 		1.6
v -81.495 		-11.499 		98.853
v -62.929 		-1.575 		1.6
v -63.627 		-1.93 		1.6
v -64.4 		-2.052 		1.6
v -65.173 		-1.93 		1.6
v 72.494 		-11.55 		158.285
v 72.494 		-11.65 		158.285
v -71.079 		-11.65 		160.866
v -70.904 		-11.65 		161.503
v 71.943 		-11.65 		159.237
v -73.081 		-11.65 		157.225
v -70.6 		-11.34 		1.26
v -72.239 		-11.65 		158.38
v -71.551 		-11.65 		159.633
v -70.73 		-11.65 		162.366
v 78.564 		-3.717 		153.818
v 76.574 		-3.717 		154.528
v -70.6 		-11.845 		1.586
v -62.87 		-11.182 		1.462
v -75.04 		-0.85 		6.159
v -76.669 		-0.95 		159.782
v -76.549 		-4.05 		159.865
v -60.199 		-11.363 		1.251
v 81.1 		-1.93 		148.073
v 81.1 		-1.575 		148.771
v -75.459 		-4.05 		159.86
v 81.1 		-1.021 		149.325
v 81.1 		-0.323 		149.68
v -76.01 		-4.05 		160.035
v -75.875 		-4.05 		160.027
v -76.541 		-4.05 		159.87
v 77.966 		-11.55 		153.979
v -76.412 		-0.95 		7.938
v -77.118 		-0.95 		7.023
v 18.098 		-6.052 		1.6
v -74.873 		-0.85 		158.575
v 22.984 		-11.194 		1.434
v 21.905 		-11.45 		1.217
v 22.519 		-11.432 		1.232
v -75.032 		-0.85 		159.446
v 23.041 		-11.45 		1.217
v -81.1 		9.45 		83.968
v 23.83 		-11.45 		1.217
v -75.588 		-4.05 		7.938
v -75.331 		-4.05 		7.782
v -74.87 		-4.05 		6.987
v -74.873 		-4.05 		6.575
v -76.882 		-0.95 		159.569
v -74.962 		-4.05 		7.312
v -74.982 		-4.05 		6.256
v -81.1 		8.999 		83.313
v -80.877 		8.836 		83.371
v -77.039 		-4.05 		6.29
v -76.169 		-4.05 		8.014
v -76.159 		-4.05 		8.016
v -77.016 		-4.05 		7.347
v -81.1 		9.298 		82.953
v -75.915 		-4.05 		8.031
v -81.07 		9.238 		83.01
v -75.331 		-4.05 		157.818
v -75.04 		-4.05 		158.159
v -74.864 		-4.05 		158.725
v -77.127 		-4.05 		7.025
v -75.032 		-4.05 		159.446
v -76.999 		-4.05 		7.363
v -76.806 		-0.95 		5.947
v -81.1 		9.45 		82.8
v -81.071 		9.243 		82.595
v -75.331 		-0.85 		5.818
v -81.1 		9.296 		82.646
v -74.909 		-4.05 		159.171
v -77.091 		-4.05 		159.171
v -77.145 		-4.05 		158.872
v -77.078 		-4.05 		159.19
v -76.88 		-4.05 		158.029
v -75.218 		-4.05 		5.918
v -77.038 		-4.05 		158.288
v -75.729 		-4.05 		5.609
v -76.051 		-1.738 		5.57
v -76.15 		-4.05 		5.584
v -76.661 		-4.05 		5.813
v -75.732 		-4.05 		157.618
v -76.071 		-4.05 		157.566
v -76.483 		-4.05 		157.694
v -81.1 		9.051 		82.344
v -80.808 		8.721 		82.134
v -76.673 		-4.05 		5.822
v -81.1 		8.74 		82.015
v -81 		-11.65 		1.7
v -74.339 		-3.817 		155.982
v -74.667 		-11.65 		155.704
v -73.833 		-11.65 		156.421
v -79.164 		-3.817 		153.697
v -76.526 		3.45 		86.674
v -77.226 		3.45 		87.374
v -79.884 		3.507 		88.611
v -80.07 		3.55 		88.666
v -80.07 		3.472 		88.666
v -81.1 		3.55 		88.778
v -79.87 		3.45 		88.666
v -79.123 		3.507 		88.385
v -79.121 		3.55 		88.384
v -78.921 		3.45 		88.384
v -81.1 		3.45 		88.8
v -81.1 		3.472 		88.778
v -81.1 		-1.93 		148.073
v -81.1 		-1.575 		148.771
v -81.1 		-1.021 		149.325
v -81.1 		-0.323 		149.68
v 78.174 		-11.55 		153.977
v 78.166 		-11.65 		153.979
v -76.535 		-11.65 		154.547
v -75.569 		-11.65 		155.075
v 81.1 		-11.05 		153.5
v -79.032 		-11.65 		153.708
v -77.966 		-11.65 		153.979
v 81.3 		-11.113 		153.5
v 81.3 		-11.15 		153.5
v 81.359 		-11.169 		153.5
v 81 		-11.55 		153.5
v 81 		-11.65 		153.506
v 81 		-11.55 		153.507
v 81 		-11.837 		153.5
v 81.49 		-11.517 		153.5
v 81.481 		-11.333 		153.5
v 81.168 		-11.843 		153.5
v 81.351 		-11.76 		153.5
v 79.877 		-11.55 		153.597
v 79.883 		-11.65 		153.596
v 77.091 		5.55 		7.171
v 79.683 		-11.55 		153.596
v 74.857 		5.45 		6.762
v 74.909 		5.45 		6.429
v -78.232 		3.544 		87.949
v 75.657 		5.45 		7.969
v 75.271 		5.45 		7.736
v -78.032 		3.45 		87.949
v -75.516 		3.45 		84.979
v -75.951 		3.45 		85.868
v -75.12 		3.45 		83.13
v 76.541 		5.55 		5.74
v -75.247 		3.45 		84.112
v 75.875 		5.45 		5.573
v -81.2 		-11.837 		96.256
v 76.124 		5.45 		5.573
v 76.054 		7.267 		5.571
v 76.376 		2.35 		7.949
v -81.351 		-11.239 		95.977
v 76.065 		3.04 		8.038
v -81.2 		-11.166 		95.618
v 23.436 		-11.473 		1.212
v 20.088 		-11.849 		1.591
v -81.167 		-11.937 		95.977
v -81.2 		-11.911 		95.542
v -81.2 		-11.927 		95.606
v 19.908 		-11.683 		1.284
v -61.22 		-11.609 		1.236
v 75.385 		-11.55 		155.194
v 75.585 		-11.65 		155.194
v 75.584 		-11.55 		155.195
v 76.337 		-11.55 		154.643
v -62.274 		-11.599 		1.231
v 77.549 		-11.55 		154.119
v 77.749 		-11.65 		154.119
v 76.537 		-11.65 		154.643
v 77.737 		-11.55 		154.124
v 76.54 		-11.55 		154.642
v 17.346 		-11.476 		1.217
v -63.751 		-11.447 		1.217
v -81.1 		7.953 		65.003
v -81.1 		-6.052 		65.003
v -81.481 		-11.433 		94.539
v -81.294 		-11.838 		94.297
v -81.365 		-11.836 		62.744
v -81.445 		-11.362 		63.152
v -81.46 		-11.712 		62.792
v 0.1 		9.45 		1.6
v -81.216 		-11.171 		60.995
v -81.312 		-11.836 		59.55
v -81.49 		-11.634 		59.556
v 0.05 		9.4 		1.6
v -81.311 		-11.838 		94.127
v 2.051 		5.321 		5.229
v -81.2 		-11.932 		58.837
v -81.2 		-11.928 		58.944
v -81.117 		-11.937 		93.847
v -81.092 		-11.949 		94.179
v 4.925 		3.45 		5.147
v 2.95 		3.45 		6.867
v 1.53 		3.55 		7.363
v 1.713 		3.526 		7.289
v 1.73 		3.45 		7.363
v 1.527 		3.485 		7.364
v 81.424 		-11.678 		150.264
v 81.49 		-11.517 		149.186
v 0.313 		3.55 		7.58
v 81.485 		-11.367 		147.748
v -81.398 		-11.298 		58.118
v 0.511 		3.485 		7.545
v -81.334 		-11.831 		57.725
v 0.513 		3.45 		7.58
v 4.033 		3.45 		6.116
v -81.488 		-11.466 		57.399
v -81.474 		-11.682 		58.118
v 6.041 		3.45 		2.424
v 6.1 		3.45 		1.6
v 0.883 		7.779 		3.072
v -81.286 		-11.837 		92.5
v 5.914 		3.45 		3.072
v -81.267 		-11.846 		92.744
v 5.584 		3.45 		4.006
v -81.46 		-11.71 		92.112
v 9.817 		-11.369 		1.25
v 14.875 		-11.733 		1.323
v -81.2 		-11.933 		91.193
v 9.841 		-11.849 		1.633
v 11.639 		-11.768 		1.364
v 10.858 		-11.539 		1.219
v -81.331 		-11.837 		91.081
v 2.372 		-1.683 		7.151
v 5.275 		-4.25 		4.632
v 4.536 		-6.816 		5.636
v 1.258 		-6.816 		7.487
v -80.834 		-1.683 		88.794
v -79.844 		-6.816 		88.667
v -77.006 		-6.816 		87.178
v -81.359 		-11.816 		55.673
v 75.942 		2.281 		8.038
v 5.816 		-4.25 		3.418
v -81.33 		-11.844 		57.306
v 4.185 		-11.65 		5.991
v 3.674 		-11.65 		6.417
v 2.898 		-11.65 		6.901
v -81.1 		-11.15 		55.233
v 1.9 		-11.65 		7.312
v 5.052 		-11.65 		4.984
v -81.323 		-11.22 		55.242
v 0.681 		-11.65 		7.565
v 5.536 		-11.65 		4.112
v 0.481 		-11.55 		7.565
v -81 		-11.937 		55.234
v -81.2 		-11.837 		55.234
v 5.956 		-11.65 		2.854
v 6.1 		-11.15 		1.6
v 6.097 		-11.196 		1.422
v 6.099 		-11.65 		1.7
v 6.096 		-11.79 		1.396
v -81.47 		-11.698 		53.804
v 6.099 		-11.837 		1.7
v 6.088 		-11.444 		1.217
v 6.088 		-11.542 		1.22
v -81.498 		-11.567 		50.928
v -81.348 		-11.807 		49.252
v -81.415 		-11.787 		51.406
v -0.077 		9.497 		163.953
v -0.091 		9.5 		163.95
v -0.137 		9.493 		163.957
v -81.36 		-11.806 		50.261
v -0.114 		9.499 		163.951
v -0.125 		9.497 		163.953
v -81.49 		-11.483 		49.49
v -81.1 		7.953 		34.998
v -0.178 		9.47 		163.98
v -0.2 		9.45 		164
v -81.461 		-11.713 		45.176
v -81.447 		-11.365 		46.794
v -81.228 		-11.175 		45.445
v -81.498 		-11.567 		48.052
v -81.386 		-11.276 		45.176
v -6.1 		3.55 		164
v -81.483 		-11.667 		48.052
v -6.1 		-11.15 		164
v -6.1 		-11.151 		164.003
v 75.032 		2.25 		7.445
v -6.1 		-11.15 		164.003
v 75.032 		2.25 		6.155
v -6.088 		-11.44 		164.382
v 75.218 		2.25 		7.682
v -6.092 		-11.298 		164.307
v -5.899 		-11.65 		163.9
v -6.099 		-11.55 		163.9
v -5.898 		-11.55 		163.89
v -5.899 		-11.55 		163.9
v -6.099 		-11.837 		163.9
v 75.191 		3.85 		5.944
v -6.096 		-11.791 		164.203
v 75.331 		2.25 		5.818
v -7.325 		-11.262 		164.276
v 72.416 		11.95 		7.499
v 71.953 		11.95 		6.751
v 71.081 		11.95 		4.735
v -7.525 		-11.709 		164.295
v 70.669 		11.95 		2.8
v 70.669 		10.65 		2.8
v 70.6 		9.45 		1.6
v 72.658 		4.117 		7.844
v 71.628 		4.117 		6.126
v 70.718 		4.117 		3.154
v -9.682 		-11.747 		164.262
v 70.624 		4.117 		2.268
v 66.903 		0.45 		1.6
v 65.871 		2.475 		1.6
v 66.425 		1.921 		1.6
v 66.78 		1.223 		1.6
v -9.86 		-11.583 		164.371
v -8.646 		-11.515 		164.387
v 81.1 		-0.323 		16.12
v -9.482 		-11.348 		164.326
v 74.339 		-3.717 		9.618
v 79.107 		-3.717 		11.907
v -11.839 		-11.794 		164.184
v -12.558 		-11.628 		164.354
v -13.796 		-11.168 		164.108
v -14.715 		-11.647 		164.337
v -14.13 		-11.428 		164.372
v -15.953 		-11.45 		164.383
v -20.9 		9.431 		164
v -20.9 		9.45 		164
v -17.898 		7.953 		164
v -28.672 		10.66 		163.979
v -25.4 		10.66 		163.979
v -25.4 		9.551 		163.999
v -25.4 		10.66 		164
v -25.4 		9.55 		164
v -25.2 		9.486 		164
v -25.2 		9.551 		163.999
v -25.2 		9.55 		164
v -28.898 		12.962 		164
v -28.898 		12.962 		164.003
v -30.72 		10.66 		163.979
v -28.898 		10.66 		163.979
v -28.898 		11.95 		164
v -28.898 		11.95 		164.003
v -28.898 		10.66 		164.003
v -28.898 		10.66 		164
v -32.668 		10.66 		163.979
v -28.898 		9.431 		164
v -28.898 		9.486 		164
v -28.898 		9.43 		164.001
v -28.898 		7.953 		164
v -28.898 		7.953 		164.003
v -17.898 		-6.052 		164
v -17.391 		-11.183 		164.148
v -17.289 		-11.442 		164.382
v -18.005 		-11.408 		164.371
v -19.666 		-11.414 		164.365
v -18.829 		-11.412 		164.367
v -20.139 		-11.42 		164.367
v -20.458 		-11.423 		164.368
# 2133 vertices

g group_0_11909273

usemtl color_11909273
s 0

f 10 	2 	11
f 11 	2 	4
f 3 	4 	1
f 6 	3 	1
f 7 	6 	1
f 5 	7 	1
f 10 	9 	2
f 9 	8 	2
f 1 	4 	2
f 26 	14 	18
f 15 	16 	26
f 1 	26 	16
f 5 	1 	16
f 18 	15 	26
f 21 	28 	23
f 28 	21 	19
f 28 	19 	20
f 17 	28 	20
f 8 	24 	2
f 24 	23 	2
f 28 	2 	23
f 13 	26 	17
f 28 	17 	26
f 13 	14 	26
f 1600 	980 	33
f 34 	1600 	33
f 37 	36 	980
f 38 	980 	35
f 38 	37 	980
f 34 	33 	374
f 35 	46 	31
f 374 	1639 	34
f 376 	33 	36
f 36 	37 	376
f 30 	376 	37
f 29 	30 	37
f 29 	37 	38
f 29 	38 	31
f 35 	31 	38
f 25 	57 	2133
f 2132 	2130 	25
f 25 	2133 	2132
f 52 	370 	44
f 45 	142 	47
f 980 	981 	35
f 46 	35 	981
f 40 	39 	45
f 46 	45 	39
f 41 	40 	45
f 41 	45 	47
f 689 	2126 	49
f 47 	48 	41
f 43 	41 	48
f 46 	39 	31
f 52 	44 	48
f 43 	48 	44
f 48 	47 	142
f 64 	57 	59
f 32 	61 	27
f 65 	66 	69
f 68 	63 	72
f 68 	72 	61
f 60 	69 	66
f 68 	61 	32
f 58 	1978 	62
f 65 	69 	70
f 817 	61 	82
f 69 	83 	70
f 72 	82 	61
f 65 	70 	62
f 76 	77 	50
f 63 	79 	72
f 46 	981 	45
f 73 	63 	2133
f 57 	64 	73
f 2133 	57 	73
f 73 	79 	63
f 78 	81 	74
f 49 	50 	77
f 76 	50 	61
f 75 	58 	62
f 74 	71 	1901
f 80 	71 	74
f 74 	81 	80
f 81 	78 	80
f 78 	60 	80
f 71 	80 	60
f 75 	62 	70
f 69 	78 	83
f 83 	75 	70
f 503 	79 	73
f 74 	83 	78
f 74 	86 	83
f 78 	69 	60
f 72 	79 	536
f 72 	536 	82
f 142 	45 	981
f 74 	142 	86
f 86 	95 	87
f 89 	91 	90
f 75 	128 	84
f 128 	75 	83
f 86 	128 	83
f 1 	98 	26
f 96 	26 	98
f 142 	95 	86
f 97 	99 	28
f 99 	97 	98
f 96 	98 	97
f 2 	28 	99
f 99 	98 	101
f 100 	101 	98
f 103 	100 	98
f 105 	106 	101
f 99 	101 	106
f 112 	103 	109
f 109 	126 	108
f 119 	105 	114
f 110 	103 	112
f 111 	103 	110
f 115 	103 	111
f 115 	114 	103
f 126 	109 	103
f 126 	103 	98
f 113 	108 	126
f 107 	113 	126
f 129 	120 	116
f 121 	120 	129
f 129 	106 	122
f 122 	121 	129
f 117 	118 	106
f 118 	122 	106
f 103 	114 	105
f 119 	123 	105
f 106 	105 	123
f 123 	117 	106
f 125 	126 	124
f 107 	126 	125
f 127 	129 	116
f 127 	124 	129
f 126 	129 	124
f 132 	131 	130
f 75 	84 	151
f 102 	128 	104
f 88 	104 	128
f 140 	135 	128
f 102 	140 	128
f 87 	88 	128
f 86 	87 	128
f 75 	151 	58
f 136 	137 	138
f 136 	135 	134
f 136 	134 	137
f 140 	134 	135
f 137 	140 	136
f 138 	135 	136
f 89 	143 	141
f 141 	91 	89
f 141 	191 	91
f 133 	91 	193
f 144 	145 	146
f 144 	147 	145
f 146 	147 	144
f 1968 	2025 	146
f 139 	141 	143
f 194 	196 	143
f 145 	1968 	146
f 147 	42 	145
f 42 	2026 	145
f 146 	248 	147
f 130 	131 	149
f 136 	102 	138
f 136 	140 	102
f 128 	135 	986
f 986 	84 	128
f 131 	161 	149
f 134 	986 	135
f 159 	152 	161
f 152 	149 	161
f 155 	913 	156
f 153 	653 	155
f 154 	653 	153
f 158 	653 	160
f 913 	157 	156
f 162 	163 	154
f 162 	154 	153
f 164 	162 	153
f 164 	153 	155
f 165 	164 	155
f 165 	155 	156
f 166 	165 	156
f 166 	156 	157
f 180 	169 	161
f 159 	161 	169
f 168 	167 	158
f 168 	158 	160
f 154 	163 	168
f 154 	168 	160
f 913 	155 	653
f 171 	1125 	170
f 170 	1125 	172
f 173 	172 	225
f 154 	160 	653
f 171 	170 	176
f 171 	176 	177
f 176 	170 	172
f 176 	172 	178
f 178 	172 	173
f 178 	173 	179
f 181 	179 	173
f 181 	173 	174
f 182 	181 	174
f 182 	174 	175
f 175 	158 	182
f 167 	182 	158
f 130 	184 	132
f 188 	132 	184
f 184 	2 	188
f 143 	148 	190
f 143 	190 	139
f 185 	187 	186
f 191 	1615 	193
f 91 	191 	193
f 192 	183 	189
f 148 	195 	190
f 183 	198 	210
f 148 	143 	196
f 195 	148 	196
f 200 	196 	194
f 183 	202 	198
f 183 	192 	202
f 195 	196 	199
f 194 	197 	200
f 225 	183 	210
f 199 	196 	200
f 207 	213 	203
f 203 	213 	199
f 200 	197 	205
f 201 	202 	192
f 201 	198 	202
f 203 	199 	200
f 200 	205 	203
f 195 	199 	213
f 197 	204 	205
f 1660 	1662 	204
f 187 	185 	211
f 204 	209 	205
f 201 	187 	211
f 187 	201 	192
f 213 	214 	195
f 204 	208 	209
f 207 	205 	209
f 207 	203 	205
f 218 	209 	208
f 209 	218 	207
f 206 	139 	190
f 201 	211 	212
f 219 	249 	195
f 214 	219 	195
f 217 	215 	216
f 216 	218 	217
f 208 	217 	218
f 1668 	215 	217
f 213 	218 	216
f 216 	214 	213
f 218 	213 	207
f 249 	250 	195
f 221 	222 	220
f 221 	219 	222
f 220 	222 	215
f 222 	223 	215
f 216 	215 	223
f 223 	222 	219
f 214 	216 	223
f 212 	210 	198
f 214 	223 	219
f 249 	219 	221
f 225 	654 	174
f 201 	212 	198
f 174 	173 	225
f 175 	174 	654
f 226 	225 	210
f 232 	233 	2043
f 271 	94 	92
f 236 	267 	93
f 228 	240 	231
f 228 	227 	240
f 281 	233 	232
f 645 	237 	644
f 238 	246 	247
f 246 	238 	234
f 1226 	644 	1367
f 1542 	1367 	1422
f 146 	144 	248
f 240 	227 	262
f 241 	103 	105
f 229 	230 	239
f 229 	239 	259
f 248 	42 	147
f 239 	230 	238
f 254 	231 	240
f 42 	253 	242
f 262 	227 	229
f 242 	253 	245
f 234 	243 	244
f 245 	22 	242
f 42 	242 	22
f 235 	243 	234
f 22 	245 	150
f 237 	360 	235
f 259 	247 	246
f 259 	239 	247
f 239 	238 	247
f 246 	234 	244
f 257 	258 	195
f 250 	257 	195
f 251 	240 	262
f 251 	254 	240
f 256 	221 	254
f 220 	254 	221
f 252 	256 	251
f 220 	231 	254
f 249 	252 	250
f 254 	251 	256
f 12 	255 	558
f 249 	256 	252
f 245 	253 	255
f 249 	221 	256
f 463 	456 	195
f 258 	463 	195
f 260 	261 	259
f 260 	463 	258
f 258 	261 	260
f 262 	252 	251
f 259 	263 	262
f 261 	263 	259
f 262 	229 	259
f 257 	261 	258
f 252 	262 	263
f 257 	263 	261
f 259 	464 	260
f 260 	468 	463
f 264 	2044 	233
f 264 	285 	236
f 2 	99 	188
f 93 	267 	266
f 106 	274 	99
f 129 	169 	180
f 236 	286 	267
f 268 	266 	267
f 266 	268 	269
f 270 	271 	92
f 272 	92 	266
f 266 	92 	93
f 106 	129 	274
f 188 	99 	274
f 180 	274 	129
f 224 	660 	226
f 226 	210 	212
f 211 	224 	212
f 211 	277 	224
f 276 	280 	275
f 280 	278 	275
f 278 	279 	275
f 159 	276 	275
f 159 	282 	276
f 283 	282 	159
f 284 	283 	159
f 296 	284 	159
f 295 	296 	159
f 268 	267 	286
f 290 	287 	291
f 289 	287 	288
f 294 	304 	289
f 305 	304 	293
f 290 	288 	287
f 291 	287 	292
f 275 	292 	287
f 279 	292 	275
f 281 	285 	264
f 264 	233 	281
f 299 	305 	300
f 300 	305 	293
f 297 	295 	169
f 159 	169 	295
f 294 	293 	304
f 298 	297 	169
f 298 	169 	299
f 2066 	302 	303
f 2065 	273 	270
f 305 	299 	169
f 287 	289 	304
f 270 	302 	2065
f 301 	2066 	303
f 301 	2064 	2066
f 169 	312 	305
f 307 	309 	308
f 310 	308 	309
f 304 	311 	287
f 308 	269 	268
f 308 	92 	272
f 308 	270 	92
f 266 	269 	308
f 266 	308 	272
f 309 	307 	306
f 306 	310 	309
f 308 	303 	302
f 310 	303 	308
f 308 	302 	270
f 306 	303 	310
f 306 	301 	303
f 315 	281 	232
f 320 	286 	236
f 316 	317 	315
f 315 	232 	316
f 287 	311 	313
f 322 	315 	317
f 232 	975 	316
f 281 	315 	285
f 314 	317 	316
f 313 	311 	312
f 315 	320 	285
f 320 	315 	322
f 323 	313 	312
f 314 	902 	319
f 323 	312 	169
f 169 	129 	323
f 320 	236 	285
f 319 	317 	314
f 321 	326 	313
f 322 	324 	320
f 321 	313 	323
f 317 	319 	322
f 324 	325 	320
f 286 	320 	328
f 319 	324 	322
f 328 	320 	325
f 129 	329 	323
f 318 	325 	324
f 126 	313 	326
f 319 	318 	324
f 318 	327 	325
f 318 	307 	327
f 319 	902 	318
f 307 	318 	306
f 325 	327 	328
f 327 	307 	328
f 308 	328 	307
f 328 	268 	286
f 308 	268 	328
f 349 	348 	329
f 341 	265 	331
f 331 	265 	2102
f 341 	342 	265
f 2101 	2121 	330
f 334 	346 	336
f 337 	335 	326
f 126 	326 	333
f 334 	336 	330
f 331 	330 	336
f 339 	337 	326
f 335 	333 	326
f 331 	336 	341
f 340 	339 	326
f 329 	338 	326
f 343 	344 	342
f 345 	336 	346
f 129 	350 	329
f 345 	346 	344
f 345 	344 	343
f 2104 	2115 	344
f 342 	344 	2114
f 338 	329 	347
f 348 	347 	329
f 340 	326 	338
f 2114 	2115 	334
f 334 	2115 	346
f 351 	350 	129
f 263 	250 	252
f 257 	250 	263
f 349 	329 	350
f 332 	126 	333
f 353 	126 	332
f 353 	356 	126
f 355 	126 	356
f 354 	126 	355
f 464 	246 	244
f 352 	129 	357
f 351 	129 	352
f 358 	129 	359
f 359 	129 	354
f 126 	354 	129
f 357 	129 	358
f 368 	369 	362
f 362 	369 	363
f 362 	130 	364
f 362 	364 	365
f 365 	368 	362
f 371 	130 	370
f 370 	130 	44
f 361 	367 	366
f 372 	130 	371
f 373 	130 	372
f 43 	44 	149
f 373 	364 	130
f 375 	380 	374
f 374 	362 	363
f 376 	380 	375
f 30 	380 	376
f 190 	377 	206
f 454 	206 	377
f 31 	380 	29
f 30 	29 	380
f 235 	360 	378
f 149 	381 	40
f 39 	40 	381
f 39 	381 	31
f 41 	149 	40
f 43 	149 	41
f 456 	379 	377
f 130 	149 	44
f 380 	31 	381
f 379 	457 	378
f 362 	374 	380
f 362 	380 	383
f 458 	235 	378
f 384 	381 	149
f 383 	380 	382
f 377 	379 	378
f 377 	378 	454
f 382 	384 	386
f 149 	386 	384
f 383 	382 	386
f 152 	386 	149
f 385 	388 	389
f 383 	385 	389
f 386 	385 	383
f 386 	152 	390
f 543 	403 	397
f 400 	275 	399
f 399 	275 	398
f 395 	275 	400
f 402 	392 	388
f 391 	402 	388
f 389 	388 	392
f 389 	392 	393
f 389 	393 	396
f 398 	389 	396
f 388 	390 	391
f 405 	159 	411
f 406 	159 	405
f 412 	152 	408
f 406 	407 	159
f 409 	410 	390
f 410 	391 	390
f 390 	152 	409
f 412 	409 	152
f 159 	407 	152
f 415 	275 	395
f 413 	275 	415
f 389 	398 	275
f 416 	159 	413
f 416 	411 	159
f 408 	152 	407
f 275 	413 	159
f 362 	417 	418
f 417 	362 	383
f 417 	383 	419
f 383 	389 	419
f 275 	419 	389
f 275 	287 	419
f 313 	419 	287
f 417 	420 	418
f 1 	418 	420
f 1 	420 	98
f 126 	421 	313
f 419 	313 	421
f 420 	421 	98
f 126 	98 	421
f 424 	362 	422
f 425 	362 	424
f 362 	166 	422
f 362 	423 	130
f 427 	130 	426
f 362 	425 	423
f 423 	426 	130
f 177 	130 	428
f 428 	130 	427
f 164 	418 	162
f 162 	418 	163
f 165 	166 	418
f 164 	165 	418
f 362 	418 	166
f 178 	436 	176
f 179 	436 	178
f 181 	436 	179
f 182 	167 	436
f 434 	436 	167
f 177 	176 	130
f 168 	434 	167
f 429 	435 	431
f 430 	429 	431
f 433 	435 	432
f 431 	435 	433
f 181 	182 	436
f 168 	163 	434
f 418 	434 	163
f 130 	176 	436
f 437 	438 	435
f 439 	435 	438
f 434 	418 	440
f 435 	429 	445
f 443 	435 	441
f 443 	432 	435
f 439 	444 	435
f 404 	443 	441
f 442 	440 	685
f 436 	442 	130
f 441 	435 	444
f 445 	446 	435
f 437 	435 	446
f 418 	685 	440
f 446 	447 	437
f 449 	450 	445
f 437 	447 	438
f 446 	445 	450
f 689 	442 	685
f 448 	889 	447
f 55 	453 	569
f 512 	889 	448
f 449 	445 	2094
f 2094 	506 	449
f 448 	447 	446
f 448 	446 	450
f 397 	403 	401
f 387 	394 	378
f 543 	397 	452
f 401 	452 	397
f 394 	452 	378
f 378 	361 	387
f 378 	360 	367
f 378 	367 	361
f 378 	452 	455
f 455 	454 	378
f 190 	195 	377
f 379 	456 	457
f 463 	457 	456
f 458 	378 	457
f 458 	243 	235
f 458 	244 	243
f 470 	454 	455
f 360 	474 	460
f 366 	460 	361
f 452 	401 	455
f 470 	455 	401
f 403 	470 	401
f 460 	366 	367
f 571 	569 	462
f 543 	452 	394
f 360 	460 	367
f 456 	377 	195
f 468 	260 	464
f 467 	472 	466
f 464 	259 	246
f 461 	462 	459
f 471 	462 	461
f 457 	463 	469
f 463 	468 	469
f 471 	472 	462
f 464 	458 	469
f 457 	469 	458
f 468 	464 	469
f 464 	244 	458
f 471 	465 	472
f 237 	645 	360
f 465 	466 	472
f 473 	472 	467
f 474 	361 	460
f 476 	475 	472
f 462 	472 	475
f 403 	543 	544
f 403 	544 	470
f 571 	462 	475
f 453 	451 	569
f 451 	462 	569
f 477 	56 	569
f 56 	55 	569
f 336 	345 	343
f 342 	341 	343
f 336 	343 	341
f 342 	1108 	265
f 51 	477 	478
f 342 	483 	481
f 482 	483 	342
f 479 	484 	1005
f 485 	484 	480
f 479 	480 	484
f 2120 	940 	482
f 483 	482 	940
f 481 	491 	490
f 483 	482 	486
f 482 	487 	486
f 486 	481 	483
f 480 	2113 	2117
f 487 	495 	489
f 1854 	1869 	525
f 487 	489 	490
f 486 	487 	490
f 482 	483 	490
f 483 	481 	490
f 763 	486 	490
f 498 	1002 	491
f 491 	481 	940
f 481 	483 	940
f 763 	490 	491
f 486 	491 	481
f 496 	501 	488
f 1005 	1014 	479
f 488 	489 	496
f 495 	496 	489
f 496 	495 	501
f 487 	2118 	495
f 2125 	685 	495
f 498 	491 	940
f 498 	763 	491
f 486 	764 	491
f 488 	501 	761
f 618 	619 	49
f 527 	494 	497
f 521 	516 	500
f 493 	530 	499
f 438 	447 	889
f 892 	439 	889
f 508 	509 	510
f 511 	510 	509
f 514 	889 	513
f 512 	513 	889
f 508 	510 	1954
f 523 	1954 	510
f 507 	518 	506
f 511 	515 	510
f 511 	516 	517
f 449 	506 	518
f 509 	516 	511
f 450 	449 	518
f 518 	512 	448
f 450 	518 	448
f 1872 	516 	509
f 515 	511 	517
f 521 	517 	516
f 520 	515 	517
f 522 	505 	519
f 517 	521 	520
f 505 	522 	507
f 504 	519 	505
f 514 	522 	519
f 500 	520 	521
f 514 	513 	522
f 499 	520 	500
f 515 	523 	510
f 513 	512 	522
f 518 	507 	522
f 512 	518 	522
f 520 	537 	515
f 79 	503 	536
f 524 	503 	73
f 524 	526 	503
f 64 	524 	73
f 64 	59 	524
f 525 	508 	1954
f 528 	494 	527
f 528 	492 	494
f 528 	493 	492
f 527 	533 	532
f 533 	527 	497
f 497 	53 	533
f 529 	531 	528
f 503 	534 	536
f 536 	535 	82
f 535 	536 	534
f 499 	559 	520
f 530 	559 	499
f 503 	526 	534
f 531 	529 	538
f 538 	530 	493
f 562 	559 	477
f 559 	538 	477
f 533 	53 	478
f 542 	558 	255
f 539 	538 	529
f 527 	532 	539
f 253 	542 	255
f 539 	528 	527
f 529 	528 	539
f 532 	533 	478
f 539 	532 	478
f 538 	493 	528
f 544 	629 	470
f 531 	538 	528
f 387 	361 	543
f 571 	475 	572
f 547 	546 	548
f 540 	548 	67
f 545 	67 	548
f 544 	543 	630
f 545 	548 	546
f 540 	541 	548
f 550 	519 	504
f 561 	889 	553
f 519 	550 	555
f 552 	12 	588
f 551 	563 	556
f 553 	514 	519
f 559 	530 	538
f 551 	556 	554
f 551 	554 	548
f 557 	548 	554
f 547 	548 	557
f 539 	478 	538
f 478 	477 	538
f 562 	520 	559
f 562 	537 	520
f 569 	537 	562
f 519 	555 	561
f 556 	563 	554
f 550 	560 	555
f 565 	560 	1024
f 565 	555 	560
f 569 	515 	537
f 555 	565 	561
f 553 	519 	561
f 558 	542 	568
f 565 	1021 	561
f 1018 	1024 	560
f 564 	523 	515
f 567 	558 	568
f 1021 	565 	1024
f 562 	477 	569
f 553 	889 	514
f 576 	546 	547
f 515 	569 	564
f 583 	593 	558
f 564 	569 	571
f 593 	620 	558
f 590 	563 	551
f 564 	571 	566
f 572 	574 	571
f 572 	575 	574
f 856 	862 	573
f 589 	576 	557
f 574 	580 	577
f 574 	579 	580
f 566 	571 	577
f 574 	577 	571
f 573 	862 	855
f 854 	573 	855
f 557 	576 	547
f 567 	592 	581
f 567 	568 	592
f 581 	558 	567
f 592 	583 	581
f 847 	586 	582
f 586 	847 	585
f 581 	583 	558
f 546 	576 	545
f 558 	578 	12
f 248 	144 	594
f 576 	603 	587
f 557 	554 	589
f 588 	651 	663
f 588 	663 	691
f 591 	603 	576
f 623 	12 	578
f 554 	591 	589
f 592 	542 	253
f 593 	583 	592
f 589 	591 	576
f 568 	542 	592
f 563 	590 	595
f 42 	592 	253
f 42 	248 	592
f 592 	634 	637
f 576 	587 	545
f 597 	554 	563
f 592 	628 	625
f 595 	590 	551
f 101 	1955 	105
f 595 	597 	563
f 596 	241 	600
f 596 	600 	598
f 606 	607 	596
f 598 	606 	596
f 604 	596 	607
f 605 	798 	604
f 601 	800 	798
f 608 	601 	798
f 608 	798 	605
f 604 	108 	605
f 605 	108 	113
f 605 	113 	608
f 608 	113 	601
f 107 	125 	601
f 109 	108 	604
f 111 	110 	606
f 111 	606 	598
f 112 	607 	110
f 606 	110 	607
f 109 	604 	112
f 607 	112 	604
f 115 	600 	114
f 599 	114 	600
f 721 	720 	591
f 600 	115 	111
f 600 	111 	598
f 113 	107 	601
f 2046 	241 	596
f 599 	600 	241
f 591 	720 	603
f 603 	602 	587
f 1583 	669 	588
f 700 	8 	1890
f 1890 	8 	9
f 1890 	9 	1891
f 10 	1891 	9
f 691 	1583 	588
f 593 	592 	625
f 609 	1170 	614
f 592 	652 	634
f 592 	680 	652
f 628 	592 	637
f 534 	526 	615
f 593 	625 	620
f 524 	615 	526
f 622 	535 	534
f 535 	622 	747
f 578 	558 	623
f 776 	616 	617
f 616 	774 	501
f 616 	501 	617
f 502 	617 	501
f 617 	618 	776
f 618 	617 	619
f 617 	502 	619
f 689 	49 	619
f 618 	49 	77
f 621 	622 	615
f 622 	621 	624
f 534 	615 	622
f 615 	524 	825
f 629 	544 	630
f 549 	543 	361
f 549 	626 	543
f 12 	623 	588
f 635 	360 	661
f 474 	549 	361
f 543 	394 	387
f 623 	633 	588
f 627 	647 	454
f 620 	628 	638
f 638 	628 	634
f 628 	620 	625
f 629 	631 	627
f 470 	629 	627
f 632 	626 	549
f 558 	638 	623
f 678 	592 	248
f 630 	631 	629
f 594 	678 	248
f 474 	632 	549
f 626 	630 	543
f 630 	626 	632
f 474 	360 	632
f 588 	633 	651
f 628 	637 	634
f 661 	360 	662
f 360 	635 	632
f 1422 	644 	237
f 633 	623 	651
f 470 	627 	454
f 639 	638 	634
f 558 	620 	638
f 627 	780 	647
f 594 	679 	678
f 636 	632 	635
f 659 	650 	635
f 635 	661 	797
f 636 	631 	630
f 632 	636 	630
f 639 	643 	641
f 652 	643 	634
f 640 	634 	643
f 1422 	1367 	644
f 640 	643 	639
f 642 	641 	643
f 652 	642 	643
f 644 	1226 	385
f 386 	644 	385
f 634 	640 	639
f 641 	638 	639
f 644 	386 	645
f 646 	641 	642
f 641 	646 	638
f 649 	636 	648
f 635 	650 	648
f 225 	717 	654
f 631 	649 	627
f 226 	212 	224
f 636 	649 	631
f 653 	705 	846
f 648 	636 	635
f 846 	913 	653
f 705 	653 	434
f 158 	654 	653
f 646 	642 	655
f 158 	175 	654
f 655 	652 	646
f 436 	434 	653
f 436 	653 	654
f 436 	654 	734
f 651 	623 	682
f 780 	806 	647
f 651 	682 	663
f 650 	659 	672
f 211 	656 	657
f 642 	652 	655
f 647 	806 	454
f 657 	224 	277
f 649 	648 	658
f 656 	675 	657
f 648 	650 	672
f 672 	658 	648
f 659 	635 	797
f 225 	226 	660
f 657 	277 	211
f 360 	809 	662
f 132 	724 	656
f 664 	660 	224
f 224 	657 	664
f 797 	661 	662
f 599 	241 	666
f 666 	241 	665
f 665 	588 	670
f 667 	664 	657
f 114 	599 	666
f 672 	781 	681
f 118 	117 	669
f 670 	669 	117
f 671 	668 	120
f 121 	673 	120
f 671 	120 	673
f 791 	796 	672
f 673 	121 	122
f 673 	122 	674
f 672 	796 	781
f 118 	669 	122
f 674 	122 	669
f 670 	117 	665
f 657 	675 	677
f 676 	677 	675
f 670 	588 	669
f 592 	678 	679
f 682 	646 	652
f 638 	646 	682
f 658 	672 	681
f 680 	682 	652
f 667 	683 	664
f 360 	645 	809
f 682 	623 	638
f 657 	677 	667
f 660 	664 	683
f 682 	680 	701
f 683 	684 	660
f 660 	684 	225
f 682 	686 	691
f 442 	436 	734
f 708 	1602 	679
f 418 	1 	685
f 592 	679 	1602
f 663 	682 	691
f 689 	184 	442
f 1604 	679 	594
f 1604 	594 	274
f 610 	1170 	609
f 690 	688 	675
f 684 	683 	702
f 675 	688 	676
f 687 	676 	688
f 1170 	1506 	612
f 614 	1170 	612
f 14 	610 	609
f 611 	15 	612
f 690 	692 	688
f 612 	15 	614
f 14 	609 	614
f 610 	17 	613
f 688 	692 	687
f 676 	687 	677
f 682 	1529 	693
f 694 	683 	687
f 613 	1170 	610
f 693 	686 	682
f 667 	677 	687
f 686 	693 	691
f 687 	683 	667
f 14 	13 	610
f 16 	15 	611
f 15 	18 	614
f 614 	18 	14
f 610 	13 	17
f 611 	5 	16
f 697 	1173 	696
f 694 	695 	702
f 17 	696 	613
f 19 	697 	696
f 698 	697 	19
f 683 	694 	702
f 692 	694 	687
f 691 	703 	711
f 684 	702 	695
f 602 	603 	719
f 694 	707 	695
f 851 	852 	597
f 692 	704 	694
f 597 	848 	851
f 703 	1528 	711
f 703 	691 	693
f 706 	682 	701
f 434 	440 	705
f 694 	704 	707
f 704 	710 	727
f 719 	709 	602
f 723 	707 	722
f 692 	710 	704
f 119 	114 	666
f 120 	668 	116
f 117 	123 	665
f 119 	666 	123
f 665 	123 	666
f 734 	654 	717
f 700 	540 	699
f 716 	718 	715
f 577 	580 	730
f 704 	722 	707
f 577 	730 	566
f 707 	723 	728
f 725 	580 	579
f 714 	709 	719
f 717 	695 	707
f 684 	717 	225
f 695 	717 	684
f 731 	564 	566
f 720 	721 	726
f 733 	725 	579
f 714 	960 	1109
f 960 	714 	961
f 707 	728 	735
f 722 	727 	723
f 722 	704 	727
f 707 	735 	717
f 727 	710 	692
f 727 	732 	868
f 727 	868 	723
f 575 	1969 	574
f 724 	727 	656
f 721 	591 	729
f 730 	580 	725
f 692 	690 	727
f 727 	690 	675
f 727 	675 	656
f 731 	566 	730
f 1958 	574 	1963
f 727 	724 	732
f 502 	685 	1
f 1963 	574 	2026
f 1 	738 	502
f 132 	931 	724
f 734 	705 	442
f 440 	442 	705
f 574 	1958 	579
f 130 	442 	184
f 579 	1958 	733
f 619 	184 	689
f 723 	868 	728
f 725 	733 	730
f 731 	730 	736
f 733 	731 	736
f 733 	736 	730
f 738 	1 	737
f 724 	910 	732
f 742 	502 	739
f 740 	502 	742
f 739 	502 	738
f 740 	741 	502
f 619 	502 	743
f 741 	743 	502
f 728 	745 	735
f 871 	735 	745
f 622 	624 	747
f 624 	621 	758
f 1961 	744 	749
f 748 	749 	744
f 747 	624 	758
f 759 	819 	747
f 750 	744 	751
f 82 	754 	817
f 77 	830 	618
f 754 	82 	535
f 621 	615 	825
f 524 	59 	825
f 621 	825 	758
f 748 	744 	750
f 751 	744 	752
f 752 	744 	753
f 758 	825 	755
f 818 	1673 	744
f 753 	744 	756
f 755 	747 	758
f 759 	747 	755
f 754 	747 	819
f 747 	754 	535
f 762 	763 	498
f 498 	491 	764
f 762 	498 	764
f 763 	762 	764
f 417 	2112 	420
f 763 	764 	486
f 760 	1983 	1980
f 770 	767 	761
f 783 	785 	716
f 716 	712 	718
f 596 	604 	798
f 765 	1004 	766
f 767 	766 	761
f 798 	790 	596
f 769 	770 	761
f 1004 	761 	766
f 774 	771 	761
f 768 	769 	761
f 768 	761 	771
f 738 	737 	765
f 738 	765 	766
f 739 	738 	766
f 739 	766 	767
f 769 	768 	741
f 769 	741 	740
f 420 	1199 	421
f 742 	739 	767
f 742 	767 	770
f 769 	740 	742
f 769 	742 	770
f 771 	743 	741
f 771 	741 	768
f 774 	616 	776
f 761 	501 	774
f 773 	778 	777
f 772 	778 	773
f 907 	774 	908
f 778 	779 	777
f 649 	780 	627
f 812 	840 	715
f 715 	837 	782
f 716 	782 	783
f 782 	716 	715
f 782 	784 	783
f 784 	773 	777
f 784 	782 	773
f 783 	784 	785
f 785 	784 	775
f 777 	775 	784
f 712 	716 	785
f 785 	775 	804
f 785 	804 	803
f 773 	860 	772
f 789 	778 	772
f 788 	789 	772
f 658 	780 	649
f 775 	777 	779
f 780 	681 	786
f 787 	779 	778
f 787 	778 	789
f 681 	780 	658
f 681 	781 	786
f 793 	790 	787
f 791 	672 	659
f 659 	797 	791
f 788 	864 	792
f 789 	788 	794
f 454 	806 	206
f 787 	789 	793
f 794 	793 	789
f 645 	1283 	809
f 794 	788 	792
f 386 	1283 	645
f 795 	806 	780
f 798 	1583 	790
f 796 	786 	781
f 790 	1588 	1581
f 796 	807 	786
f 780 	786 	795
f 864 	788 	860
f 772 	860 	788
f 786 	807 	1232
f 786 	1232 	795
f 800 	799 	798
f 1583 	798 	799
f 799 	800 	124
f 125 	124 	800
f 125 	800 	601
f 797 	796 	791
f 790 	1583 	1592
f 712 	785 	801
f 785 	803 	801
f 712 	801 	713
f 662 	809 	802
f 1592 	1588 	790
f 797 	662 	802
f 804 	775 	805
f 809 	796 	797
f 809 	811 	796
f 779 	808 	775
f 802 	809 	797
f 779 	787 	808
f 712 	828 	810
f 812 	718 	813
f 812 	715 	718
f 810 	813 	712
f 718 	712 	813
f 816 	814 	812
f 812 	813 	816
f 813 	810 	816
f 815 	816 	810
f 815 	823 	826
f 77 	76 	830
f 76 	829 	830
f 816 	815 	826
f 820 	816 	826
f 822 	823 	818
f 820 	824 	821
f 820 	826 	824
f 816 	820 	814
f 822 	824 	823
f 824 	826 	823
f 759 	755 	819
f 818 	744 	822
f 822 	744 	821
f 822 	821 	824
f 827 	1673 	818
f 755 	825 	839
f 825 	2068 	188
f 839 	819 	755
f 839 	841 	819
f 712 	1630 	828
f 823 	815 	1625
f 833 	827 	832
f 834 	827 	833
f 776 	618 	830
f 834 	831 	827
f 1773 	832 	827
f 353 	332 	831
f 832 	359 	354
f 832 	354 	355
f 832 	355 	833
f 833 	355 	356
f 833 	356 	834
f 834 	356 	353
f 834 	353 	831
f 774 	830 	829
f 776 	830 	774
f 1625 	1627 	823
f 1045 	905 	829
f 61 	1045 	829
f 837 	835 	782
f 838 	819 	841
f 836 	715 	840
f 837 	715 	836
f 840 	1118 	1120
f 838 	817 	754
f 843 	773 	835
f 838 	934 	817
f 819 	838 	754
f 844 	843 	835
f 774 	829 	908
f 829 	76 	61
f 782 	835 	773
f 860 	773 	843
f 584 	853 	847
f 843 	844 	845
f 875 	852 	851
f 843 	845 	861
f 861 	860 	843
f 585 	847 	853
f 844 	842 	845
f 861 	845 	842
f 842 	857 	861
f 586 	869 	582
f 582 	854 	855
f 855 	862 	582
f 582 	862 	858
f 951 	952 	846
f 952 	953 	846
f 582 	858 	570
f 963 	870 	729
f 849 	850 	859
f 849 	859 	846
f 846 	850 	85
f 85 	1479 	846
f 854 	582 	881
f 856 	858 	862
f 860 	872 	864
f 861 	863 	860
f 705 	746 	846
f 860 	863 	872
f 863 	861 	857
f 859 	850 	846
f 903 	734 	717
f 903 	746 	734
f 864 	1114 	792
f 865 	866 	867
f 870 	963 	720
f 869 	867 	582
f 866 	582 	867
f 735 	871 	903
f 864 	872 	873
f 721 	729 	870
f 870 	726 	721
f 554 	597 	852
f 872 	857 	873
f 848 	852 	875
f 857 	872 	863
f 866 	865 	874
f 848 	875 	851
f 2071 	854 	874
f 880 	619 	879
f 879 	619 	743
f 881 	582 	866
f 854 	881 	874
f 877 	184 	883
f 619 	880 	184
f 874 	881 	866
f 717 	735 	903
f 728 	868 	745
f 882 	184 	880
f 871 	745 	884
f 882 	883 	184
f 871 	884 	868
f 888 	1 	887
f 737 	1 	888
f 887 	1 	886
f 1 	890 	886
f 894 	892 	161
f 895 	2 	893
f 868 	884 	745
f 893 	2 	878
f 868 	910 	898
f 898 	910 	876
f 868 	898 	871
f 877 	878 	184
f 817 	934 	936
f 825 	901 	839
f 839 	901 	841
f 899 	943 	891
f 926 	841 	901
f 899 	937 	943
f 771 	774 	906
f 907 	906 	774
f 909 	829 	905
f 905 	904 	878
f 905 	878 	877
f 878 	904 	1017
f 878 	1017 	893
f 903 	902 	949
f 771 	906 	743
f 879 	743 	906
f 880 	879 	906
f 880 	906 	907
f 882 	880 	907
f 882 	907 	908
f 883 	882 	908
f 883 	908 	909
f 760 	1980 	750
f 705 	734 	746
f 905 	877 	883
f 905 	883 	909
f 902 	912 	931
f 760 	750 	751
f 885 	760 	751
f 908 	829 	909
f 885 	751 	891
f 896 	2 	895
f 184 	878 	2
f 751 	752 	891
f 890 	2 	896
f 1 	2 	890
f 753 	891 	752
f 891 	753 	899
f 157 	913 	914
f 919 	917 	756
f 916 	914 	913
f 918 	913 	915
f 1125 	915 	913
f 918 	916 	913
f 157 	914 	166
f 422 	166 	914
f 915 	1122 	423
f 424 	422 	914
f 424 	914 	916
f 425 	424 	916
f 425 	916 	918
f 757 	920 	919
f 915 	423 	425
f 915 	425 	918
f 756 	757 	919
f 846 	1479 	913
f 910 	912 	921
f 753 	900 	899
f 876 	910 	921
f 756 	917 	900
f 903 	871 	925
f 925 	912 	902
f 903 	925 	902
f 927 	921 	925
f 753 	756 	900
f 925 	921 	912
f 898 	876 	927
f 841 	926 	838
f 876 	921 	927
f 928 	930 	929
f 929 	1043 	1040
f 927 	925 	871
f 930 	926 	929
f 871 	898 	927
f 917 	919 	947
f 910 	868 	732
f 912 	910 	931
f 932 	926 	930
f 931 	910 	724
f 932 	930 	928
f 932 	928 	936
f 188 	2068 	132
f 757 	1250 	920
f 306 	318 	902
f 838 	926 	934
f 932 	936 	926
f 85 	2044 	265
f 934 	926 	936
f 1108 	1481 	265
f 488 	761 	334
f 1163 	334 	761
f 1163 	761 	1162
f 944 	846 	945
f 761 	1166 	1162
f 940 	2120 	334
f 760 	885 	941
f 846 	939 	849
f 1985 	1983 	941
f 935 	941 	933
f 941 	1983 	760
f 939 	846 	944
f 941 	885 	942
f 1479 	85 	265
f 885 	891 	943
f 943 	1051 	885
f 900 	938 	899
f 900 	917 	938
f 846 	950 	951
f 948 	938 	917
f 903 	949 	746
f 949 	846 	746
f 917 	947 	948
f 949 	950 	846
f 920 	1105 	947
f 1105 	920 	1113
f 920 	947 	919
f 953 	959 	846
f 952 	965 	953
f 965 	959 	953
f 944 	956 	955
f 945 	954 	956
f 942 	885 	1060
f 954 	955 	956
f 954 	957 	955
f 945 	956 	944
f 969 	954 	970
f 954 	969 	957
f 958 	955 	957
f 957 	971 	958
f 870 	720 	726
f 959 	954 	945
f 945 	846 	959
f 698 	1109 	697
f 699 	1109 	698
f 2040 	955 	946
f 955 	958 	946
f 971 	232 	958
f 902 	962 	950
f 964 	962 	972
f 952 	966 	965
f 952 	951 	966
f 1159 	597 	595
f 966 	950 	962
f 951 	950 	966
f 966 	962 	964
f 965 	967 	959
f 978 	967 	965
f 967 	968 	959
f 1161 	992 	729
f 970 	977 	976
f 729 	992 	963
f 969 	971 	957
f 968 	954 	959
f 969 	970 	976
f 970 	954 	977
f 963 	719 	603
f 968 	977 	954
f 720 	963 	603
f 971 	975 	232
f 975 	902 	314
f 976 	902 	975
f 977 	902 	976
f 978 	979 	977
f 972 	977 	979
f 972 	973 	977
f 902 	977 	973
f 950 	949 	902
f 962 	902 	973
f 973 	972 	962
f 965 	979 	978
f 1159 	595 	551
f 968 	967 	977
f 978 	977 	967
f 976 	975 	969
f 316 	975 	314
f 965 	966 	979
f 972 	966 	964
f 979 	966 	972
f 987 	1161 	852
f 971 	969 	975
f 987 	852 	848
f 381 	980 	380
f 1600 	1422 	980
f 384 	981 	381
f 381 	981 	980
f 719 	963 	982
f 982 	974 	960
f 135 	1223 	134
f 988 	974 	982
f 986 	151 	84
f 986 	984 	151
f 719 	982 	714
f 960 	961 	982
f 982 	961 	714
f 985 	138 	983
f 137 	983 	138
f 993 	984 	986
f 137 	134 	983
f 134 	983 	986
f 983 	991 	986
f 137 	991 	983
f 136 	991 	137
f 974 	999 	994
f 983 	134 	140
f 974 	988 	999
f 983 	140 	137
f 138 	985 	135
f 985 	989 	135
f 991 	136 	138
f 991 	138 	985
f 138 	102 	985
f 982 	963 	988
f 551 	188 	1159
f 983 	989 	985
f 991 	990 	986
f 963 	996 	999
f 1000 	993 	990
f 993 	986 	990
f 989 	995 	135
f 985 	989 	991
f 989 	995 	991
f 985 	102 	989
f 983 	995 	989
f 996 	992 	1161
f 963 	992 	996
f 990 	991 	1223
f 989 	102 	995
f 697 	1109 	1173
f 1392 	1335 	981
f 1159 	987 	848
f 983 	134 	1223
f 151 	984 	1229
f 995 	983 	998
f 1223 	998 	983
f 988 	963 	999
f 1000 	997 	984
f 481 	491 	342
f 1002 	342 	491
f 1002 	498 	762
f 1005 	484 	1108
f 484 	2116 	1108
f 1002 	1108 	342
f 1479 	265 	1481
f 762 	498 	940
f 1001 	1002 	762
f 1001 	762 	940
f 1108 	1002 	1001
f 1006 	1004 	1008
f 1007 	1004 	1006
f 1008 	1004 	765
f 1007 	1012 	1004
f 1045 	1004 	1012
f 887 	886 	1007
f 887 	1007 	1006
f 1008 	765 	888
f 737 	888 	765
f 1008 	888 	887
f 1008 	887 	1006
f 276 	282 	1009
f 1009 	282 	283
f 1009 	283 	1010
f 1007 	886 	890
f 1007 	890 	1012
f 1010 	283 	284
f 1010 	284 	1011
f 1016 	1026 	1036
f 1005 	1013 	1014
f 420 	479 	1014
f 420 	1014 	1015
f 1018 	560 	2080
f 1020 	1019 	1045
f 1045 	1012 	1020
f 1021 	889 	561
f 1022 	889 	1021
f 895 	893 	1017
f 895 	1017 	1019
f 896 	895 	1019
f 896 	1019 	1020
f 1016 	1023 	1018
f 1020 	1012 	896
f 890 	896 	1012
f 1018 	2080 	1016
f 1030 	1022 	1023
f 1024 	1018 	1023
f 1022 	1024 	1023
f 905 	1045 	904
f 1022 	1021 	1024
f 1016 	897 	1026
f 928 	929 	1027
f 897 	1028 	1029
f 1029 	1026 	897
f 1030 	889 	1022
f 1037 	889 	1032
f 1029 	1034 	1026
f 1034 	1029 	1033
f 1028 	1033 	1029
f 1031 	1034 	1033
f 1033 	1032 	1031
f 1036 	1026 	1034
f 1023 	1016 	1036
f 1030 	1036 	1034
f 1034 	1031 	1030
f 1023 	1036 	1030
f 1028 	897 	1003
f 1050 	889 	1037
f 1031 	1032 	889
f 1028 	1003 	1038
f 1028 	1038 	1039
f 1033 	1028 	1039
f 1041 	1038 	1003
f 817 	936 	1065
f 1033 	1039 	1032
f 1025 	926 	901
f 1039 	1037 	1032
f 929 	1040 	1027
f 1035 	1027 	1040
f 1030 	1031 	889
f 1040 	1071 	1035
f 1025 	929 	926
f 1071 	1040 	1025
f 1025 	1040 	1043
f 929 	1025 	1043
f 1011 	1084 	1041
f 1017 	1045 	1019
f 1042 	1044 	1054
f 1046 	1054 	1044
f 1048 	1104 	1047
f 1052 	1057 	1051
f 1053 	1051 	1057
f 1053 	1058 	1051
f 1055 	1039 	1038
f 1054 	1055 	1038
f 1038 	1041 	1054
f 1052 	1051 	943
f 1055 	1050 	1037
f 943 	937 	1052
f 1037 	1039 	1055
f 1048 	1053 	1049
f 1060 	885 	1051
f 1053 	1057 	1049
f 1056 	892 	1050
f 1056 	1050 	1054
f 1055 	1054 	1050
f 1048 	1058 	1053
f 1063 	1060 	1058
f 1051 	1058 	1060
f 2024 	933 	1060
f 933 	941 	1060
f 942 	1060 	941
f 1047 	1058 	1048
f 2024 	1060 	1063
f 1059 	1054 	1061
f 1056 	1054 	1059
f 1062 	1061 	1054
f 1046 	1062 	1054
f 1041 	1042 	1054
f 889 	1050 	892
f 1047 	1063 	1058
f 1047 	2024 	1063
f 892 	1056 	161
f 1042 	1041 	1329
f 1011 	1041 	1010
f 1056 	1059 	1064
f 904 	1045 	1017
f 1045 	1065 	1069
f 1069 	1065 	1066
f 1082 	1069 	1066
f 1067 	1062 	1046
f 936 	1066 	1065
f 1062 	1068 	1072
f 1065 	1045 	61
f 1065 	61 	817
f 1067 	1068 	1062
f 1098 	1096 	1068
f 1799 	1069 	1083
f 1093 	1098 	1068
f 1044 	1067 	1046
f 1069 	1078 	1071
f 1071 	1073 	1069
f 1061 	1064 	1059
f 1072 	1102 	1064
f 1025 	1073 	1071
f 1072 	1064 	1061
f 1070 	1069 	1073
f 1062 	1072 	1061
f 1073 	1025 	1070
f 1096 	1102 	1072
f 1027 	1066 	928
f 1078 	1082 	1035
f 1035 	1082 	1066
f 1035 	1066 	1027
f 1079 	2079 	1077
f 1078 	1035 	1071
f 1081 	1351 	1080
f 1351 	1081 	1074
f 1075 	1351 	1074
f 2079 	1351 	1076
f 1066 	936 	928
f 1075 	1074 	289
f 1075 	289 	288
f 1078 	1069 	1082
f 1076 	1075 	288
f 1076 	288 	290
f 1077 	1076 	290
f 1077 	290 	291
f 1077 	291 	292
f 1077 	292 	1079
f 1080 	293 	294
f 1080 	294 	1081
f 901 	1070 	1025
f 1081 	294 	289
f 1081 	289 	1074
f 825 	1070 	901
f 1079 	292 	279
f 825 	188 	1070
f 1076 	1351 	1075
f 1076 	1077 	2079
f 1900 	1083 	1899
f 1069 	1070 	1083
f 188 	1083 	1070
f 1057 	1052 	1094
f 1351 	1352 	1080
f 1089 	1080 	1352
f 296 	295 	1085
f 296 	1085 	1084
f 1085 	295 	297
f 1085 	297 	1086
f 1086 	297 	298
f 1086 	298 	1087
f 1088 	1087 	298
f 1088 	298 	299
f 1088 	299 	300
f 1088 	300 	1089
f 1091 	1104 	1090
f 1099 	1104 	1091
f 293 	1080 	300
f 1089 	300 	1080
f 937 	899 	1092
f 284 	296 	1084
f 284 	1084 	1011
f 899 	938 	1092
f 1329 	1041 	1086
f 1052 	937 	1092
f 1092 	1094 	1052
f 1057 	1090 	1049
f 1090 	1057 	1094
f 1092 	1095 	1097
f 1094 	1092 	1097
f 938 	1095 	1092
f 1072 	1068 	1096
f 938 	948 	1095
f 1094 	1097 	1090
f 1097 	1091 	1090
f 1093 	1067 	1044
f 1090 	1104 	1049
f 947 	1105 	1100
f 1067 	1093 	1068
f 1042 	1103 	1044
f 947 	1100 	948
f 1105 	1106 	1100
f 1095 	948 	1100
f 1084 	1085 	1041
f 1085 	1086 	1041
f 1101 	1095 	1100
f 1097 	1095 	1101
f 1101 	1091 	1097
f 1101 	1099 	1091
f 1093 	1044 	1103
f 188 	551 	1083
f 1168 	940 	1163
f 1004 	1166 	761
f 940 	1168 	1001
f 1107 	1210 	1096
f 1103 	1107 	1098
f 1001 	1164 	1108
f 1098 	1107 	1096
f 1099 	1106 	1104
f 1096 	1210 	1102
f 1101 	1100 	1106
f 1101 	1106 	1099
f 1106 	1105 	1157
f 1106 	1157 	1104
f 1161 	729 	591
f 857 	1128 	1111
f 1144 	1148 	1111
f 1114 	873 	1115
f 864 	873 	1114
f 1114 	1115 	1145
f 857 	1111 	873
f 1115 	873 	1111
f 1119 	1005 	1108
f 1160 	1119 	1116
f 923 	131 	922
f 131 	132 	922
f 924 	922 	132
f 913 	1132 	1125
f 1125 	1123 	1122
f 1125 	1122 	915
f 426 	423 	1122
f 427 	426 	1122
f 427 	1122 	1123
f 428 	427 	1123
f 428 	1123 	1124
f 177 	428 	1124
f 177 	1124 	171
f 1117 	844 	835
f 1117 	1126 	844
f 857 	842 	1309
f 183 	1125 	1129
f 1111 	1128 	1127
f 1125 	1132 	1129
f 1111 	1127 	1144
f 1309 	1308 	857
f 1132 	1130 	1131
f 1132 	1131 	1133
f 1131 	132 	1133
f 924 	132 	1131
f 857 	1308 	1128
f 842 	844 	1126
f 1135 	1136 	820
f 814 	1136 	812
f 1132 	1133 	1137
f 1139 	1137 	1134
f 1153 	1136 	1135
f 1142 	1137 	1139
f 1153 	1135 	1193
f 820 	821 	1135
f 820 	1136 	814
f 840 	812 	1136
f 1137 	1142 	1132
f 1135 	1140 	1141
f 1129 	1132 	1142
f 1129 	1142 	1139
f 656 	1133 	132
f 1125 	1124 	1123
f 225 	1125 	183
f 211 	185 	1133
f 1133 	656 	211
f 1197 	792 	1114
f 1145 	1148 	1149
f 1146 	1145 	1149
f 185 	186 	1147
f 1149 	1151 	1146
f 1115 	1111 	1148
f 1149 	1148 	1144
f 1143 	1149 	1144
f 1115 	1148 	1145
f 1197 	1151 	821
f 1152 	1140 	1135
f 1151 	1149 	1152
f 1151 	1152 	1135
f 1140 	1152 	1143
f 1150 	1156 	1112
f 1151 	1197 	1146
f 1145 	1146 	1197
f 1149 	1143 	1152
f 1154 	1136 	1153
f 1144 	1315 	1143
f 1155 	2030 	1104
f 1140 	1143 	1315
f 1118 	840 	1154
f 1105 	1156 	1157
f 840 	1136 	1154
f 1113 	1156 	1105
f 999 	1109 	994
f 1155 	1104 	1157
f 960 	974 	1109
f 1109 	974 	994
f 1158 	1155 	1156
f 1157 	1156 	1155
f 1227 	1257 	999
f 1156 	1113 	1110
f 1156 	1196 	1158
f 1156 	1213 	1196
f 1110 	1112 	1156
f 848 	597 	1159
f 1108 	1116 	1119
f 1119 	1160 	1121
f 987 	1159 	1167
f 1160 	1116 	1121
f 554 	852 	1161
f 1167 	1161 	987
f 1161 	591 	554
f 1116 	1108 	1164
f 1164 	1163 	1116
f 1116 	1695 	1182
f 1161 	1228 	1181
f 1227 	1161 	1181
f 1161 	1165 	996
f 334 	1163 	940
f 1164 	1001 	1168
f 1164 	1168 	1163
f 999 	996 	1165
f 1116 	1163 	1693
f 1165 	1227 	999
f 1183 	1109 	999
f 1116 	1693 	1695
f 20 	19 	696
f 698 	19 	21
f 699 	698 	21
f 699 	21 	23
f 1166 	1045 	1069
f 700 	699 	23
f 700 	23 	24
f 696 	17 	20
f 1166 	1004 	1045
f 8 	700 	24
f 1119 	1171 	1005
f 1170 	28 	26
f 1121 	1172 	1171
f 1170 	613 	1173
f 696 	1173 	613
f 1121 	1171 	1119
f 1173 	28 	1170
f 1116 	1169 	1121
f 1172 	1121 	1169
f 1116 	1182 	1169
f 1174 	1175 	1279
f 1178 	1177 	1179
f 1179 	1180 	1178
f 1180 	1171 	1172
f 1180 	1174 	1171
f 1165 	1161 	1227
f 1174 	1179 	1175
f 1180 	1179 	1174
f 1172 	1169 	1180
f 1167 	1448 	1161
f 1169 	1178 	1180
f 1693 	1163 	1162
f 1169 	1182 	1695
f 1176 	1187 	1183
f 1696 	1178 	1169
f 1109 	1183 	1187
f 1484 	1173 	1109
f 1183 	999 	1176
f 1109 	1261 	1484
f 1186 	1194 	1188
f 1185 	1188 	1194
f 1184 	1276 	1185
f 1274 	1186 	1188
f 1190 	1005 	1184
f 1280 	1184 	1005
f 1190 	1189 	1013
f 1189 	1287 	1013
f 1171 	1280 	1005
f 1141 	1191 	1135
f 1193 	1135 	1191
f 1184 	1185 	1190
f 1185 	1194 	1190
f 1118 	1154 	1153
f 1190 	1192 	1189
f 1190 	1194 	1192
f 1144 	1313 	1315
f 1194 	1186 	1192
f 1315 	1191 	1141
f 1145 	1197 	1114
f 1135 	821 	1151
f 1199 	1198 	421
f 1762 	419 	1198
f 1304 	840 	1120
f 1200 	186 	187
f 1147 	186 	1200
f 1137 	1133 	1147
f 1137 	1147 	1134
f 1147 	1133 	185
f 225 	172 	1125
f 1124 	1125 	171
f 1304 	836 	840
f 1200 	187 	192
f 192 	189 	1200
f 189 	183 	1201
f 189 	1201 	1138
f 1134 	1147 	1138
f 189 	1138 	1203
f 1147 	1203 	1138
f 1200 	189 	1202
f 1147 	1200 	1203
f 1202 	1203 	1200
f 189 	1203 	1202
f 1120 	1318 	1304
f 1201 	1134 	1138
f 1139 	1134 	183
f 1129 	1139 	183
f 1318 	1120 	1118
f 183 	1134 	1201
f 1639 	374 	363
f 365 	364 	1640
f 368 	365 	1640
f 369 	1639 	363
f 1103 	1098 	1093
f 1352 	1329 	1088
f 1329 	1086 	1087
f 1103 	1206 	1107
f 1107 	1206 	1212
f 1064 	1102 	1056
f 1088 	1089 	1352
f 1209 	1212 	1206
f 1213 	1234 	1221
f 1150 	1230 	1213
f 1103 	1209 	1206
f 1087 	1088 	1329
f 1353 	1056 	1102
f 1102 	1210 	1211
f 1215 	1214 	1216
f 1210 	1107 	1212
f 1216 	1208 	1215
f 1220 	1210 	1212
f 1212 	1209 	1220
f 1216 	1214 	1217
f 1207 	1218 	1217
f 1217 	1218 	1216
f 1216 	1218 	1208
f 1210 	1219 	1211
f 1221 	1234 	1196
f 1000 	984 	993
f 1196 	1213 	1221
f 1285 	806 	795
f 1150 	1213 	1156
f 1229 	984 	997
f 1239 	1109 	1187
f 998 	135 	995
f 991 	995 	998
f 1176 	1222 	1187
f 995 	102 	998
f 1234 	1235 	1196
f 1109 	1239 	1261
f 1239 	1187 	1222
f 811 	1236 	1224
f 1224 	807 	796
f 1224 	796 	811
f 990 	1223 	1237
f 1158 	1225 	1235
f 1158 	1235 	1240
f 1158 	1196 	1225
f 1257 	1267 	1176
f 1176 	999 	1257
f 135 	998 	1223
f 1112 	1230 	1150
f 998 	1223 	991
f 1231 	1213 	1230
f 385 	1226 	388
f 390 	388 	1283
f 1335 	95 	142
f 1155 	1158 	180
f 87 	95 	1223
f 998 	102 	1223
f 104 	1223 	102
f 88 	87 	1223
f 104 	88 	1223
f 1228 	1227 	1181
f 920 	1251 	1113
f 1000 	1229 	997
f 1000 	1238 	1229
f 1243 	1244 	1234
f 1234 	1244 	1235
f 807 	1224 	1236
f 807 	1241 	1232
f 1228 	1233 	1227
f 1238 	1278 	1229
f 1236 	1241 	807
f 1225 	1196 	1235
f 1235 	1244 	1240
f 1241 	1295 	1232
f 1112 	1110 	1230
f 1237 	1238 	1000
f 1232 	1246 	795
f 206 	892 	894
f 1261 	1239 	1222
f 151 	1229 	1275
f 1240 	1244 	1242
f 1231 	1230 	1243
f 1233 	1228 	1245
f 1232 	1295 	1246
f 1245 	1252 	1233
f 1228 	1258 	1248
f 1228 	1248 	1245
f 1247 	1246 	1295
f 1243 	1213 	1231
f 1249 	811 	1305
f 1213 	1243 	1234
f 1251 	1250 	321
f 1250 	1251 	920
f 1391 	1250 	1673
f 1248 	1252 	1245
f 1110 	1113 	1251
f 321 	323 	1251
f 1262 	1230 	1110
f 1233 	1252 	1227
f 1254 	1230 	1268
f 1253 	1240 	1242
f 1255 	1253 	1242
f 1176 	1261 	1222
f 1255 	1260 	1253
f 1230 	1254 	1243
f 1228 	1161 	1258
f 1262 	1110 	1251
f 1161 	1491 	1269
f 1243 	1254 	1255
f 1269 	1258 	1161
f 1254 	1256 	1259
f 1254 	1259 	1260
f 1254 	1260 	1255
f 1257 	1227 	1252
f 1255 	1242 	1244
f 1552 	1173 	1484
f 1243 	1255 	1244
f 1259 	1256 	1264
f 1259 	1253 	1260
f 1259 	1264 	1253
f 1248 	1258 	1252
f 1257 	1252 	1258
f 1253 	1264 	1263
f 1264 	1270 	1263
f 1261 	1176 	1449
f 1266 	1449 	1176
f 1266 	1176 	1267
f 1257 	1266 	1267
f 1271 	1254 	1265
f 1262 	1265 	1268
f 1262 	1268 	1230
f 1268 	1265 	1254
f 1491 	1161 	1448
f 1258 	1269 	1257
f 1269 	1389 	1257
f 1167 	1159 	1448
f 1237 	1000 	990
f 1264 	1397 	1270
f 1272 	1271 	1273
f 1188 	1185 	1274
f 1274 	1195 	1186
f 1277 	1278 	1238
f 1005 	1190 	1013
f 1279 	1175 	1282
f 1171 	1174 	1280
f 1279 	1280 	1174
f 1280 	1279 	1299
f 1249 	1241 	1236
f 1249 	1236 	811
f 1281 	1302 	1282
f 388 	1226 	1283
f 386 	390 	1283
f 1289 	1013 	1287
f 1291 	1192 	1290
f 1189 	1192 	1291
f 1286 	1305 	1406
f 1189 	1291 	1287
f 1292 	1293 	1287
f 1292 	1287 	1291
f 1287 	1293 	1289
f 1291 	1290 	1292
f 1186 	1290 	1192
f 1290 	1284 	1292
f 1293 	1292 	1284
f 1493 	1497 	1294
f 1241 	1303 	1286
f 1289 	1293 	1294
f 1296 	1294 	1293
f 1293 	1284 	1296
f 1297 	1296 	1284
f 1246 	1247 	1285
f 1285 	795 	1246
f 1298 	1288 	1285
f 1295 	1298 	1247
f 1295 	1306 	1298
f 1285 	1247 	1298
f 1280 	1276 	1184
f 1303 	1241 	1249
f 1249 	1305 	1303
f 1126 	1117 	1204
f 836 	1321 	1205
f 836 	1205 	837
f 1305 	809 	1283
f 836 	1304 	1321
f 1117 	1205 	1204
f 1306 	1288 	1298
f 837 	1205 	835
f 1205 	1117 	835
f 1286 	1307 	1241
f 1237 	1277 	1238
f 1278 	1275 	1229
f 1310 	1309 	842
f 1364 	1309 	1310
f 1311 	980 	1422
f 382 	380 	980
f 382 	980 	1311
f 1126 	1310 	842
f 981 	384 	1392
f 151 	1275 	1341
f 1314 	1153 	1193
f 1315 	1312 	1314
f 1314 	1193 	1315
f 1278 	1317 	1316
f 1315 	1313 	1312
f 1316 	1275 	1278
f 1144 	1127 	1313
f 1141 	1140 	1315
f 1315 	1193 	1191
f 1362 	1313 	1127
f 1329 	1209 	1103
f 1103 	1042 	1329
f 911 	1207 	1217
f 1214 	1481 	1217
f 1207 	1464 	1437
f 1210 	1220 	1323
f 1207 	1437 	1433
f 1208 	1324 	1322
f 1209 	1323 	1220
f 1324 	1207 	1434
f 1218 	1207 	1324
f 1208 	1218 	1324
f 1326 	1207 	911
f 1323 	1209 	1325
f 1210 	1355 	1219
f 1329 	1330 	1209
f 1326 	911 	1328
f 1332 	1214 	1215
f 1214 	1332 	1331
f 1331 	1332 	1338
f 1342 	1332 	1333
f 1332 	1215 	1333
f 1208 	1333 	1215
f 1317 	1334 	1316
f 1208 	1322 	1333
f 142 	981 	1335
f 1333 	1347 	1336
f 1333 	1336 	1342
f 1339 	1426 	1338
f 1338 	1332 	1342
f 1338 	1342 	1340
f 1338 	1340 	1339
f 1316 	1356 	1341
f 1342 	1336 	1340
f 1336 	1337 	1340
f 1207 	1326 	1343
f 1316 	1341 	1275
f 58 	151 	1341
f 1328 	1327 	1344
f 1341 	1356 	1394
f 1326 	1328 	1343
f 1322 	1456 	1333
f 1333 	1346 	1347
f 1209 	1330 	1354
f 1348 	1323 	1325
f 1348 	1325 	1354
f 1348 	1355 	1210
f 1323 	1348 	1210
f 1327 	1349 	1345
f 1334 	1356 	1316
f 1352 	1351 	305
f 304 	305 	1351
f 1334 	1390 	1356
f 1317 	1278 	1390
f 1390 	1334 	1317
f 1390 	1278 	1277
f 1056 	1353 	161
f 95 	1335 	1402
f 95 	1402 	1223
f 1325 	1209 	1354
f 1354 	1539 	1531
f 1450 	1354 	1531
f 1450 	1454 	1354
f 1211 	1353 	1102
f 1319 	1204 	1205
f 1205 	1320 	1319
f 1357 	1353 	1219
f 1321 	1833 	1320
f 1219 	1355 	1357
f 1211 	1219 	1353
f 1358 	1304 	1318
f 180 	161 	1353
f 1319 	1360 	1204
f 1359 	1354 	1330
f 1205 	1321 	1320
f 1304 	1358 	1321
f 1355 	1444 	1451
f 1451 	1361 	1355
f 1308 	1363 	1818
f 1361 	1357 	1355
f 1353 	1357 	1530
f 1329 	1359 	1330
f 1364 	1363 	1309
f 1127 	1818 	1362
f 1818 	1128 	1308
f 1818 	1127 	1128
f 1309 	1363 	1308
f 1307 	1306 	1295
f 1365 	1306 	1307
f 1365 	1404 	1306
f 1306 	1404 	1405
f 1365 	1286 	1404
f 1360 	1319 	1828
f 1286 	1365 	1307
f 1306 	1405 	1288
f 1241 	1307 	1295
f 1360 	1366 	1204
f 1305 	811 	809
f 1286 	1303 	1305
f 414 	1525 	1305
f 1377 	396 	393
f 396 	1377 	1378
f 396 	1378 	398
f 1379 	399 	1378
f 398 	1378 	399
f 399 	1379 	400
f 402 	391 	1374
f 392 	402 	1374
f 1543 	1378 	1367
f 1366 	1364 	1310
f 1366 	1817 	1364
f 1299 	1279 	1302
f 1366 	1310 	1126
f 1366 	1360 	1839
f 1204 	1366 	1126
f 1281 	1300 	1301
f 1302 	1281 	1301
f 1279 	1282 	1302
f 1369 	1297 	1284
f 1362 	1850 	1313
f 1853 	1368 	1153
f 1853 	1153 	1314
f 1118 	1153 	1368
f 1368 	1318 	1118
f 1370 	712 	713
f 1374 	1371 	1226
f 1372 	1374 	1226
f 1375 	1372 	1367
f 1226 	1367 	1372
f 669 	1583 	674
f 1373 	668 	1583
f 799 	1373 	1583
f 410 	1371 	391
f 799 	127 	1373
f 1373 	127 	668
f 1374 	391 	1371
f 1372 	392 	1374
f 1377 	1367 	1378
f 1375 	1367 	1377
f 1379 	1378 	1543
f 1380 	1379 	1543
f 1375 	393 	1372
f 392 	1372 	393
f 803 	1381 	1574
f 803 	1574 	801
f 1377 	393 	1375
f 1369 	1438 	1478
f 1381 	803 	804
f 804 	805 	1381
f 1284 	1438 	1369
f 1290 	1186 	1195
f 713 	801 	1572
f 787 	790 	1581
f 1581 	1580 	1381
f 1581 	1381 	787
f 775 	808 	1381
f 808 	787 	1381
f 1281 	1384 	1382
f 1282 	1383 	1281
f 1384 	1281 	1383
f 1175 	1383 	1282
f 1179 	1177 	1385
f 1179 	1385 	1175
f 1281 	1382 	1300
f 1387 	1385 	1388
f 1383 	1175 	1385
f 1384 	1387 	1490
f 1387 	1383 	1385
f 1384 	1383 	1387
f 1177 	1388 	1385
f 1273 	1265 	1262
f 1272 	1273 	1262
f 1393 	1272 	1262
f 1273 	1271 	1265
f 1389 	1386 	1257
f 1271 	1264 	1256
f 1386 	1266 	1257
f 1264 	1271 	1396
f 1396 	1397 	1264
f 1254 	1271 	1256
f 1173 	1552 	28
f 1398 	1396 	1271
f 1272 	1398 	1271
f 757 	1673 	1250
f 894 	923 	206
f 321 	1250 	326
f 326 	1250 	1391
f 326 	1391 	1471
f 1392 	384 	1311
f 382 	1311 	384
f 756 	744 	1673
f 323 	329 	1251
f 1393 	1461 	1447
f 1237 	1223 	1395
f 1395 	1223 	1410
f 1237 	1395 	1277
f 1390 	1277 	1395
f 1395 	1410 	1403
f 1335 	1414 	1401
f 1561 	1341 	1394
f 1396 	1398 	1447
f 1335 	89 	1553
f 1335 	1553 	1414
f 1335 	1392 	89
f 1398 	1393 	1447
f 1398 	1272 	1393
f 1356 	1390 	1399
f 1395 	1399 	1390
f 1251 	1471 	1262
f 1395 	1403 	1399
f 400 	1379 	1380
f 400 	1380 	395
f 1376 	395 	1380
f 408 	407 	1519
f 1335 	1401 	1402
f 411 	416 	1520
f 405 	411 	1520
f 1519 	412 	408
f 1226 	1371 	1283
f 91 	1223 	1401
f 1402 	1401 	1223
f 1410 	1223 	91
f 1399 	1561 	1356
f 1415 	1297 	1409
f 1294 	1296 	1415
f 1294 	1415 	1412
f 1296 	1297 	1415
f 1399 	1403 	1417
f 1384 	1488 	1413
f 1384 	1413 	1382
f 1412 	1493 	1294
f 1412 	1415 	1416
f 1413 	1412 	1416
f 1413 	1416 	1411
f 1413 	1411 	1382
f 1414 	1573 	1401
f 1416 	1415 	1409
f 1411 	1416 	1409
f 1417 	1403 	1410
f 1382 	1411 	1300
f 1276 	1280 	1427
f 1422 	1600 	1594
f 1420 	1418 	1421
f 1813 	1420 	1814
f 1418 	1420 	1813
f 1421 	1418 	1274
f 1422 	1511 	1510
f 228 	1422 	227
f 1422 	229 	227
f 1810 	1814 	1420
f 1422 	230 	229
f 1422 	238 	230
f 1423 	1810 	1420
f 1422 	234 	238
f 1422 	235 	234
f 1503 	1505 	1422
f 1422 	1512 	1511
f 1419 	1195 	1274
f 1422 	1515 	1512
f 1421 	1274 	1420
f 1422 	237 	235
f 1274 	1185 	1420
f 1420 	1276 	1427
f 1276 	1420 	1185
f 1369 	1436 	1297
f 1476 	1297 	1436
f 1594 	1542 	1422
f 1545 	1542 	1594
f 1328 	1593 	1327
f 1349 	1327 	1628
f 911 	1593 	1328
f 1424 	1425 	1350
f 1424 	1350 	1349
f 1340 	1337 	1425
f 1424 	1631 	1339
f 1429 	1299 	1302
f 1339 	1340 	1425
f 1424 	1339 	1425
f 1438 	1284 	1290
f 1350 	1425 	1337
f 1350 	1428 	1349
f 1345 	1349 	1428
f 1430 	1429 	1302
f 1430 	1302 	1301
f 1324 	1434 	1432
f 1432 	1433 	1649
f 1427 	1423 	1420
f 1324 	1431 	1322
f 1647 	1431 	1324
f 1647 	1648 	1431
f 1324 	1432 	1647
f 1476 	1435 	1297
f 1409 	1297 	1435
f 1433 	1432 	1434
f 1207 	1433 	1434
f 1369 	1478 	1436
f 1195 	1419 	1438
f 1290 	1195 	1438
f 1439 	1300 	1411
f 1409 	1439 	1411
f 1868 	1867 	1409
f 1874 	1388 	1177
f 1354 	1359 	1539
f 1429 	1430 	1820
f 1444 	1355 	1348
f 1305 	1408 	1406
f 1407 	1405 	1404
f 1433 	1437 	1464
f 1344 	1441 	1328
f 1465 	1344 	1442
f 1530 	1357 	1361
f 1170 	1445 	1826
f 1445 	1170 	96
f 26 	96 	1170
f 97 	1445 	96
f 1451 	1446 	1361
f 1449 	1484 	1261
f 1447 	1461 	1443
f 1400 	1397 	1396
f 1348 	1354 	1444
f 1447 	1400 	1396
f 1443 	1400 	1447
f 1450 	1446 	1454
f 1400 	1443 	1458
f 1452 	1386 	1453
f 1386 	1389 	1453
f 1451 	1354 	1454
f 1400 	1458 	1397
f 1442 	1694 	1468
f 1442 	1468 	1465
f 1354 	1451 	1444
f 1158 	1455 	180
f 1442 	1327 	1345
f 1344 	1327 	1442
f 1428 	1442 	1345
f 1454 	1446 	1451
f 1328 	1441 	1343
f 1457 	1333 	1456
f 1346 	1333 	1457
f 1456 	1322 	1431
f 1455 	1158 	1240
f 1458 	1270 	1397
f 1253 	1455 	1240
f 1458 	1460 	1270
f 1455 	1253 	1263
f 1270 	1455 	1263
f 1270 	1460 	1455
f 1459 	1336 	1347
f 1346 	1459 	1347
f 1346 	1457 	1710
f 1337 	1336 	1469
f 1459 	1469 	1336
f 1460 	1638 	1455
f 1462 	1587 	1426
f 1207 	1343 	1463
f 1467 	1458 	1443
f 1441 	1463 	1343
f 1465 	1441 	1344
f 1207 	1463 	1464
f 1464 	1706 	1646
f 1700 	1694 	1442
f 1467 	1443 	1470
f 1470 	1443 	1466
f 1443 	1461 	1466
f 1458 	1467 	1623
f 1461 	1564 	1466
f 1623 	1467 	1470
f 1708 	1469 	1459
f 1466 	1623 	1470
f 1458 	1623 	1460
f 1460 	1623 	1638
f 1407 	1473 	1405
f 1406 	1407 	1404
f 1469 	1708 	1707
f 1406 	1404 	1286
f 1405 	1285 	1288
f 439 	892 	806
f 1521 	1305 	1514
f 1698 	1457 	1456
f 1440 	1427 	1280
f 1646 	1433 	1464
f 1280 	1299 	1440
f 1440 	1299 	1429
f 1350 	1337 	1474
f 1474 	1337 	1469
f 1301 	1485 	1430
f 1716 	1350 	1475
f 1716 	1428 	1350
f 1350 	1474 	1475
f 1475 	1474 	1477
f 1719 	1462 	1426
f 1419 	1478 	1438
f 1856 	1436 	1478
f 911 	1217 	1481
f 1482 	1481 	1214
f 1482 	1214 	1480
f 1483 	1386 	1452
f 1487 	1386 	1483
f 1861 	1435 	1476
f 1494 	1448 	1159
f 1846 	1440 	1429
f 1494 	1159 	188
f 1409 	1435 	1868
f 1485 	1439 	1867
f 1439 	1409 	1867
f 1300 	1439 	1485
f 1485 	1301 	1300
f 1449 	1486 	1484
f 1412 	1413 	1488
f 1387 	1388 	1489
f 1387 	1489 	1490
f 1683 	1388 	1874
f 1495 	1492 	1489
f 1491 	1389 	1269
f 1488 	1384 	1490
f 1488 	1490 	1492
f 1492 	1490 	1489
f 1452 	1491 	1483
f 1491 	1452 	1453
f 420 	1015 	1199
f 1491 	1453 	1389
f 1488 	1493 	1412
f 1289 	1294 	1497
f 1013 	1289 	1497
f 1488 	1492 	1493
f 1496 	1493 	1492
f 1492 	1495 	1496
f 1448 	1606 	1491
f 1499 	1495 	1498
f 1493 	1500 	1497
f 1493 	1496 	1500
f 1495 	1499 	1496
f 1500 	1496 	1499
f 1407 	1472 	1473
f 1507 	1662 	1502
f 1662 	1507 	1501
f 1509 	1508 	1472
f 1508 	1405 	1473
f 1508 	1473 	1472
f 1406 	1472 	1407
f 1505 	1311 	1422
f 1422 	1502 	1503
f 1406 	1408 	1524
f 1510 	1504 	1422
f 1524 	1408 	1525
f 1406 	1526 	1472
f 1408 	1305 	1525
f 1504 	1501 	1422
f 1422 	1507 	1502
f 131 	894 	161
f 1422 	1501 	1507
f 1513 	1283 	1371
f 1514 	1283 	1513
f 410 	409 	1514
f 410 	1514 	1513
f 1371 	410 	1513
f 412 	1521 	409
f 1514 	409 	1521
f 1517 	429 	1516
f 1520 	429 	1517
f 1516 	429 	1518
f 1518 	429 	1519
f 1519 	1305 	1521
f 406 	405 	1517
f 406 	1517 	1516
f 1516 	1518 	406
f 407 	406 	1518
f 1519 	407 	1518
f 1515 	1422 	231
f 1517 	405 	1520
f 1422 	228 	231
f 412 	1519 	1521
f 1392 	1311 	1505
f 439 	806 	1285
f 1285 	1405 	439
f 1522 	1523 	1526
f 1483 	1491 	1532
f 1487 	1483 	1532
f 1523 	1522 	1509
f 1508 	1509 	1522
f 1535 	1508 	1522
f 1533 	1535 	1522
f 1522 	404 	1533
f 1472 	1523 	1509
f 1524 	1526 	1406
f 1523 	1472 	1526
f 1524 	1527 	1526
f 775 	1381 	805
f 438 	889 	439
f 1538 	1359 	1329
f 1525 	414 	1524
f 431 	1524 	414
f 1527 	1524 	433
f 682 	1536 	1529
f 1531 	1446 	1450
f 680 	592 	1602
f 1446 	1530 	1361
f 1508 	1537 	1405
f 1534 	1530 	1446
f 1602 	701 	680
f 1535 	1537 	1508
f 1531 	1534 	1446
f 1487 	1768 	1687
f 429 	414 	1305
f 1536 	682 	706
f 1739 	1740 	1530
f 1560 	1739 	1530
f 1583 	691 	711
f 441 	444 	1537
f 671 	673 	1583
f 671 	1583 	668
f 206 	806 	892
f 1494 	1605 	1606
f 415 	395 	1551
f 413 	415 	1551
f 1714 	1329 	1821
f 1543 	1367 	1542
f 1541 	1532 	1491
f 1359 	1538 	1539
f 1541 	1487 	1532
f 1329 	1714 	1538
f 1762 	1579 	1545
f 1386 	1487 	1540
f 1546 	1530 	1534
f 1266 	1386 	1540
f 1449 	1266 	1540
f 1546 	1560 	1530
f 1540 	1486 	1449
f 1568 	1671 	1546
f 1549 	1558 	1547
f 1494 	1606 	1448
f 1723 	1684 	1546
f 1376 	1380 	1543
f 1546 	1671 	1723
f 673 	674 	1583
f 1551 	1376 	1543
f 429 	1550 	1543
f 1551 	1543 	1550
f 1548 	1546 	1531
f 395 	1376 	1551
f 1550 	413 	1551
f 1546 	1534 	1531
f 1353 	1530 	1740
f 1528 	703 	1595
f 1539 	1548 	1531
f 1538 	1557 	1539
f 1615 	1555 	1417
f 1557 	1546 	1548
f 1544 	1547 	2094
f 1568 	1557 	1538
f 1529 	1536 	1559
f 1549 	1554 	1558
f 1556 	1417 	1410
f 1539 	1557 	1548
f 329 	1471 	1251
f 326 	1471 	329
f 1399 	1417 	1555
f 1505 	89 	1392
f 1399 	1555 	1615
f 708 	1614 	1562
f 1393 	1262 	1659
f 1561 	1394 	1356
f 1563 	1393 	1659
f 1602 	708 	1562
f 1329 	2028 	1821
f 1602 	1562 	1612
f 1479 	1481 	1482
f 1352 	1819 	1329
f 1610 	1559 	1536
f 1542 	1545 	2094
f 1545 	1544 	2094
f 1561 	1571 	1341
f 2093 	1554 	1549
f 2093 	1569 	1570
f 1568 	1546 	1557
f 1604 	708 	679
f 2093 	1570 	2080
f 1549 	1584 	1569
f 2093 	1549 	1569
f 1370 	713 	1572
f 1544 	1545 	1579
f 1547 	1544 	1582
f 1576 	1580 	1873
f 1575 	1576 	1873
f 1574 	1575 	1873
f 1381 	1580 	1576
f 1575 	1381 	1576
f 1381 	1575 	1574
f 1572 	801 	1574
f 1414 	1553 	1573
f 91 	1401 	1573
f 1592 	1873 	1588
f 1581 	1588 	1873
f 1582 	1578 	1547
f 1214 	1331 	1480
f 1579 	1582 	1544
f 1338 	1565 	1331
f 1426 	1565 	1338
f 1566 	1331 	1565
f 1566 	1567 	1331
f 1567 	1480 	1331
f 1583 	711 	1528
f 1479 	1585 	913
f 1426 	1587 	1565
f 1547 	1578 	1549
f 1578 	1597 	1584
f 1479 	1482 	1585
f 1482 	1480 	1585
f 1529 	1559 	1595
f 1480 	1567 	1745
f 1480 	1754 	1585
f 1587 	1589 	1565
f 1597 	1609 	1590
f 1592 	1583 	1598
f 1595 	703 	693
f 1595 	1592 	1598
f 1528 	1595 	1598
f 1598 	1583 	1528
f 1596 	1597 	1590
f 1762 	1593 	911
f 1599 	1327 	1593
f 1601 	1327 	1599
f 1424 	1349 	1629
f 1628 	1327 	1601
f 1529 	1595 	693
f 1592 	1595 	1602
f 1602 	1614 	1592
f 1609 	1608 	1590
f 1584 	1597 	1603
f 1445 	97 	1552
f 1586 	1584 	1603
f 28 	1552 	97
f 1617 	1586 	1603
f 1612 	1614 	1602
f 1604 	1592 	1614
f 1597 	1596 	1603
f 1704 	1721 	1591
f 1607 	1559 	1610
f 1549 	1578 	1584
f 1586 	1569 	1584
f 1578 	1591 	1608
f 1595 	1607 	1610
f 1658 	1561 	1399
f 1559 	1607 	1595
f 1578 	1608 	1609
f 706 	1602 	1536
f 1597 	1578 	1609
f 706 	701 	1602
f 1591 	1590 	1608
f 1610 	1536 	1602
f 1602 	1595 	1610
f 1612 	1562 	1614
f 274 	1873 	1604
f 1613 	1718 	1611
f 1604 	1614 	708
f 1556 	1615 	1417
f 1596 	1613 	1603
f 1611 	1619 	1613
f 1615 	1556 	1616
f 2074 	2073 	1617
f 1580 	1581 	1873
f 1618 	2074 	1617
f 1586 	1617 	2073
f 828 	1625 	810
f 1617 	1619 	1618
f 1563 	1564 	1461
f 1561 	1658 	1657
f 1615 	1658 	1399
f 1630 	712 	1370
f 1563 	1461 	1393
f 1625 	815 	810
f 139 	1341 	1571
f 832 	1773 	1622
f 1621 	1622 	1773
f 1632 	1624 	1564
f 417 	419 	1762
f 352 	357 	1620
f 1620 	357 	358
f 1620 	358 	1621
f 1624 	1632 	1623
f 1621 	358 	359
f 1621 	359 	1622
f 1622 	359 	832
f 1762 	911 	417
f 1624 	1623 	1466
f 1626 	1630 	1873
f 1564 	1624 	1466
f 1630 	1370 	1873
f 1370 	1572 	1873
f 1572 	1574 	1873
f 828 	1626 	1625
f 1626 	828 	1630
f 1426 	1339 	1631
f 1628 	1629 	1349
f 1631 	1424 	1629
f 1593 	1762 	1545
f 1545 	1594 	1593
f 1594 	1633 	1593
f 1634 	1633 	1594
f 1594 	1600 	1634
f 1659 	1262 	1471
f 1599 	1593 	1633
f 1633 	1601 	1599
f 1628 	1633 	1629
f 1628 	1601 	1633
f 1801 	1629 	1633
f 1634 	1600 	1898
f 1719 	1426 	1631
f 1640 	364 	1641
f 368 	1640 	1642
f 1643 	369 	1642
f 368 	1642 	369
f 1640 	1600 	1642
f 369 	1643 	1639
f 1644 	1636 	1656
f 36 	33 	980
f 1643 	1600 	1639
f 1642 	1600 	1643
f 373 	1812 	364
f 34 	1639 	1600
f 1640 	1641 	1600
f 1898 	1600 	1641
f 371 	370 	1809
f 372 	371 	1809
f 1649 	1433 	1646
f 1690 	611 	1506
f 1649 	1713 	1647
f 1432 	1649 	1647
f 1506 	1826 	1498
f 1463 	1441 	1701
f 1826 	1506 	1170
f 1465 	1701 	1441
f 1199 	1015 	1014
f 1605 	1491 	1606
f 1637 	1656 	1636
f 1655 	1644 	1656
f 1653 	1654 	1645
f 1487 	1687 	1540
f 1656 	1635 	1655
f 1571 	1561 	139
f 1637 	1780 	1656
f 139 	1561 	1657
f 91 	1616 	1556
f 133 	1615 	1616
f 1410 	91 	1556
f 1632 	1767 	1623
f 1632 	1564 	1653
f 197 	1660 	204
f 1501 	208 	1662
f 1665 	1563 	1659
f 1660 	1502 	1662
f 1662 	208 	204
f 1505 	1503 	1663
f 1665 	1758 	1664
f 1503 	1502 	1663
f 197 	194 	1663
f 1660 	197 	1502
f 1665 	1564 	1563
f 1666 	1661 	208
f 1645 	1665 	1664
f 1501 	1504 	1666
f 1665 	1645 	1654
f 1501 	1666 	208
f 217 	208 	1667
f 1661 	1667 	208
f 1645 	1767 	1653
f 1667 	1668 	217
f 1512 	1669 	1668
f 1669 	215 	1668
f 1668 	1511 	1512
f 1670 	1667 	1661
f 1666 	1504 	1670
f 1661 	1666 	1670
f 1670 	1504 	1510
f 1510 	1511 	1670
f 1670 	1511 	1668
f 1670 	1668 	1667
f 1564 	1665 	1653
f 1672 	1515 	220
f 1653 	1665 	1654
f 220 	1515 	231
f 1623 	1767 	1638
f 220 	215 	1669
f 220 	1669 	1672
f 1669 	1512 	1672
f 1512 	1515 	1672
f 1715 	1671 	1568
f 1663 	143 	89
f 1673 	1680 	1391
f 143 	1663 	194
f 1505 	1663 	89
f 197 	1663 	1502
f 180 	1353 	1740
f 1681 	1391 	1680
f 827 	1676 	1673
f 757 	756 	1673
f 1351 	1674 	311
f 1351 	311 	304
f 1197 	1762 	1198
f 2079 	1961 	1351
f 831 	1675 	827
f 1341 	139 	206
f 1678 	1673 	1677
f 1819 	1352 	312
f 305 	312 	1352
f 827 	1675 	1676
f 1682 	1489 	1651
f 1573 	90 	91
f 1560 	1684 	1725
f 1388 	1683 	1651
f 133 	193 	1615
f 1388 	1651 	1489
f 1682 	1495 	1489
f 133 	1616 	91
f 139 	1657 	141
f 1682 	1877 	1498
f 141 	1657 	191
f 922 	1341 	206
f 1658 	191 	1657
f 1658 	1615 	191
f 90 	1573 	89
f 1573 	1553 	89
f 1486 	1540 	1652
f 1540 	1687 	1652
f 1652 	1484 	1486
f 1652 	1687 	1686
f 1682 	1498 	1495
f 1877 	1685 	1506
f 1685 	540 	1506
f 1687 	1724 	1686
f 540 	1688 	1506
f 1692 	1506 	1691
f 1939 	1928 	1605
f 612 	1506 	611
f 1506 	1692 	1690
f 1605 	1937 	1939
f 1689 	1688 	3
f 5 	611 	1690
f 1691 	1689 	3
f 7 	1692 	1691
f 1692 	7 	5
f 1692 	5 	1690
f 3 	1688 	4
f 1484 	1652 	1686
f 1691 	3 	6
f 1724 	1728 	1686
f 4 	1688 	11
f 1691 	6 	7
f 1650 	1701 	1465
f 1463 	1701 	1464
f 1694 	1465 	1468
f 1798 	1696 	1695
f 1703 	1650 	1465
f 1695 	1696 	1169
f 1464 	1701 	1706
f 1696 	1697 	1178
f 1696 	1797 	1697
f 1474 	1469 	1707
f 1177 	1178 	1697
f 1431 	1648 	1713
f 1456 	1431 	1698
f 1603 	1699 	1617
f 1617 	1699 	1619
f 1698 	1711 	1457
f 1699 	1613 	1619
f 1603 	1613 	1699
f 1702 	1701 	1650
f 1703 	1694 	1700
f 1579 	1577 	1776
f 1707 	1708 	1703
f 1700 	1707 	1703
f 1591 	1578 	1704
f 1702 	1650 	1703
f 1703 	1465 	1694
f 1708 	1710 	1703
f 1700 	1716 	1707
f 1701 	1702 	1710
f 1702 	1703 	1710
f 1711 	1713 	1701
f 1646 	1706 	1713
f 1709 	1579 	1914
f 1579 	1776 	1914
f 1698 	1431 	1713
f 1648 	1647 	1713
f 1346 	1708 	1459
f 1706 	1701 	1713
f 1712 	1713 	1711
f 1698 	1713 	1712
f 1698 	1712 	1711
f 1710 	1708 	1346
f 1711 	1710 	1457
f 1705 	1579 	1709
f 1582 	1579 	1705
f 1649 	1646 	1713
f 1474 	1707 	1716
f 1710 	1711 	1701
f 1442 	1428 	1716
f 1716 	1475 	1477
f 1442 	1716 	1700
f 1474 	1716 	1477
f 1538 	1714 	1715
f 1684 	1560 	1546
f 1794 	1791 	924
f 1590 	1591 	1721
f 1772 	1590 	1721
f 1596 	1590 	1717
f 1723 	1715 	1684
f 1671 	1715 	1723
f 1687 	1768 	1724
f 1714 	1725 	1715
f 1727 	1577 	1762
f 1715 	1725 	1684
f 1577 	1579 	1762
f 1732 	1730 	1725
f 1725 	1714 	1732
f 1729 	1736 	1731
f 1568 	1538 	1715
f 1724 	1770 	1728
f 1724 	1768 	1770
f 1762 	2077 	1733
f 1726 	1727 	1762
f 1733 	1726 	1762
f 1770 	1686 	1728
f 1942 	1734 	1719
f 1733 	1729 	1726
f 1735 	1746 	1730
f 1733 	1736 	1729
f 1719 	1734 	1722
f 1743 	1618 	1619
f 1720 	1737 	1734
f 1744 	1743 	1738
f 1611 	1738 	1743
f 1737 	1720 	924
f 1720 	1943 	924
f 1943 	1949 	924
f 1763 	1722 	1734
f 1737 	1763 	1734
f 1132 	913 	1585
f 1731 	1738 	1756
f 1329 	1819 	2028
f 1719 	1741 	1462
f 1735 	1730 	1732
f 1462 	1741 	1587
f 1741 	1589 	1587
f 1730 	1739 	1725
f 1743 	1744 	1742
f 1741 	1565 	1589
f 1567 	1566 	1741
f 1739 	1560 	1725
f 1618 	1743 	1742
f 1741 	1745 	1567
f 1744 	1738 	1748
f 1738 	1731 	1748
f 1619 	1611 	1743
f 1736 	1748 	1731
f 1731 	1756 	1729
f 1585 	1754 	1749
f 1680 	1673 	1678
f 1679 	1391 	1681
f 1676 	1677 	1673
f 1747 	1733 	2077
f 1679 	1471 	1391
f 1742 	2075 	1618
f 831 	332 	1675
f 1675 	332 	333
f 1675 	333 	1676
f 1676 	333 	335
f 1676 	335 	1677
f 1566 	1565 	1741
f 1742 	1744 	1747
f 1677 	335 	337
f 1677 	337 	1678
f 1744 	1748 	1747
f 1132 	1585 	1749
f 1736 	1733 	1747
f 1678 	337 	339
f 1678 	339 	1680
f 1748 	1736 	1747
f 1750 	1130 	1749
f 1754 	1750 	1749
f 1132 	1749 	1130
f 1680 	339 	340
f 1680 	340 	1681
f 1681 	340 	338
f 1681 	338 	1679
f 1751 	1131 	1130
f 924 	1131 	1751
f 1750 	1751 	1130
f 1751 	1752 	924
f 924 	1752 	1794
f 1753 	1755 	1754
f 1753 	1480 	1745
f 1480 	1753 	1754
f 1794 	1755 	1791
f 1766 	1807 	1664
f 1794 	1752 	1755
f 1726 	1729 	1757
f 1750 	1754 	1755
f 1766 	1664 	1758
f 1755 	1752 	1751
f 1750 	1755 	1751
f 1759 	1760 	1741
f 1756 	1757 	1729
f 1760 	1761 	1741
f 1761 	1745 	1741
f 1761 	1753 	1745
f 1930 	1757 	1756
f 1741 	1719 	1722
f 1722 	1759 	1741
f 1659 	1758 	1665
f 1722 	1763 	1759
f 1760 	1759 	1790
f 1645 	1664 	1765
f 1763 	1790 	1759
f 1577 	1727 	1775
f 1765 	1664 	1807
f 1763 	1764 	1791
f 1577 	1775 	1776
f 1790 	1763 	1791
f 1767 	1645 	1765
f 1578 	1582 	1931
f 1765 	1779 	1767
f 1704 	1578 	1931
f 1704 	1933 	1721
f 1541 	1491 	1966
f 1778 	274 	1455
f 1914 	1705 	1709
f 1613 	1596 	1916
f 1659 	1766 	1758
f 1596 	1717 	1916
f 1613 	1916 	1718
f 1773 	1659 	1787
f 1717 	2058 	1916
f 1781 	1782 	1656
f 1782 	1635 	1656
f 1638 	1767 	1769
f 818 	1771 	827
f 1625 	1873 	1627
f 1936 	1739 	1746
f 1746 	1940 	1936
f 818 	823 	1771
f 1919 	1721 	1933
f 1739 	1730 	1746
f 823 	1627 	1771
f 1714 	1735 	1732
f 1620 	1621 	1773
f 1717 	1590 	1772
f 1714 	1821 	1735
f 827 	1777 	1773
f 827 	1771 	1777
f 1934 	1686 	1770
f 1772 	1721 	1919
f 1773 	1777 	1774
f 1764 	1763 	1737
f 1638 	1769 	1455
f 1775 	586 	1776
f 1767 	1632 	1653
f 1767 	1779 	1769
f 1635 	1769 	1779
f 1635 	1779 	1941
f 1782 	1802 	1635
f 1799 	1793 	1693
f 1793 	1792 	1695
f 1784 	1471 	1783
f 1679 	1783 	1471
f 1778 	1802 	1777
f 1782 	1781 	1777
f 1781 	1780 	1777
f 1780 	1796 	1777
f 1774 	1777 	1796
f 1789 	1620 	1773
f 1786 	1659 	1784
f 1695 	1693 	1793
f 1761 	1760 	1790
f 1796 	1780 	1637
f 1783 	1679 	347
f 338 	347 	1679
f 1783 	347 	348
f 1783 	348 	1784
f 1755 	1753 	1761
f 1755 	1761 	1790
f 1784 	348 	349
f 1784 	349 	1786
f 1781 	1656 	1780
f 1793 	1083 	1792
f 1786 	349 	350
f 1786 	350 	1787
f 1791 	1755 	1790
f 1787 	350 	351
f 1787 	351 	1788
f 1788 	351 	352
f 1788 	352 	1789
f 1789 	352 	1620
f 1792 	1083 	1798
f 1797 	1798 	1083
f 1795 	1797 	1083
f 1799 	1083 	1793
f 1764 	924 	1791
f 1737 	924 	1764
f 1637 	1774 	1796
f 1697 	1797 	1795
f 1876 	1697 	1795
f 180 	1455 	274
f 1782 	1777 	1802
f 1635 	1802 	1778
f 1773 	1803 	1766
f 1633 	1800 	1801
f 1659 	1773 	1766
f 1799 	1162 	1166
f 1693 	1162 	1799
f 1788 	1773 	1787
f 1799 	1166 	1069
f 1778 	1769 	1635
f 1631 	1942 	1719
f 1829 	1828 	1319
f 1778 	1455 	1769
f 1831 	1830 	1321
f 1320 	1829 	1319
f 1792 	1798 	1695
f 1320 	1833 	1829
f 1798 	1797 	1696
f 1801 	1631 	1629
f 1766 	1803 	1807
f 1803 	1637 	1636
f 1811 	1809 	1898
f 1831 	1321 	1358
f 1809 	370 	1808
f 372 	1809 	1811
f 1804 	1831 	1358
f 1803 	1774 	1637
f 1423 	1427 	1810
f 52 	1808 	370
f 1318 	1368 	1804
f 373 	372 	1811
f 373 	1811 	1812
f 1773 	1774 	1803
f 1810 	1844 	1814
f 1815 	1813 	1844
f 1813 	1814 	1844
f 1641 	364 	1812
f 1787 	1659 	1786
f 1641 	1812 	1898
f 1812 	1811 	1898
f 1809 	1808 	1898
f 1779 	1765 	1941
f 1833 	1321 	1830
f 1915 	1816 	1800
f 1318 	1804 	1358
f 1768 	1785 	1770
f 1813 	1815 	1418
f 1418 	1815 	1274
f 1805 	1419 	1815
f 1815 	1806 	1805
f 793 	1500 	1499
f 1274 	1815 	1419
f 1826 	1851 	1498
f 312 	311 	1674
f 312 	1674 	1819
f 1845 	1820 	1430
f 1746 	1823 	1822
f 1823 	1746 	1825
f 1440 	1810 	1427
f 1740 	1936 	2000
f 1440 	1824 	1810
f 1740 	1739 	1936
f 1824 	1440 	1846
f 1817 	1363 	1364
f 1818 	1363 	1840
f 1821 	1822 	1823
f 1817 	1840 	1363
f 1499 	1498 	793
f 1817 	1849 	1840
f 1818 	1840 	1847
f 1935 	1827 	1825
f 1825 	1827 	1821
f 1833 	1830 	1829
f 1830 	1831 	1829
f 1860 	1862 	1829
f 793 	1498 	790
f 1831 	1834 	1829
f 1861 	1859 	1435
f 794 	792 	1500
f 790 	1498 	1851
f 1805 	1858 	1832
f 1831 	1804 	1834
f 1805 	1806 	1858
f 1834 	1860 	1829
f 1419 	1805 	1832
f 1817 	1838 	1849
f 1832 	1478 	1419
f 1837 	1847 	1828
f 1828 	1847 	1849
f 1838 	1839 	1849
f 1839 	1842 	1849
f 1828 	1849 	1842
f 1841 	1835 	1843
f 1838 	1817 	1366
f 1845 	1846 	1820
f 1839 	1360 	1842
f 1845 	1430 	1844
f 1835 	1836 	1843
f 1366 	1839 	1838
f 1485 	1844 	1430
f 1429 	1820 	1846
f 1828 	1842 	1360
f 1818 	1837 	1362
f 1840 	1849 	1847
f 1818 	1847 	1837
f 1848 	1810 	1824
f 1855 	1824 	1846
f 1827 	1746 	1735
f 1835 	1841 	1826
f 1848 	1824 	1855
f 1735 	1821 	1827
f 1821 	1823 	1825
f 1844 	1810 	1845
f 1848 	1845 	1810
f 1848 	1855 	1845
f 1864 	1865 	1829
f 1846 	1845 	1855
f 1804 	1368 	1853
f 525 	1851 	1854
f 1854 	1851 	1852
f 1436 	1856 	1857
f 525 	790 	1851
f 1858 	1856 	1832
f 1850 	1837 	1871
f 1837 	1850 	1362
f 493 	1851 	492
f 1746 	1822 	1940
f 1851 	494 	492
f 1856 	1478 	1832
f 1862 	1864 	1829
f 1436 	1857 	1476
f 1834 	1804 	1860
f 1841 	1843 	1851
f 1853 	1860 	1804
f 1843 	1836 	1851
f 1862 	1860 	1853
f 1476 	1857 	1861
f 1851 	1922 	1926
f 1844 	1866 	1859
f 1859 	1861 	1844
f 1844 	1856 	1858
f 1858 	1806 	1844
f 1851 	1923 	1922
f 1312 	1853 	1314
f 1856 	1844 	1857
f 1862 	1863 	1864
f 1851 	1878 	1923
f 1806 	1815 	1844
f 1828 	1829 	1837
f 1865 	1871 	1829
f 1871 	1837 	1829
f 1857 	1844 	1861
f 1853 	1863 	1862
f 1851 	1879 	1878
f 1844 	1485 	1866
f 1863 	1865 	1864
f 1853 	1312 	1863
f 1841 	1851 	1826
f 1867 	1868 	1866
f 1868 	1859 	1866
f 1865 	1863 	1312
f 1852 	1869 	1854
f 1435 	1859 	1868
f 1865 	1312 	1313
f 1870 	1869 	1852
f 1850 	1865 	1313
f 1869 	1870 	500
f 1865 	1850 	1871
f 500 	516 	1869
f 509 	508 	1872
f 1866 	1485 	1867
f 516 	1872 	1869
f 1626 	1873 	1625
f 1777 	1771 	1873
f 1771 	1627 	1873
f 274 	1778 	1873
f 1777 	1873 	1778
f 1592 	1604 	1873
f 1851 	1870 	1852
f 799 	124 	127
f 668 	127 	116
f 1697 	1874 	1177
f 1874 	1697 	1876
f 494 	1851 	497
f 499 	1870 	1851
f 1876 	1875 	1874
f 1870 	499 	500
f 1899 	1083 	541
f 1876 	1083 	1875
f 1795 	1083 	1876
f 499 	1851 	493
f 1869 	1872 	525
f 548 	1083 	551
f 508 	525 	1872
f 1900 	1877 	1682
f 1506 	1498 	1877
f 1880 	1881 	1882
f 1881 	1883 	1882
f 1881 	1835 	1883
f 1882 	1884 	1880
f 1881 	1880 	1886
f 1689 	1506 	1688
f 1887 	1885 	1884
f 1880 	1885 	1886
f 1884 	1885 	1880
f 1883 	1889 	1882
f 1882 	1888 	1884
f 1882 	1889 	1888
f 1633 	1634 	1915
f 1891 	540 	1890
f 1892 	540 	1891
f 1800 	1633 	1915
f 1688 	540 	1893
f 1109 	699 	540
f 1816 	1801 	1800
f 1890 	540 	700
f 1893 	540 	1892
f 1689 	1691 	1506
f 924 	1913 	1905
f 1892 	1891 	10
f 1892 	10 	11
f 1892 	11 	1893
f 11 	1688 	1893
f 1894 	1950 	1816
f 1905 	1907 	924
f 1875 	1083 	1897
f 1897 	1083 	1896
f 1897 	1683 	1874
f 1897 	1651 	1683
f 1897 	1874 	1875
f 1651 	1897 	1896
f 1896 	1083 	1900
f 548 	541 	1083
f 1900 	1682 	1651
f 1900 	1651 	1896
f 1877 	1900 	1899
f 1898 	1901 	1902
f 1877 	1899 	541
f 1907 	1905 	1904
f 1906 	1904 	1905
f 922 	924 	1907
f 709 	714 	540
f 1909 	1979 	1908
f 714 	1109 	540
f 1902 	1903 	1904
f 1911 	1904 	1908
f 1910 	1904 	1911
f 1907 	1904 	1910
f 1908 	1904 	1909
f 1898 	1902 	1904
f 1909 	1904 	1903
f 1915 	1898 	1904
f 1906 	1912 	1904
f 67 	545 	587
f 1915 	1904 	1912
f 67 	602 	709
f 1912 	1905 	1913
f 1912 	1906 	1905
f 1685 	1877 	541
f 1913 	924 	1895
f 1894 	1912 	1913
f 541 	540 	1685
f 1895 	1894 	1913
f 67 	709 	540
f 587 	602 	67
f 71 	60 	1901
f 60 	1903 	1902
f 1776 	585 	1914
f 1907 	58 	1341
f 1915 	1634 	1898
f 1912 	1894 	1915
f 1816 	1915 	1894
f 2009 	1884 	1888
f 1611 	1718 	1917
f 2009 	1887 	1884
f 1888 	1889 	1445
f 1445 	1883 	1826
f 1835 	1826 	1883
f 1883 	1445 	1889
f 573 	1917 	1916
f 1918 	1886 	1885
f 1917 	1718 	1916
f 1717 	1920 	2058
f 1887 	1918 	1885
f 1887 	1921 	1918
f 1918 	1921 	1836
f 1918 	1836 	1835
f 1772 	1920 	1717
f 1886 	1918 	1835
f 1835 	1881 	1886
f 1836 	1921 	1851
f 1924 	497 	1851
f 1851 	1926 	1924
f 1727 	1726 	1925
f 2069 	1738 	1611
f 2069 	1611 	1917
f 51 	478 	1926
f 478 	1924 	1926
f 1775 	1727 	1925
f 1879 	1851 	1921
f 1484 	459 	1552
f 459 	1888 	1552
f 1928 	1957 	1491
f 1491 	1605 	1928
f 1930 	1756 	1927
f 1738 	2069 	1927
f 1927 	1756 	1738
f 1757 	1925 	1726
f 1929 	867 	1925
f 1927 	1929 	1925
f 1925 	1757 	1930
f 1927 	1925 	1930
f 1932 	1934 	1770
f 584 	1582 	1705
f 1914 	584 	1705
f 1825 	1746 	1935
f 1770 	1785 	1956
f 1746 	1827 	1935
f 1770 	1956 	1932
f 1471 	1784 	1659
f 1788 	1789 	1773
f 1937 	1938 	1939
f 1807 	1803 	1636
f 1635 	1941 	1946
f 1341 	922 	1907
f 1943 	1720 	1944
f 1655 	1635 	1946
f 1944 	1734 	1942
f 1944 	1942 	1945
f 1941 	1765 	1807
f 1631 	1801 	1945
f 1945 	1942 	1631
f 1734 	1944 	1720
f 1953 	1644 	1655
f 1947 	1801 	1816
f 1948 	1894 	1895
f 1949 	1948 	924
f 1948 	1895 	924
f 1950 	1894 	1948
f 1948 	1949 	1950
f 1949 	1951 	1950
f 1822 	1821 	1952
f 1949 	1944 	1951
f 1807 	1946 	1941
f 1949 	1943 	1944
f 1947 	1816 	1950
f 1655 	1946 	1953
f 1950 	1951 	1947
f 1998 	1940 	1952
f 1945 	1947 	1951
f 1944 	1945 	1951
f 1953 	1636 	1644
f 1945 	1801 	1947
f 1807 	1636 	1953
f 1807 	1953 	1946
f 1822 	1952 	1940
f 1910 	58 	1907
f 1497 	792 	1013
f 794 	1500 	793
f 52 	48 	1898
f 142 	1898 	48
f 1808 	52 	1898
f 1497 	1500 	792
f 821 	744 	2077
f 525 	1954 	2046
f 421 	1198 	419
f 523 	564 	1955
f 1938 	1928 	1939
f 2046 	1954 	103
f 100 	103 	1954
f 821 	2077 	1197
f 1955 	100 	1954
f 1954 	523 	1955
f 1484 	1686 	459
f 1969 	575 	572
f 1934 	1932 	1956
f 733 	1960 	1959
f 2079 	2078 	1961
f 1785 	1768 	1956
f 1959 	1962 	731
f 2078 	2077 	744
f 733 	1959 	731
f 1491 	1957 	1966
f 1966 	1768 	1487
f 733 	1958 	1960
f 744 	1961 	2078
f 1487 	1541 	1966
f 1961 	1995 	1993
f 1934 	459 	1686
f 749 	748 	1965
f 1958 	1963 	1964
f 1958 	1964 	1960
f 1768 	1996 	1956
f 1964 	1959 	1960
f 749 	1965 	1961
f 564 	2018 	1955
f 1996 	1768 	1966
f 1937 	1605 	1970
f 1968 	2026 	1969
f 2026 	574 	1969
f 1970 	1938 	1937
f 1970 	1999 	1938
f 1898 	142 	74
f 1898 	74 	1901
f 1902 	1901 	60
f 1976 	1973 	1975
f 731 	2018 	564
f 1978 	1908 	1979
f 1974 	1977 	1975
f 1983 	1977 	1974
f 572 	2025 	1969
f 1980 	1983 	1974
f 1903 	60 	66
f 1981 	1978 	1979
f 1980 	748 	750
f 1909 	1903 	1981
f 1903 	66 	1981
f 1974 	748 	1980
f 1981 	1979 	1909
f 1975 	1977 	1976
f 1981 	66 	65
f 62 	1981 	65
f 1983 	1985 	1977
f 1978 	1910 	1911
f 1982 	1962 	1959
f 1985 	1976 	1977
f 62 	1978 	1981
f 1978 	58 	1910
f 1973 	1967 	1975
f 1908 	1978 	1911
f 922 	206 	923
f 923 	894 	131
f 1982 	1959 	1964
f 2006 	1972 	1986
f 375 	374 	33
f 376 	375 	33
f 1988 	1987 	1982
f 1963 	1984 	1964
f 941 	935 	1985
f 1964 	1988 	1982
f 1964 	1984 	1988
f 572 	475 	274
f 1674 	1961 	1990
f 1966 	1957 	1996
f 1991 	1965 	748
f 1975 	1967 	748
f 1991 	748 	1967
f 1992 	1996 	1957
f 1991 	1967 	1961
f 1961 	1967 	1973
f 1674 	1351 	1961
f 1970 	1605 	475
f 1961 	1973 	1986
f 1494 	475 	1605
f 1961 	1965 	1991
f 748 	1974 	1975
f 1961 	1986 	1972
f 1999 	1970 	1971
f 1993 	1989 	1961
f 1938 	1999 	1928
f 1972 	1995 	1961
f 1445 	1552 	1888
f 1989 	1990 	1961
f 1972 	2005 	1995
f 1993 	1995 	2013
f 1995 	2005 	2013
f 1952 	1821 	1997
f 2003 	1992 	1994
f 1996 	1992 	2003
f 461 	1934 	1956
f 475 	1999 	1971
f 475 	1494 	188
f 2002 	2001 	1998
f 472 	1928 	1999
f 476 	472 	1999
f 2002 	1998 	1952
f 2002 	1952 	1997
f 461 	459 	1934
f 1674 	1990 	1819
f 2000 	1998 	2001
f 473 	467 	2003
f 1936 	1940 	1998
f 467 	466 	2003
f 2000 	1936 	1998
f 2033 	1740 	2000
f 1996 	2003 	466
f 1956 	1996 	466
f 1740 	2033 	180
f 465 	1956 	466
f 1973 	2019 	2017
f 471 	1956 	465
f 471 	461 	1956
f 1992 	1957 	472
f 1994 	1992 	472
f 1973 	2004 	2019
f 2006 	2005 	1972
f 472 	473 	2003
f 2016 	2006 	1986
f 1928 	472 	1957
f 2015 	2006 	2016
f 1999 	475 	476
f 188 	274 	475
f 475 	1971 	1970
f 1973 	1976 	2004
f 2007 	2004 	1976
f 1976 	1985 	2007
f 2003 	1994 	472
f 1888 	2008 	2009
f 1962 	2018 	731
f 1985 	935 	2022
f 459 	2009 	2008
f 2022 	2007 	1985
f 1888 	459 	2008
f 1982 	2018 	1962
f 1879 	2010 	1878
f 1879 	55 	2010
f 55 	56 	2010
f 1878 	2010 	56
f 54 	1878 	56
f 459 	462 	2009
f 1704 	1931 	1933
f 2009 	462 	451
f 1879 	1921 	453
f 55 	1879 	453
f 1923 	1878 	54
f 451 	1887 	2009
f 1921 	1887 	451
f 1921 	451 	453
f 1933 	2012 	1919
f 1982 	1987 	2021
f 1922 	477 	51
f 1989 	1993 	2013
f 2021 	2018 	1982
f 54 	477 	1922
f 1923 	54 	1922
f 2027 	1989 	2013
f 1922 	51 	1926
f 2014 	2026 	2011
f 2014 	2011 	1988
f 478 	53 	1924
f 1984 	2014 	1988
f 2013 	2005 	2023
f 497 	1924 	53
f 2019 	1104 	2017
f 2017 	1104 	2016
f 2016 	1973 	2017
f 54 	56 	477
f 1986 	1973 	2016
f 2006 	2020 	2005
f 2015 	1104 	2020
f 1047 	1104 	2022
f 2022 	1104 	2019
f 2016 	1104 	2015
f 1047 	2022 	2024
f 2015 	2020 	2006
f 2019 	2007 	2022
f 935 	933 	2024
f 1969 	2025 	1968
f 2024 	2022 	935
f 2005 	2020 	2023
f 2004 	2007 	2019
f 2026 	2032 	2011
f 2026 	2042 	2032
f 2021 	1987 	2036
f 2020 	1104 	2023
f 2030 	1989 	2027
f 2013 	2023 	2027
f 2029 	1997 	1821
f 2029 	1821 	2028
f 1963 	2026 	1984
f 2014 	1984 	2026
f 2028 	1819 	1990
f 2029 	2028 	2030
f 2029 	2030 	2031
f 2051 	2018 	2021
f 2034 	1997 	2029
f 2028 	1990 	1989
f 2028 	1989 	2030
f 2031 	2030 	2033
f 1988 	2011 	2032
f 2034 	2029 	2035
f 2031 	2035 	2029
f 2038 	2036 	2032
f 1155 	180 	2030
f 2021 	2045 	2050
f 2002 	2031 	2001
f 2000 	2001 	2031
f 1987 	2032 	2036
f 2033 	2000 	2031
f 1987 	1988 	2032
f 2035 	1997 	2034
f 2035 	2031 	2002
f 1997 	2035 	2002
f 2033 	2030 	180
f 2027 	1104 	2030
f 1049 	1104 	1048
f 2023 	1104 	2027
f 2032 	2042 	2038
f 2036 	2038 	2042
f 2039 	2040 	85
f 2040 	2043 	85
f 2043 	2044 	85
f 2026 	2037 	2042
f 144 	146 	2025
f 144 	2025 	594
f 2047 	2048 	265
f 2041 	265 	2044
f 588 	241 	2018
f 2021 	2050 	2051
f 2039 	85 	850
f 2041 	2047 	265
f 2036 	2042 	2045
f 2042 	2037 	2045
f 939 	944 	2039
f 2037 	2052 	2045
f 2036 	2045 	2021
f 241 	1955 	2018
f 2039 	955 	2040
f 955 	2039 	944
f 100 	1955 	101
f 241 	588 	665
f 525 	2046 	596
f 93 	2047 	2041
f 2046 	103 	241
f 233 	2044 	2043
f 596 	790 	525
f 2039 	849 	939
f 792 	1197 	1013
f 2039 	850 	849
f 1198 	1014 	1197
f 1013 	1197 	1014
f 1014 	1198 	1199
f 2047 	93 	92
f 241 	105 	1955
f 2025 	572 	274
f 236 	93 	2041
f 232 	2043 	2040
f 958 	232 	2040
f 2040 	946 	958
f 236 	2044 	264
f 2018 	2051 	588
f 552 	588 	2051
f 236 	2041 	2044
f 2055 	2037 	2049
f 2037 	22 	2049
f 2049 	2050 	2052
f 2102 	265 	2048
f 2050 	2053 	2051
f 2048 	2047 	94
f 2055 	2049 	2052
f 2047 	92 	94
f 2049 	22 	150
f 2049 	150 	2050
f 2052 	2050 	2045
f 2102 	2048 	2103
f 2048 	94 	2054
f 2037 	2055 	2052
f 22 	2037 	42
f 2054 	94 	271
f 270 	273 	2054
f 2026 	42 	2037
f 2054 	271 	270
f 2054 	2103 	2048
f 911 	1481 	2116
f 1968 	145 	2026
f 2116 	2112 	911
f 594 	2025 	274
f 2068 	2064 	931
f 2064 	301 	902
f 150 	2053 	2050
f 12 	150 	245
f 12 	245 	255
f 12 	2053 	150
f 2051 	2053 	12
f 12 	552 	2051
f 2065 	2057 	2056
f 2060 	1917 	573
f 2012 	1772 	1919
f 306 	902 	301
f 570 	858 	2058
f 2012 	1920 	1772
f 2062 	2058 	1920
f 2012 	2062 	1920
f 586 	585 	1776
f 584 	847 	1931
f 582 	570 	2012
f 853 	1914 	585
f 2063 	2072 	2059
f 2058 	573 	1916
f 302 	2066 	2065
f 2065 	2066 	2067
f 570 	2058 	2062
f 2058 	858 	856
f 573 	2058 	856
f 2064 	2068 	2065
f 2064 	2065 	2067
f 2054 	2065 	2056
f 570 	2062 	2012
f 2012 	1933 	582
f 1933 	847 	582
f 1933 	1931 	847
f 2054 	273 	2065
f 2066 	2064 	2067
f 853 	584 	1914
f 2060 	573 	854
f 584 	1931 	1582
f 1775 	1925 	869
f 2070 	2057 	2065
f 1925 	867 	869
f 2070 	2059 	2057
f 865 	867 	1929
f 1927 	874 	865
f 2068 	2070 	2065
f 874 	1927 	2071
f 2063 	2070 	2061
f 2063 	2059 	2070
f 1929 	1927 	865
f 869 	586 	1775
f 2071 	1927 	2069
f 854 	2071 	2069
f 2059 	2097 	2057
f 2060 	854 	2069
f 2069 	1917 	2060
f 2063 	2090 	2072
f 2074 	1618 	2075
f 1742 	1747 	2077
f 1569 	1586 	2073
f 2083 	2061 	2076
f 2061 	2083 	2089
f 2061 	2089 	2090
f 2063 	2061 	2090
f 2072 	2090 	2092
f 2078 	2079 	2082
f 2076 	2070 	2068
f 1762 	1197 	2077
f 2082 	2079 	2084
f 2075 	1742 	2077
f 2086 	2087 	2079
f 2076 	2068 	2083
f 2083 	2068 	2095
f 2076 	2061 	2070
f 902 	931 	2064
f 2103 	2054 	2126
f 1016 	2081 	897
f 1016 	2073 	2081
f 2080 	2073 	1016
f 2074 	2081 	2073
f 2059 	2072 	2097
f 1003 	897 	2075
f 2075 	2082 	1003
f 1570 	1569 	2073
f 2073 	2080 	1570
f 2074 	2075 	2081
f 897 	2081 	2075
f 2082 	2075 	2077
f 2077 	2078 	2082
f 2068 	59 	2095
f 2084 	2079 	1041
f 2072 	2092 	2097
f 2084 	1041 	1003
f 2084 	1003 	2082
f 1041 	2085 	1009
f 1041 	2079 	2085
f 1041 	1009 	1010
f 2079 	1079 	2086
f 2088 	2085 	2079
f 2087 	2088 	2079
f 1009 	2085 	276
f 279 	278 	2087
f 279 	2087 	2086
f 2087 	278 	280
f 2087 	280 	2088
f 2088 	280 	276
f 2088 	276 	2085
f 1079 	279 	2086
f 2090 	2089 	2092
f 2091 	429 	1520
f 1550 	429 	2091
f 1550 	2091 	413
f 416 	413 	2091
f 1520 	416 	2091
f 2080 	560 	2093
f 2093 	550 	504
f 2093 	504 	1554
f 505 	1554 	504
f 560 	550 	2093
f 506 	2094 	507
f 1547 	507 	2094
f 1547 	1558 	507
f 505 	507 	1554
f 507 	1558 	1554
f 445 	429 	1542
f 1543 	1542 	429
f 445 	1542 	2094
f 439 	1405 	1537
f 429 	1305 	1519
f 1283 	1514 	1305
f 414 	429 	430
f 1537 	444 	439
f 1535 	441 	1537
f 430 	431 	414
f 1526 	432 	1522
f 432 	443 	404
f 1522 	432 	404
f 1527 	433 	432
f 1526 	1527 	432
f 1524 	431 	433
f 2098 	2089 	2096
f 1533 	441 	1535
f 441 	1533 	404
f 2083 	2095 	2096
f 2098 	2096 	2095
f 2098 	2128 	2100
f 2096 	2089 	2083
f 2099 	2098 	2100
f 2089 	2098 	2099
f 2100 	2127 	2099
f 2100 	2128 	2127
f 2127 	2056 	2057
f 2099 	2092 	2089
f 330 	331 	2101
f 2102 	2101 	331
f 1481 	1108 	2116
f 2126 	685 	2103
f 2054 	2056 	2126
f 2103 	2101 	2102
f 334 	330 	2121
f 2104 	344 	2105
f 346 	2104 	2105
f 2104 	2122 	2105
f 2107 	2104 	2105
f 2105 	344 	346
f 2107 	2106 	2108
f 2105 	2106 	2107
f 2106 	2109 	2110
f 2111 	2108 	2106
f 2111 	2106 	2110
f 2111 	2110 	2109
f 2103 	2124 	2101
f 2109 	2122 	2108
f 2109 	2108 	2111
f 417 	911 	2112
f 479 	420 	2112
f 2112 	2113 	480
f 2112 	480 	479
f 2114 	344 	2115
f 2117 	2116 	484
f 2113 	2112 	2116
f 2113 	2116 	2117
f 2104 	346 	2115
f 490 	2122 	2114
f 2122 	2104 	2115
f 2114 	2115 	2119
f 2114 	2119 	2118
f 2115 	2104 	2119
f 2107 	2119 	2104
f 482 	342 	2114
f 482 	2114 	2120
f 485 	2117 	484
f 2114 	334 	2120
f 482 	490 	2114
f 482 	2114 	2120
f 487 	482 	2120
f 2118 	487 	2114
f 2120 	2114 	487
f 485 	480 	2117
f 2121 	488 	334
f 2106 	2122 	2109
f 2122 	2106 	2105
f 2115 	2114 	2122
f 2122 	2119 	2108
f 2107 	2108 	2119
f 2123 	489 	488
f 2123 	488 	2121
f 490 	489 	2123
f 490 	2123 	2122
f 2125 	495 	2118
f 2124 	2125 	2123
f 2121 	2124 	2123
f 2122 	2123 	2118
f 2122 	2118 	2119
f 2121 	2101 	2124
f 501 	495 	502
f 2118 	2123 	2125
f 2103 	685 	2125
f 2124 	2103 	2125
f 502 	495 	685
f 50 	49 	2126
f 2126 	689 	685
f 2098 	2095 	25
f 25 	2129 	2098
f 2099 	2127 	2092
f 2098 	2129 	2128
f 2129 	2127 	2128
f 2130 	2132 	2127
f 2130 	2127 	2131
f 2127 	2129 	2131
f 2097 	2092 	2127
f 2057 	2097 	2127
f 61 	2056 	2127
f 59 	25 	2095
f 25 	2130 	2131
f 27 	2132 	2133
f 2133 	63 	68
f 32 	27 	2133
f 2133 	68 	32
f 2131 	2129 	25
f 27 	61 	2127
f 27 	2127 	2132
f 931 	132 	2068
f 2068 	825 	59
f 50 	2126 	61
f 2056 	61 	2126
f 59 	57 	25
# 4372 faces

 #end of obj_0

