# Object Export From Tinkercad Server 2015

mtllib obj.mtl

o obj_0
v 81 		-6.3 		162.4
v 49.6 		4.3 		151.8
v 49.6 		3.3 		153.9
v 49.6 		4.3 		153.9
v 50.4 		4.3 		151.8
v 52.5 		4.3 		151.8
v 50.4 		4.3 		153.9
v 52.5 		3.3 		151.8
v -17.771 		5.911 		0.141
v 50.4 		3.3 		153.9
v 49.6 		4.3 		151
v 49.6 		4.3 		148.9
v 49.6 		3.3 		148.9
v 50.4 		4.3 		151
v 50.4 		4.3 		148.9
v 50.4 		3.3 		148.9
v -17.771 		6.083 		0.002
v 52.5 		4.3 		151
v 52.5 		3.3 		151
v 49.6 		-5.7 		151
v 49.6 		-5.7 		151.8
v -17.029 		6.117 		0.002
v 50.4 		-5.7 		151
v 50.4 		-5.7 		151.8
v 59.6 		3.3 		143.9
v 59.6 		4.3 		143.9
v 60.4 		4.3 		143.9
v 60.4 		3.3 		143.9
v -64.086 		6.199 		162.771
v 7.5 		4.3 		21.8
v 7.5 		4.3 		21
v -65.2 		6.159 		162.789
v 62.5 		4.3 		141
v 62.5 		3.3 		141
v 62.5 		4.3 		141.8
v 62.5 		3.3 		141.8
v 59.6 		4.3 		141
v -65.2 		6.289 		162.659
v 60.4 		4.3 		141
v 57.5 		4.3 		141
v 57.5 		4.3 		141.8
v 59.6 		4.3 		141.8
v 60.4 		4.3 		141.8
v -64.457 		6.017 		162.778
v 57.5 		3.3 		141
v 57.5 		3.3 		141.8
v -64.457 		5.922 		162.683
v 59.6 		-5.7 		141
v 60.4 		-5.7 		141
v -81 		-6.3 		162.4
v 59.6 		-5.7 		141.8
v 60.4 		-5.7 		141.8
v 49.6 		3.3 		143.9
v 49.6 		4.3 		143.9
v 50.4 		4.3 		143.9
v 50.4 		3.3 		143.9
v -65.2 		5.911 		162.659
v 7.5 		3.3 		21
v 49.6 		4.3 		141
v 50.4 		4.3 		141
v 47.5 		3.3 		131
v 47.5 		4.3 		131
v 42.5 		3.3 		131
v 52.5 		4.3 		141
v 42.5 		4.3 		131
v 49.6 		4.3 		141.8
v 50.4 		4.3 		141.8
v 52.5 		4.3 		141.8
v 37.5 		3.3 		131
v 37.5 		4.3 		131
v 39.6 		4.3 		131
v 52.5 		3.3 		141
v 39.6 		4.3 		128.9
v 39.6 		3.3 		128.9
v -20.371 		6.264 		0.095
v 40.4 		4.3 		131
v 52.5 		3.3 		141.8
v 40.4 		3.3 		128.9
v 40.4 		4.3 		128.9
v 49.6 		-5.7 		141
v 50.4 		-5.7 		141
v 39.6 		3.3 		123.9
v 39.6 		4.3 		123.9
v 40.4 		4.3 		123.9
v 49.6 		-5.7 		141.8
v 40.4 		3.3 		123.9
v -20.4 		4.3 		1.2
v -19.6 		4.3 		1.2
v 50.4 		-5.7 		141.8
v 39.6 		-5.7 		131
v 40.4 		-5.7 		131
v 59.6 		4.3 		138.9
v 59.6 		3.3 		138.9
v -18.514 		6.017 		0.022
v 60.4 		4.3 		138.9
v 42.5 		4.3 		121
v 42.5 		3.3 		121
v 60.4 		3.3 		138.9
v 47.5 		3.3 		121
v 47.5 		4.3 		121
v 62.5 		3.3 		131.8
v 62.5 		4.3 		131.8
v 42.5 		4.3 		121.8
v 47.5 		4.3 		121.8
v 42.5 		3.3 		121.8
v 47.5 		3.3 		121.8
v 57.5 		4.3 		131.8
v 59.6 		4.3 		131.8
v 57.5 		3.3 		131.8
v 81.303 		6.269 		23.443
v 59.6 		3.3 		133.9
v 59.6 		4.3 		133.9
v 81.284 		6.271 		24
v 60.4 		4.3 		133.9
v 81.2768 		6.2737 		24.576
v 60.4 		4.3 		131.8
v 60.4 		3.3 		133.9
v 81.387 		6.148 		23.35
v -18.514 		6.126 		0.004
v 59.6 		-5.7 		131.8
v 60.4 		-5.7 		131.8
v 81.353 		6.229 		22.886
v 7.5 		3.3 		21.8
v 49.6 		4.3 		138.9
v 49.6 		3.3 		138.9
v 50.4 		4.3 		138.9
v 50.4 		3.3 		138.9
v 49.6 		4.3 		131.8
v -19.6 		3.3 		3.9
v -20.4 		3.3 		3.9
v 49.6 		3.3 		133.9
v 49.6 		4.3 		133.9
v 52.5 		4.3 		131.8
v 50.4 		4.3 		131.8
v 50.4 		4.3 		133.9
v 52.5 		3.3 		131.8
v 50.4 		3.3 		133.9
v 49.6 		-5.7 		131.8
v 50.4 		-5.7 		131.8
v 81.283 		5.922 		23.629
v 81.32 		5.943 		24.371
v 47.5 		3.3 		151
v 47.5 		4.3 		151
v 42.5 		4.3 		151
v 42.5 		3.3 		151
v 47.5 		4.3 		151.8
v 42.5 		4.3 		151.8
v 47.5 		3.3 		151.8
v 81.385 		6.037 		24.186
v 42.5 		3.3 		151.8
v 81.343 		5.963 		23.071
v 81.388 		6.032 		22.886
v 39.6 		4.3 		161.6
v 39.6 		4.3 		158.9
v 39.6 		3.3 		158.9
v 40.4 		3.3 		158.9
v 40.4 		4.3 		158.9
v 40.4 		4.3 		161.6
v -59.6 		-5.7 		161.6
v -60.4 		-5.7 		161.6
v 39.6 		-5.7 		161.6
v -59.6 		4.3 		151.8
v -57.5 		4.3 		151.8
v 40.4 		-5.7 		161.6
v -57.5 		3.3 		151.8
v -59.6 		4.3 		153.9
v -59.6 		3.3 		153.9
v 37.5 		4.3 		151.8
v 39.6 		4.3 		151.8
v 37.5 		3.3 		151.8
v -60.4 		4.3 		151.8
v -60.4 		4.3 		153.9
v -60.4 		3.3 		153.9
v 39.6 		3.3 		153.9
v 39.6 		4.3 		153.9
v 81.341 		6.241 		20.657
v 81.374 		6.187 		22.05
v 40.4 		4.3 		153.9
v 40.4 		4.3 		151.8
v -62.5 		4.3 		151.8
v 40.4 		3.3 		153.9
v -62.5 		3.3 		151.8
v 37.5 		4.3 		121
v -59.6 		3.3 		148.9
v 39.6 		4.3 		121
v -59.6 		4.3 		148.9
v 39.6 		4.3 		151
v -59.6 		4.3 		151
v 39.6 		4.3 		148.9
v 39.6 		3.3 		148.9
v 37.5 		4.3 		121.8
v 39.6 		4.3 		121.8
v -60.4 		4.3 		148.9
v 40.4 		4.3 		151
v -60.4 		4.3 		151
v 40.4 		4.3 		148.9
v -60.4 		3.3 		148.9
v 40.4 		3.3 		148.9
v 39.6 		4.3 		118.9
v 40.4 		4.3 		121
v 37.5 		3.3 		151
v 37.5 		4.3 		151
v -57.5 		4.3 		151
v -57.5 		3.3 		151
v 40.4 		4.3 		121.8
v 40.4 		4.3 		118.9
v 39.6 		-5.7 		151
v -62.5 		3.3 		151
v -62.5 		4.3 		151
v 39.6 		-5.7 		151.8
v 37.5 		3.3 		121
v 37.5 		3.3 		121.8
v 40.4 		-5.7 		151
v 40.4 		-5.7 		151.8
v -59.6 		-5.7 		151
v -59.6 		-5.7 		151.8
v -60.4 		-5.7 		151
v 42.5 		4.3 		141
v 42.5 		3.3 		141
v 47.5 		3.3 		141
v 47.5 		4.3 		141
v -60.4 		-5.7 		151.8
v 42.5 		4.3 		141.8
v 47.5 		4.3 		141.8
v 39.6 		3.3 		118.9
v 42.5 		3.3 		141.8
v 47.5 		3.3 		141.8
v 40.4 		3.3 		118.9
v -49.6 		4.3 		143.9
v -49.6 		3.3 		143.9
v -50.4 		4.3 		143.9
v -50.4 		3.3 		143.9
v 39.6 		3.3 		143.9
v 39.6 		4.3 		143.9
v -49.6 		4.3 		141
v 40.4 		4.3 		143.9
v -50.4 		4.3 		141
v 40.4 		3.3 		143.9
v 39.6 		-5.7 		121
v -52.5 		4.3 		141
v -49.6 		4.3 		141.8
v 39.6 		-5.7 		121.8
v 39.6 		4.3 		141
v 40.4 		4.3 		141
v 37.5 		4.3 		141
v -52.5 		4.3 		141.8
v -50.4 		4.3 		141.8
v 40.4 		-5.7 		121
v 40.4 		-5.7 		121.8
v 37.5 		4.3 		141.8
v 39.6 		4.3 		141.8
v 40.4 		4.3 		141.8
v 62.5 		4.3 		111
v 62.5 		3.3 		111
v -52.5 		3.3 		141
v 62.5 		4.3 		111.8
v 62.5 		3.3 		111.8
v 37.5 		3.3 		141
v -52.5 		3.3 		141.8
v 37.5 		3.3 		141.8
v 57.5 		4.3 		111
v 59.6 		4.3 		111
v 57.5 		4.3 		111.8
v 59.6 		4.3 		111.8
v 59.6 		4.3 		113.9
v -49.6 		-5.7 		141
v 60.4 		4.3 		111
v -50.4 		-5.7 		141
v 60.4 		4.3 		113.9
v 60.4 		4.3 		111.8
v 39.6 		-5.7 		141
v -49.6 		-5.7 		141.8
v 40.4 		-5.7 		141
v -50.4 		-5.7 		141.8
v 39.6 		-5.7 		141.8
v 57.5 		3.3 		111
v 40.4 		-5.7 		141.8
v 57.5 		3.3 		111.8
v -59.6 		4.3 		143.9
v -59.6 		3.3 		143.9
v -60.4 		4.3 		143.9
v -60.4 		3.3 		143.9
v 2.5 		3.3 		21.8
v 2.5 		3.3 		21
v 59.6 		3.3 		113.9
v -59.6 		4.3 		141
v 2.5 		4.3 		21
v 2.5 		4.3 		21.8
v -60.4 		4.3 		141
v 0.4 		4.3 		21.8
v 0.4 		4.3 		23.9
v 0.4 		3.3 		23.9
v -57.5 		4.3 		141
v 60.4 		3.3 		113.9
v -59.6 		4.3 		141.8
v -57.5 		4.3 		141.8
v 0.4 		4.3 		21
v 59.6 		4.3 		108.9
v -60.4 		4.3 		141.8
v 59.6 		3.3 		108.9
v 60.4 		4.3 		108.9
v 60.4 		3.3 		108.9
v 0.4 		3.3 		18.9
v 0.4 		4.3 		18.9
v -57.5 		3.3 		141
v 59.6 		-5.7 		111
v 59.6 		-5.7 		111.8
v 0.4 		-5.7 		21.8
v -57.5 		3.3 		141.8
v 0.4 		-5.7 		21
v 60.4 		-5.7 		111
v 60.4 		-5.7 		111.8
v 30.4 		3.3 		13.9
v 29.6 		3.3 		13.9
v -62.5 		3.3 		141
v -62.5 		4.3 		141
v 30.4 		4.3 		13.9
v 29.6 		4.3 		13.9
v -62.5 		4.3 		141.8
v -62.5 		3.3 		141.8
v 32.5 		4.3 		11
v 32.5 		4.3 		11.8
v 29.6 		4.3 		8.9
v 30.4 		4.3 		8.9
v 30.4 		4.3 		11
v -59.6 		-5.7 		141
v 29.6 		4.3 		11
v -60.4 		-5.7 		141
v -59.6 		-5.7 		141.8
v 30.4 		4.3 		11.8
v -60.4 		-5.7 		141.8
v 29.6 		4.3 		11.8
v 32.5 		3.3 		11.8
v -49.6 		3.3 		138.9
v -49.6 		4.3 		138.9
v 32.5 		3.3 		11
v -50.4 		4.3 		138.9
v -50.4 		3.3 		138.9
v 30.4 		3.3 		8.9
v 29.6 		3.3 		8.9
v -49.6 		4.3 		131.8
v -49.6 		4.3 		133.9
v -49.6 		3.3 		133.9
v -52.5 		4.3 		131.8
v -50.4 		4.3 		131.8
v -50.4 		4.3 		133.9
v -52.5 		3.3 		131.8
v 27.5 		3.3 		11
v -50.4 		3.3 		133.9
v 27.5 		3.3 		11.8
v 27.5 		4.3 		11.8
v 27.5 		4.3 		11
v -49.6 		-5.7 		131.8
v -50.4 		-5.7 		131.8
v 30.4 		-5.7 		11
v -59.6 		3.3 		138.9
v -59.6 		4.3 		138.9
v 29.6 		-5.7 		11
v -60.4 		4.3 		138.9
v -60.4 		3.3 		138.9
v 30.4 		-5.7 		11.8
v -57.5 		4.3 		131.8
v -59.6 		4.3 		131.8
v -57.5 		3.3 		131.8
v 29.6 		-5.7 		11.8
v 19.6 		3.3 		13.9
v -59.6 		4.3 		133.9
v -59.6 		3.3 		133.9
v -60.4 		4.3 		131.8
v -60.4 		4.3 		133.9
v 42.5 		4.3 		131.8
v -60.4 		3.3 		133.9
v 47.5 		4.3 		131.8
v 42.5 		3.3 		131.8
v 47.5 		3.3 		131.8
v -62.5 		4.3 		131.8
v -62.5 		3.3 		131.8
v 39.6 		4.3 		138.9
v 39.6 		3.3 		138.9
v 40.4 		4.3 		138.9
v 40.4 		3.3 		138.9
v -59.6 		-5.7 		131.8
v -60.4 		-5.7 		131.8
v 39.6 		4.3 		131.8
v 37.5 		4.3 		131.8
v 37.5 		3.3 		131.8
v 80.2 		4.3 		21.8
v 39.6 		3.3 		133.9
v 39.6 		4.3 		133.9
v 40.4 		4.3 		131.8
v 40.4 		4.3 		133.9
v 40.4 		3.3 		133.9
v -22.229 		6.159 		0.011
v 39.6 		-5.7 		131.8
v 40.4 		-5.7 		131.8
v 30.4 		6.214 		162.763
v 30.4 		6.3 		161.8
v 30.4 		6.3 		162.6
v -23.714 		6.234 		0.054
v -24.457 		6.239 		0.061
v 80.2 		4.3 		21
v 28.914 		6.239 		162.739
v -23.714 		6.283 		0.124
v -22.971 		6.278 		0.117
v 81.388 		6.032 		20.657
v 81.381 		6.016 		21.4
v 29.657 		6.22 		162.757
v 30.4 		5.9 		162.6
v 30.4 		5.7 		162.4
v 30.4 		6.065 		162.797
v 30.4 		6.016 		162.781
v 30.4 		5.959 		162.741
v 81.398 		6.117 		21.4
v -24.457 		5.937 		0.086
v -22.971 		5.954 		0.066
v -22.971 		6.024 		0.017
v 77.5 		4.3 		21
v 77.5 		4.3 		21.8
v 77.5 		3.3 		21
v 29.657 		5.911 		162.659
v 77.5 		3.3 		21.8
v 28.914 		6.126 		162.796
v 20.4 		3.3 		13.9
v -66.686 		6.159 		162.789
v 20.4 		4.3 		13.9
v 19.6 		4.3 		13.9
v 81.291 		6.275 		19.729
v 22.5 		3.3 		11
v -23.714 		6.117 		0.005
v 22.5 		3.3 		11.8
v -22.971 		6.126 		0.004
v 22.5 		4.3 		11.8
v 22.5 		4.3 		11
v 19.6 		4.3 		8.9
v 20.4 		4.3 		8.9
v 17.5 		4.3 		11.8
v 17.5 		4.3 		11
v 20.4 		4.3 		11
v 20.4 		4.3 		11.8
v 19.6 		4.3 		11
v 81.272 		5.916 		20.1
v 81.263 		5.914 		19.456
v 19.6 		4.3 		11.8
v 28.914 		5.971 		162.753
v -20.4 		-5.7 		1.2
v -19.6 		-5.7 		1.2
v -25.2 		6.184 		0.019
v 29.6 		4.3 		161.6
v 30.4 		4.3 		161.6
v -25.2 		6.289 		0.141
v 30.4 		6.1 		161.6
v 30.4 		5.7 		161.6
v 29.6 		4.3 		158.9
v 29.6 		3.3 		158.9
v 30.4 		3.3 		158.9
v 30.4 		4.3 		158.9
v 26.7121 		6.2818 		162.6687
v 26.686 		6.289 		162.659
v 26.624 		6.2837 		162.6644
v 26.6253 		6.2837 		162.6643
v 20.4 		3.3 		8.9
v 19.6 		3.3 		8.9
v 81 		-6.3 		0.4
v 17.5 		3.3 		11
v 17.5 		3.3 		11.8
v -26.129 		5.913 		0.138
v 20.4 		-5.7 		11
v 20.4 		-5.7 		11.8
v 49.6 		4.3 		111
v 50.4 		4.3 		111
v 81.2 		5.9 		19.456
v 52.5 		4.3 		111
v 49.6 		4.3 		111.8
v -66.686 		6.049 		162.79
v 49.6 		4.3 		113.9
v 50.4 		4.3 		113.9
v 50.4 		4.3 		111.8
v -65.943 		5.961 		162.739
v 81.373 		6 		19.914
v 52.5 		4.3 		111.8
v -67.429 		5.914 		162.663
v 52.5 		3.3 		111
v 49.6 		3.3 		113.9
v 50.4 		3.3 		113.9
v 52.5 		3.3 		111.8
v 81.394 		6.113 		20.054
v 49.6 		4.3 		108.9
v 49.6 		3.3 		108.9
v 50.4 		4.3 		108.9
v 50.4 		3.3 		108.9
v 49.6 		-5.7 		111
v 50.4 		-5.7 		111
v -67.429 		6.117 		162.799
v 49.6 		-5.7 		111.8
v 50.4 		-5.7 		111.8
v 81.2591 		5.9131 		19.1774
v 81.252 		5.908 		19.171
v 81.2633 		5.9141 		19.0063
v 59.6 		3.3 		103.9
v 59.6 		4.3 		103.9
v 60.4 		4.3 		103.9
v 60.4 		3.3 		103.9
v 62.5 		4.3 		101
v 62.5 		3.3 		101
v 62.5 		4.3 		101.8
v 62.5 		3.3 		101.8
v 81.356 		5.983 		19.264
v 59.6 		4.3 		101
v 59.6 		4.3 		98.9
v 60.4 		4.3 		101
v 60.4 		4.3 		98.9
v -68.914 		6.281 		162.684
v 57.5 		4.3 		101
v 57.5 		4.3 		101.8
v 59.6 		4.3 		101.8
v 60.4 		4.3 		101.8
v -68.914 		6.22 		162.757
v -68.171 		6.203 		162.761
v 57.5 		3.3 		101
v 57.5 		3.3 		101.8
v 81.365 		6.196 		17.686
v 59.6 		3.3 		98.9
v 60.4 		3.3 		98.9
v 81.2546 		5.9121 		17.8975
v 81.2451 		5.9069 		18.0823
v 59.6 		-5.7 		101
v 81.235 		5.903 		18.429
v 60.4 		-5.7 		101
v 81.2497 		5.9111 		18.1426
v 81.2446 		5.9099 		17.408
v -68.914 		6.049 		162.79
v 59.6 		-5.7 		101.8
v 81.252 		5.908 		17.686
v 60.4 		-5.7 		101.8
v 49.6 		3.3 		103.9
v 49.6 		4.3 		103.9
v 50.4 		4.3 		103.9
v 50.4 		3.3 		103.9
v -68.171 		5.908 		162.652
v 81.393 		6.057 		18.429
v 49.6 		4.3 		101
v 49.6 		4.3 		98.9
v 81.397 		6.065 		17.686
v 50.4 		4.3 		101
v 50.4 		4.3 		98.9
v -68.171 		5.961 		162.739
v 52.5 		4.3 		101
v 49.6 		4.3 		101.8
v 50.4 		4.3 		101.8
v 52.5 		4.3 		101.8
v -69.6 		4.3 		161.6
v 27.429 		6.239 		162.739
v 52.5 		3.3 		101
v -69.6 		3.3 		158.9
v -69.6 		4.3 		158.9
v 52.5 		3.3 		101.8
v -70.4 		6.3 		162.6
v 49.6 		3.3 		98.9
v 50.4 		3.3 		98.9
v -70.4 		6.241 		162.741
v 49.6 		-5.7 		101
v 50.4 		-5.7 		101
v -70.4 		6.3 		161.8
v -70.4 		5.9 		162.6
v 49.6 		-5.7 		101.8
v 27.8 		5.965 		162.747
v 50.4 		-5.7 		101.8
v 27.429 		5.974 		162.743
v 42.5 		4.3 		111
v 42.5 		3.3 		111
v 47.5 		3.3 		111
v 47.5 		4.3 		111
v -70.4 		6.117 		162.799
v 26.686 		5.937 		162.714
v 42.5 		4.3 		111.8
v 47.5 		4.3 		111.8
v 42.5 		3.3 		111.8
v 47.5 		3.3 		111.8
v -70.4 		5.7 		162.4
v 26.686 		6.091 		162.798
v 39.6 		4.3 		111
v 40.4 		4.3 		111
v -70.4 		5.986 		162.763
v -69.657 		5.937 		162.714
v 37.5 		4.3 		111
v 37.5 		4.3 		111.8
v 39.6 		4.3 		111.8
v 39.6 		4.3 		113.9
v 40.4 		4.3 		111.8
v 40.4 		4.3 		113.9
v 24.576 		6.2889 		162.6497
v -70.4 		4.3 		161.6
v 26.5891 		6.2919 		162.6432
v 37.5 		3.3 		111
v -70.4 		5.7 		161.6
v 25.943 		6.278 		162.683
v -70.4 		6.1 		161.6
v 37.5 		3.3 		111.8
v 39.6 		3.3 		113.9
v 25.2 		6.289 		162.659
v 40.4 		3.3 		113.9
v -70.4 		4.3 		158.9
v -70.4 		3.3 		158.9
v -69.6 		-5.7 		161.6
v -70.4 		-5.7 		161.6
v 39.6 		4.3 		108.9
v 39.6 		3.3 		108.9
v 40.4 		4.3 		108.9
v 40.4 		3.3 		108.9
v 25.2 		6.241 		162.741
v -69.6 		4.3 		151.8
v -67.5 		4.3 		151.8
v 25.2 		6.159 		162.789
v -67.5 		3.3 		151.8
v 39.6 		-5.7 		111
v 40.4 		-5.7 		111
v -69.6 		4.3 		153.9
v -69.6 		3.3 		153.9
v 39.6 		-5.7 		111.8
v -72.5 		4.3 		151.8
v -70.4 		4.3 		151.8
v 40.4 		-5.7 		111.8
v -70.4 		4.3 		153.9
v -72.5 		3.3 		151.8
v -70.4 		3.3 		153.9
v 42.5 		4.3 		101
v 42.5 		3.3 		101
v 47.5 		3.3 		101
v 47.5 		4.3 		101
v -69.6 		4.3 		151
v -67.5 		4.3 		151
v -67.5 		3.3 		151
v 42.5 		4.3 		101.8
v 47.5 		4.3 		101.8
v 42.5 		3.3 		101.8
v -69.6 		3.3 		148.9
v -69.6 		4.3 		148.9
v 47.5 		3.3 		101.8
v -70.4 		4.3 		148.9
v -70.4 		4.3 		151
v -70.4 		3.3 		148.9
v 39.6 		3.3 		103.9
v 39.6 		4.3 		103.9
v -72.5 		3.3 		151
v -72.5 		4.3 		151
v 40.4 		4.3 		103.9
v 40.4 		3.3 		103.9
v 26.314 		5.913 		162.668
v -69.6 		-5.7 		151
v 39.6 		4.3 		101
v 39.6 		4.3 		98.9
v -70.4 		-5.7 		151
v 40.4 		4.3 		101
v 40.4 		4.3 		98.9
v -69.6 		-5.7 		151.8
v 37.5 		4.3 		101
v -70.4 		-5.7 		151.8
v 37.5 		4.3 		101.8
v 39.6 		4.3 		101.8
v -80.2 		5.7 		161.6
v 40.4 		4.3 		101.8
v -80.2 		-5.7 		161.6
v 25.943 		6.022 		162.777
v -81 		5.7 		162.4
v 37.5 		3.3 		101
v -77.5 		3.3 		151.8
v -77.5 		4.3 		151.8
v 37.5 		3.3 		101.8
v 25.943 		5.903 		162.635
v -81.2 		6.3 		151.8
v -81.335 		6.241 		151.8
v -80.4 		6.3 		151.8
v 39.6 		3.3 		98.9
v 40.4 		3.3 		98.9
v 39.6 		-5.7 		101
v 19.6 		-5.7 		11
v 40.4 		-5.7 		101
v 19.6 		-5.7 		11.8
v 39.6 		-5.7 		101.8
v 40.4 		-5.7 		101.8
v 29.6 		4.3 		3.9
v 30.4 		4.3 		3.9
v 29.6 		4.3 		131
v -80.2 		5.7 		151.8
v -80.2 		6.1 		151.8
v 29.6 		4.3 		128.9
v 29.6 		3.3 		128.9
v 30.4 		4.3 		131
v 30.4 		6.184 		0.019
v 32.5 		4.3 		131
v 30.4 		6.241 		0.059
v 32.5 		3.3 		131
v 30.4 		6.3 		0.2
v 30.4 		6.3 		1
v -81.2 		5.9 		151.8
v -81 		5.7 		151.8
v 29.657 		6.289 		0.141
v 30.4 		3.3 		128.9
v 30.4 		4.3 		128.9
v -81.378 		6.017 		151.8
v -81.306 		5.933 		151.8
v 27.5 		3.3 		131
v -24.829 		6.016 		0.021
v 27.5 		4.3 		131
v 28.914 		6.151 		0.01
v 29.6 		3.3 		123.9
v 29.6 		4.3 		123.9
v 30.4 		4.3 		123.9
v 30.4 		3.3 		123.9
v 28.914 		6.229 		0.047
v 29.6 		-5.7 		131
v 30.4 		-5.7 		131
v 22.5 		4.3 		131
v 22.5 		3.3 		131
v -26.314 		6.104 		0.003
v 17.5 		3.3 		131
v 17.5 		4.3 		131
v 19.6 		4.3 		131
v 19.6 		4.3 		128.9
v 19.6 		3.3 		128.9
v 20.4 		4.3 		131
v 30.4 		5.7 		1.2
v 30.4 		4.3 		1.2
v 20.4 		3.3 		128.9
v 20.4 		4.3 		128.9
v 30.4 		6.1 		1.2
v 29.6 		4.3 		1.2
v 19.6 		3.3 		123.9
v 19.6 		4.3 		123.9
v -26.871 		6.258 		0.084
v 20.4 		4.3 		123.9
v 20.4 		3.3 		123.9
v 30.4 		5.7 		0.4
v 30.4 		5.986 		0.037
v 19.6 		-5.7 		131
v 30.4 		5.9 		0.2
v 30.4 		6.117 		0.002
v 20.4 		-5.7 		131
v 29.6 		4.3 		121
v 28.914 		5.908 		0.148
v 29.6 		4.3 		121.8
v 29.6 		4.3 		118.9
v 30.4 		4.3 		121
v 32.5 		4.3 		121
v 32.5 		4.3 		121.8
v 30.4 		4.3 		121.8
v 30.4 		4.3 		118.9
v 29.657 		5.947 		0.071
v -27.429 		6.214 		0.037
v -28.543 		6.151 		0.009
v 32.5 		3.3 		121
v 32.5 		3.3 		121.8
v 30.4 		3.3 		3.9
v 29.6 		3.3 		3.9
v 29.6 		3.3 		118.9
v 30.4 		3.3 		118.9
v -28.543 		5.979 		0.05
v 27.5 		3.3 		121
v 27.5 		4.3 		121
v 27.5 		4.3 		121.8
v 27.5 		3.3 		121.8
v 26.686 		6.246 		0.066
v 29.6 		-5.7 		121
v 29.6 		-5.7 		121.8
v 28.171 		6.22 		0.043
v 30.4 		-5.7 		121
v 30.4 		-5.7 		121.8
v 22.5 		4.3 		121
v 22.5 		3.3 		121
v 22.5 		3.3 		121.8
v 22.5 		4.3 		121.8
v 17.5 		4.3 		121
v 19.6 		4.3 		121
v -30.4 		4.3 		3.9
v -29.6 		4.3 		3.9
v 19.6 		4.3 		121.8
v 17.5 		4.3 		121.8
v 19.6 		4.3 		118.9
v -30.4 		6.3 		1
v -30.4 		6.3 		0.2
v 20.4 		4.3 		121
v -30.4 		6.276 		0.109
v 20.4 		4.3 		121.8
v 20.4 		4.3 		118.9
v -30.4 		6.214 		0.037
v -29.657 		6.263 		0.086
v 17.5 		3.3 		121
v 26.686 		6.109 		0.002
v 17.5 		3.3 		121.8
v -28.914 		6.283 		0.124
v 19.6 		3.3 		118.9
v 20.4 		3.3 		118.9
v 25.2 		5.911 		0.141
v -30.4 		6.1 		1.2
v -30.4 		5.7 		1.2
v -30.4 		4.3 		1.2
v -29.6 		4.3 		1.2
v 25.2 		6.041 		0.011
v -29.657 		5.908 		0.148
v 25.943 		6.017 		0.022
v -29.657 		6.005 		0.034
v -28.914 		5.919 		0.116
v 30.4 		-5.7 		1.2
v 29.6 		-5.7 		1.2
v -29.657 		6.126 		0.004
v 24.457 		6.009 		0.024
v 24.457 		6.184 		0.019
v -70.4 		-5.7 		131
v -80.2 		4.3 		151.8
v -69.6 		-5.7 		131
v -77.5 		4.3 		131
v -77.5 		3.3 		131
v -81.306 		6.267 		131
v -81.2 		6.3 		131
v -80.4 		6.3 		131
v -77.5 		4.3 		151
v -77.5 		3.3 		151
v -80.2 		6.1 		131
v -80.2 		5.7 		131
v -81.346 		6.234 		150.686
v -81.376 		6.191 		150.314
v -81.2 		5.9 		131
v -81 		5.7 		131
v -81.252 		6.292 		151.057
v -81.392 		6.048 		131
v -81.396 		6.126 		131
v -81.282 		6.28 		149.85
v -80.2 		4.3 		131
v -30.4 		6.083 		0.002
v -30.4 		6.016 		0.019
v -30.4 		5.919 		0.116
v -30.4 		5.9 		0.2
v -30.4 		5.7 		0.4
v -80.2 		-5.7 		131
v -69.6 		4.3 		121
v -67.5 		4.3 		121
v -67.5 		3.3 		121
v -69.6 		4.3 		121.8
v -67.5 		4.3 		121.8
v -67.5 		3.3 		121.8
v -69.6 		3.3 		118.9
v -69.6 		4.3 		118.9
v -70.4 		4.3 		121
v -72.5 		4.3 		121
v -72.5 		4.3 		121.8
v -70.4 		4.3 		121.8
v -72.5 		3.3 		121.8
v -72.5 		3.3 		121
v -30.4 		3.3 		3.9
v -29.6 		3.3 		3.9
v -70.4 		4.3 		118.9
v -70.4 		3.3 		118.9
v -69.6 		-5.7 		121
v -69.6 		-5.7 		121.8
v -70.4 		-5.7 		121.8
v -70.4 		-5.7 		121
v -30.4 		-5.7 		1.2
v -29.6 		-5.7 		1.2
v -37.5 		4.3 		31
v -37.5 		4.3 		31.8
v -39.6 		4.3 		28.9
v -40.4 		4.3 		28.9
v -80.2 		-5.7 		121.8
v -80.2 		4.3 		121.8
v -40.4 		4.3 		31
v -77.5 		3.3 		121.8
v -77.5 		4.3 		121.8
v -39.6 		4.3 		31
v -77.5 		3.3 		121
v -77.5 		4.3 		121
v -80.2 		4.3 		121
v -40.4 		4.3 		31.8
v -39.6 		4.3 		31.8
v -80.2 		-5.7 		121
v -37.5 		3.3 		31
v -37.5 		3.3 		31.8
v -39.6 		3.3 		28.9
v -40.4 		3.3 		28.9
v -69.6 		4.3 		111
v -67.5 		4.3 		111
v -67.5 		3.3 		111
v -69.6 		4.3 		111.8
v -67.5 		4.3 		111.8
v -67.5 		3.3 		111.8
v -69.6 		4.3 		113.9
v -69.6 		3.3 		113.9
v -70.4 		4.3 		111
v -72.5 		3.3 		111
v -72.5 		4.3 		111
v -40.4 		-5.7 		31
v -72.5 		4.3 		111.8
v -70.4 		4.3 		111.8
v -70.4 		4.3 		113.9
v -39.6 		-5.7 		31
v -72.5 		3.3 		111.8
v -70.4 		3.3 		113.9
v -40.4 		-5.7 		31.8
v -69.6 		3.3 		108.9
v -69.6 		4.3 		108.9
v -39.6 		-5.7 		31.8
v -70.4 		4.3 		108.9
v -70.4 		3.3 		108.9
v -42.5 		3.3 		31
v -47.5 		3.3 		31
v -47.5 		3.3 		31.8
v -42.5 		3.3 		31.8
v -69.6 		-5.7 		111
v -70.4 		-5.7 		111
v -47.5 		4.3 		31.8
v -47.5 		4.3 		31
v -69.6 		-5.7 		111.8
v -70.4 		-5.7 		111.8
v -42.5 		4.3 		31.8
v -42.5 		4.3 		31
v -77.5 		4.3 		111
v -77.5 		3.3 		111
v -77.5 		3.3 		111.8
v -77.5 		4.3 		111.8
v -37.5 		4.3 		21
v -37.5 		4.3 		21.8
v -39.6 		4.3 		23.9
v -40.4 		4.3 		23.9
v -40.4 		4.3 		21
v -40.4 		4.3 		21.8
v -81.392 		6.152 		111.8
v -39.6 		4.3 		21
v -81.306 		6.267 		111.8
v -39.6 		4.3 		21.8
v -81.2 		6.3 		111.8
v -37.5 		3.3 		21
v -37.5 		3.3 		21.8
v -40.4 		3.3 		23.9
v -39.6 		3.3 		23.9
v -80.4 		6.3 		111.8
v -80.2 		5.7 		111.8
v -80.2 		6.1 		111.8
v -81.346 		5.966 		111.8
v -81.393 		6.057 		111.8
v 19.6 		-5.7 		121
v 19.6 		-5.7 		121.8
v -81 		5.7 		111.8
v -81.2 		5.9 		111.8
v 20.4 		-5.7 		121
v 20.4 		-5.7 		121.8
v 10.4 		3.3 		128.9
v 10.4 		4.3 		128.9
v 10.4 		4.3 		131
v 9.6 		4.3 		128.9
v 9.6 		4.3 		131
v 9.6 		3.3 		128.9
v 12.5 		4.3 		131
v 12.5 		3.3 		131
v -80.2 		4.3 		111.8
v 10.4 		3.3 		123.9
v 10.4 		4.3 		123.9
v -80.2 		4.3 		111
v 9.6 		4.3 		123.9
v 9.6 		3.3 		123.9
v 10.4 		-5.7 		131
v 9.6 		-5.7 		131
v 0.4 		4.3 		131
v 0.4 		4.3 		128.9
v 2.5 		4.3 		131
v 7.5 		4.3 		131
v 0.4 		3.3 		128.9
v 2.5 		3.3 		131
v 7.5 		3.3 		131
v 0.4 		3.3 		123.9
v 0.4 		4.3 		123.9
v -81.396 		6.126 		111.057
v 0.4 		-5.7 		131
v 12.5 		4.3 		121
v 12.5 		3.3 		121
v 12.5 		3.3 		121.8
v 12.5 		4.3 		121.8
v 10.4 		4.3 		118.9
v 10.4 		4.3 		121
v 9.6 		4.3 		118.9
v 9.6 		4.3 		121
v 10.4 		4.3 		121.8
v 9.6 		4.3 		121.8
v 10.4 		3.3 		118.9
v 9.6 		3.3 		118.9
v 81.292 		5.923 		18.057
v 10.4 		-5.7 		121
v 9.6 		-5.7 		121
v 29.6 		-5.7 		161.6
v 30.4 		-5.7 		161.6
v 10.4 		-5.7 		121.8
v 9.6 		-5.7 		121.8
v 29.6 		4.3 		151.8
v 29.6 		3.3 		153.9
v 29.6 		4.3 		153.9
v 30.4 		4.3 		151.8
v 32.5 		4.3 		151.8
v 30.4 		4.3 		153.9
v 7.5 		4.3 		121
v 7.5 		4.3 		121.8
v 32.5 		3.3 		151.8
v 7.5 		3.3 		121.8
v 7.5 		3.3 		121
v 30.4 		3.3 		153.9
v 27.5 		4.3 		151.8
v 27.5 		3.3 		151.8
v 0.4 		4.3 		121.8
v 81.2375 		5.9083 		16.384
v -81.243 		6.295 		109.943
v 2.5 		3.3 		121.8
v 2.5 		4.3 		121.8
v 29.6 		4.3 		151
v 29.6 		4.3 		148.9
v 29.6 		3.3 		148.9
v 2.5 		3.3 		121
v 2.5 		4.3 		121
v 0.4 		3.3 		118.9
v 0.4 		4.3 		118.9
v 0.4 		4.3 		121
v 30.4 		4.3 		151
v 30.4 		4.3 		148.9
v 81.321 		5.95 		16.757
v 30.4 		3.3 		148.9
v 81.398 		6.083 		16.943
v 32.5 		4.3 		151
v 32.5 		3.3 		151
v 0.4 		-5.7 		121.8
v 27.5 		3.3 		151
v 27.5 		4.3 		151
v 0.4 		-5.7 		121
v 29.6 		-5.7 		151
v 29.6 		-5.7 		151.8
v 29.6 		4.3 		111
v 29.6 		4.3 		111.8
v 29.6 		4.3 		113.9
v 30.4 		4.3 		111
v -81.363 		5.986 		110.129
v 32.5 		4.3 		111
v 30.4 		4.3 		111.8
v -81.264 		5.912 		108.643
v 32.5 		4.3 		111.8
v 30.4 		4.3 		113.9
v 80.2 		-5.7 		21
v -81.373 		6 		108.829
v 29.6 		3.3 		113.9
v -81.394 		6.053 		109.014
v 30.4 		-5.7 		151
v 32.5 		3.3 		111
v 80.2 		-5.7 		21.8
v 30.4 		-5.7 		151.8
v 32.5 		3.3 		111.8
v 72.5 		3.3 		21.8
v 72.5 		3.3 		21
v 30.4 		3.3 		113.9
v 72.5 		4.3 		21
v 23.7377 		6.2879 		162.6608
v 72.5 		4.3 		21.8
v 23.714 		6.289 		162.659
v 70.4 		3.3 		23.9
v -81.381 		6.184 		106.6
v 27.5 		3.3 		111
v 27.5 		4.3 		111
v 70.4 		4.3 		23.9
v 70.4 		4.3 		21
v 27.5 		4.3 		111.8
v 70.4 		4.3 		21.8
v 27.5 		3.3 		111.8
v -81.341 		6.241 		108.086
v 23.9401 		6.2782 		162.6763
v 29.6 		4.3 		108.9
v 29.6 		3.3 		108.9
v 69.6 		3.3 		23.9
v -81.33 		6.248 		106.6
v 69.6 		4.3 		23.9
v 67.5 		3.3 		21
v 67.5 		3.3 		21.8
v -39.6 		3.3 		18.9
v -40.4 		3.3 		18.9
v 67.5 		4.3 		21.8
v 67.5 		4.3 		21
v -40.4 		4.3 		18.9
v -39.6 		4.3 		18.9
v 69.6 		4.3 		21
v 24.55 		5.936 		162.702
v 69.6 		4.3 		21.8
v -40.4 		-5.7 		21
v 23.714 		6.074 		162.796
v -40.4 		-5.7 		21.8
v 70.4 		3.3 		18.9
v 69.6 		3.3 		18.9
v 69.6 		4.3 		18.9
v 70.4 		4.3 		18.9
v -39.6 		-5.7 		21
v 70.4 		-5.7 		21
v -39.6 		-5.7 		21.8
v 70.4 		-5.7 		21.8
v -42.5 		3.3 		21
v -47.5 		3.3 		21
v -47.5 		3.3 		21.8
v -42.5 		3.3 		21.8
v 69.6 		-5.7 		21
v -47.5 		4.3 		21.8
v -47.5 		4.3 		21
v 69.6 		-5.7 		21.8
v -81.34 		5.96 		108.457
v 24.457 		6.239 		162.739
v -81.297 		5.932 		106.879
v -42.5 		4.3 		21.8
v -42.5 		4.3 		21
v 22.6 		6.272 		162.695
v 23.9673 		6.2769 		162.6783
v 81.331 		6.25 		15.829
v 21.486 		6 		0.03
v -52.5 		4.3 		31.8
v -52.5 		4.3 		31
v -80.2 		4.3 		151
v -50.4 		4.3 		28.9
v -49.6 		4.3 		28.9
v -50.4 		4.3 		31
v -49.6 		4.3 		31
v -50.4 		4.3 		31.8
v 21.486 		6.283 		0.124
v -49.6 		4.3 		31.8
v 81.235 		5.903 		16.2
v 23.8842 		6.2775 		162.6773
v 81.2304 		5.9067 		15.36
v -52.5 		3.3 		31
v -52.5 		3.3 		31.8
v 22.8506 		6.2731 		162.6916
v 81.276 		5.917 		15.457
v 81.395 		6.083 		16.2
v -49.6 		3.3 		28.9
v -50.4 		3.3 		28.9
v 22.6 		6.1 		162.797
v -50.4 		-5.7 		31
v -49.6 		-5.7 		31
v -50.4 		-5.7 		31.8
v -49.6 		-5.7 		31.8
v 21.486 		6.283 		162.676
v -60.4 		4.3 		28.9
v -59.6 		4.3 		28.9
v -57.5 		4.3 		31
v -57.5 		4.3 		31.8
v -60.4 		4.3 		31
v -60.4 		4.3 		31.8
v -59.6 		4.3 		31
v 21.486 		6.117 		162.795
v 20.743 		6.104 		162.797
v -59.6 		4.3 		31.8
v -59.6 		3.3 		28.9
v -60.4 		3.3 		28.9
v -57.5 		3.3 		31.8
v -57.5 		3.3 		31
v -62.5 		3.3 		31
v -62.5 		3.3 		31.8
v -62.5 		4.3 		31.8
v -62.5 		4.3 		31
v -60.4 		-5.7 		31
v -60.4 		-5.7 		31.8
v 30.4 		4.3 		108.9
v 30.4 		3.3 		108.9
v 18.886 		6.276 		162.684
v 29.6 		-5.7 		111
v 29.6 		-5.7 		111.8
v 30.4 		-5.7 		111
v 19.257 		6.151 		162.79
v 30.4 		-5.7 		111.8
v 20 		6.126 		162.796
v 22.5 		4.3 		111
v 22.5 		3.3 		111
v 22.5 		4.3 		111.8
v 22.5 		3.3 		111.8
v 19.6 		4.3 		111
v 20.4 		4.3 		111
v 17.5 		4.3 		111
v 20 		6.267 		162.706
v 17.5 		4.3 		111.8
v 19.6 		4.3 		111.8
v 19.6 		4.3 		113.9
v 20.4 		4.3 		113.9
v 20.4 		4.3 		111.8
v 22.043 		6.245 		0.067
v 17.5 		3.3 		111
v 17.5 		3.3 		111.8
v 19.6 		3.3 		113.9
v 20.4 		3.3 		113.9
v 19.6 		4.3 		108.9
v 19.6 		3.3 		108.9
v 20.4 		4.3 		108.9
v 20.4 		3.3 		108.9
v 19.6 		-5.7 		111
v 20.4 		-5.7 		111
v 19.6 		4.3 		3.9
v 20.4 		4.3 		3.9
v 19.6 		-5.7 		111.8
v 20.4 		-5.7 		111.8
v 81.398 		6.083 		15.271
v 18.514 		6.278 		0.117
v 18.432 		6.2786 		0.1188
v 29.6 		3.3 		103.9
v 29.6 		4.3 		103.9
v 20.186 		6.212 		0.037
v 30.4 		4.3 		103.9
v 30.4 		3.3 		103.9
v 81.2232 		5.9052 		14.336
v 29.6 		4.3 		101
v 29.6 		4.3 		101.8
v 29.6 		4.3 		98.9
v 30.4 		4.3 		101
v 30.4 		4.3 		98.9
v 32.5 		4.3 		101
v 30.4 		4.3 		101.8
v 32.5 		4.3 		101.8
v 19.257 		6.017 		162.778
v 32.5 		3.3 		101
v 32.5 		3.3 		101.8
v 29.6 		3.3 		98.9
v 19.6 		4.3 		161.6
v 20.4 		4.3 		161.6
v 30.4 		3.3 		98.9
v 27.5 		3.3 		101
v 27.5 		4.3 		101
v 81.367 		6.206 		12.95
v 27.5 		4.3 		101.8
v 17.214 		6.291 		162.656
v 27.5 		3.3 		101.8
v 29.6 		-5.7 		101
v 29.6 		-5.7 		101.8
v 81.372 		6.001 		14.157
v 30.4 		-5.7 		101
v 16.75 		6.234 		162.744
v 17.771 		6.241 		162.741
v 30.4 		-5.7 		101.8
v 17.029 		6.126 		162.796
v 19.6 		3.3 		103.9
v 19.6 		4.3 		103.9
v 20.4 		4.3 		103.9
v 20.4 		3.3 		103.9
v 22.5 		4.3 		101
v 22.5 		3.3 		101
v 81.209 		5.902 		12.288
v 22.5 		4.3 		101.8
v 22.5 		3.3 		101.8
v 19.6 		4.3 		1.2
v 20.4 		4.3 		1.2
v 17.5 		4.3 		101
v 19.6 		4.3 		101
v 17.5 		4.3 		101.8
v 19.6 		4.3 		101.8
v 19.6 		4.3 		98.9
v 20.4 		4.3 		101
v 20.4 		4.3 		98.9
v 20.4 		4.3 		101.8
v 17.5 		3.3 		101
v 18.514 		6.126 		0.004
v 17.5 		3.3 		101.8
v 19.6 		3.3 		98.9
v 80.4 		6.3 		11
v 81.2 		6.3 		11
v 81.334 		6.246 		11
v 20.4 		3.3 		98.9
v 19.6 		-5.7 		101
v 17.771 		6.289 		0.141
v 19.6 		-5.7 		101.8
v 17.6497 		6.2855 		0.135
v 20.4 		-5.7 		101
v 20.4 		-5.7 		101.8
v 80.2 		4.3 		11.8
v 12.5 		4.3 		111
v 12.5 		3.3 		111
v 12.5 		3.3 		111.8
v 12.5 		4.3 		111.8
v 81.2018 		5.9004 		11.264
v 10.4 		4.3 		111
v 9.6 		4.3 		111
v 10.4 		4.3 		111.8
v 10.4 		4.3 		113.9
v 9.6 		4.3 		113.9
v 9.6 		4.3 		111.8
v 18.143 		6.001 		162.764
v 10.4 		3.3 		113.9
v 9.6 		3.3 		113.9
v 81.313 		5.939 		11
v 81.398 		6.091 		11
v 10.4 		3.3 		108.9
v 81 		5.7 		11
v 10.4 		4.3 		108.9
v 81.2 		5.9 		11
v 9.6 		3.3 		108.9
v 9.6 		4.3 		108.9
v 19.6 		4.3 		158.9
v 19.6 		3.3 		158.9
v 10.4 		-5.7 		111
v 20.4 		3.3 		158.9
v 20.4 		4.3 		158.9
v 9.6 		-5.7 		111
v 10.4 		-5.7 		111.8
v 19.6 		-5.7 		161.6
v 9.6 		-5.7 		111.8
v 20.4 		-5.7 		161.6
v 22.5 		4.3 		151.8
v 22.5 		3.3 		151.8
v 17.771 		6.2831 		0.1331
v 17.6614 		6.2816 		0.1292
v 17.5 		4.3 		151.8
v 19.6 		4.3 		151.8
v 17.5 		3.3 		151.8
v 17.4821 		6.2805 		0.1266
v 19.6 		3.3 		153.9
v 19.6 		4.3 		153.9
v 20.4 		4.3 		153.9
v 20.4 		4.3 		151.8
v 20.4 		3.3 		153.9
v 22.5 		4.3 		151
v 22.5 		3.3 		151
v 17.029 		6.239 		0.061
v 17.771 		6.213 		0.039
v 19.6 		4.3 		151
v 19.6 		4.3 		148.9
v 19.6 		3.3 		148.9
v 20.4 		4.3 		151
v 20.4 		4.3 		148.9
v 20.4 		3.3 		148.9
v 17.5 		3.3 		151
v 17.5 		4.3 		151
v 19.6 		-5.7 		151
v 19.6 		-5.7 		151.8
v 20.4 		-5.7 		151
v 20.4 		-5.7 		151.8
v 17.771 		5.911 		0.141
v -81.374 		6.007 		149.85
v 29.6 		3.3 		143.9
v 29.6 		4.3 		143.9
v 30.4 		4.3 		143.9
v 30.4 		3.3 		143.9
v 80.2 		6.1 		11
v 29.6 		4.3 		141
v 80.2 		5.7 		11
v 30.4 		4.3 		141
v 32.5 		4.3 		141
v 29.6 		4.3 		141.8
v 80.2 		4.3 		11
v 30.4 		4.3 		141.8
v 32.5 		4.3 		141.8
v -81.4 		6.1 		149.571
v 32.5 		3.3 		141
v 32.5 		3.3 		141.8
v 27.5 		3.3 		141
v 27.5 		4.3 		141
v 27.5 		4.3 		141.8
v 27.5 		3.3 		141.8
v 77.5 		4.3 		11
v 77.5 		4.3 		11.8
v 77.5 		3.3 		11
v 77.5 		3.3 		11.8
v 29.6 		-5.7 		141
v 30.4 		-5.7 		141
v 29.6 		-5.7 		141.8
v 80.2 		-5.7 		11
v 30.4 		-5.7 		141.8
v 80.2 		-5.7 		11.8
v 19.6 		3.3 		143.9
v 19.6 		4.3 		143.9
v 20.4 		4.3 		143.9
v 20.4 		3.3 		143.9
v 69.6 		3.3 		13.9
v 70.4 		3.3 		13.9
v -81.374 		6.196 		149.2
v 70.4 		4.3 		13.9
v 69.6 		4.3 		13.9
v 22.5 		4.3 		141
v 22.5 		3.3 		141
v -81.303 		6.27 		148.457
v 22.5 		4.3 		141.8
v 72.5 		3.3 		11
v 72.5 		3.3 		11.8
v 22.5 		3.3 		141.8
v 72.5 		4.3 		11.8
v 72.5 		4.3 		11
v 70.4 		3.3 		8.9
v 19.6 		4.3 		141
v 20.4 		4.3 		141
v 70.4 		4.3 		8.9
v 17.5 		4.3 		141
v 70.4 		4.3 		11
v 70.4 		4.3 		11.8
v 17.5 		4.3 		141.8
v 19.6 		4.3 		141.8
v 20.4 		4.3 		141.8
v 69.6 		3.3 		8.9
v 69.6 		4.3 		8.9
v 67.5 		3.3 		11
v 67.5 		3.3 		11.8
v 17.5 		3.3 		141
v 67.5 		4.3 		11.8
v 67.5 		4.3 		11
v 69.6 		4.3 		11
v 17.5 		3.3 		141.8
v 69.6 		4.3 		11.8
v 70.4 		-5.7 		11
v 19.6 		-5.7 		141
v 70.4 		-5.7 		11.8
v 20.4 		-5.7 		141
v -81.257 		5.911 		149.014
v 19.6 		-5.7 		141.8
v 69.6 		-5.7 		11
v 20.4 		-5.7 		141.8
v -81.341 		5.959 		148.829
v 69.6 		-5.7 		11.8
v 80.2 		5.7 		1.2
v 29.6 		4.3 		138.9
v 29.6 		3.3 		138.9
v 81 		5.7 		0.4
v 30.4 		4.3 		138.9
v 30.4 		3.3 		138.9
v 80.2 		-5.7 		1.2
v 29.6 		4.3 		131.8
v 29.6 		3.3 		133.9
v 29.6 		4.3 		133.9
v 30.4 		4.3 		131.8
v 70.4 		4.3 		3.9
v 30.4 		4.3 		133.9
v 30.4 		3.3 		133.9
v 32.5 		3.3 		131.8
v 32.5 		4.3 		131.8
v 70.4 		6.3 		1
v 70.4 		6.3 		0.2
v 70.4 		6.241 		0.059
v 70.4 		6.184 		0.019
v 27.5 		4.3 		131.8
v 27.5 		3.3 		131.8
v 69.657 		6.289 		0.141
v 29.6 		-5.7 		131.8
v 30.4 		-5.7 		131.8
v 19.6 		4.3 		138.9
v 19.6 		3.3 		138.9
v 20.4 		4.3 		138.9
v 20.4 		3.3 		138.9
v 22.5 		3.3 		131.8
v 22.5 		4.3 		131.8
v 70.4 		6.1 		1.2
v 19.6 		4.3 		131.8
v 17.5 		4.3 		131.8
v 17.5 		3.3 		131.8
v 70.4 		5.7 		1.2
v 70.4 		4.3 		1.2
v -81.295 		5.934 		148.086
v 19.6 		3.3 		133.9
v 19.6 		4.3 		133.9
v -81.39 		6.04 		147.714
v 20.4 		4.3 		131.8
v 20.4 		4.3 		133.9
v 20.4 		3.3 		133.9
v 70.4 		5.7 		0.4
v 70.4 		5.986 		0.037
v 70.4 		5.9 		0.2
v 70.4 		6.117 		0.002
v 19.6 		-5.7 		131.8
v 20.4 		-5.7 		131.8
v -81.4 		6.1 		148.086
v -59.6 		-5.7 		31
v 14.429 		6.281 		162.68
v 14.336 		6.2814 		162.6783
v -59.6 		-5.7 		31.8
v 15.543 		6.278 		162.683
v -52.5 		4.3 		21.8
v -52.5 		4.3 		21
v -49.6 		4.3 		23.9
v -50.4 		4.3 		23.9
v -50.4 		4.3 		21
v -49.6 		4.3 		21
v -50.4 		4.3 		21.8
v 15.543 		6.074 		162.796
v -49.6 		4.3 		21.8
v 14.614 		6.1 		162.799
v -49.6 		3.3 		23.9
v -50.4 		3.3 		23.9
v 14.8 		5.987 		162.761
v -52.5 		3.3 		21
v -52.5 		3.3 		21.8
v 15.543 		5.922 		162.683
v -49.6 		3.3 		18.9
v -50.4 		3.3 		18.9
v -50.4 		4.3 		18.9
v -49.6 		4.3 		18.9
v -50.4 		-5.7 		21
v -49.6 		-5.7 		21
v -50.4 		-5.7 		21.8
v -49.6 		-5.7 		21.8
v 14.0528 		6.2825 		162.6731
v -57.5 		4.3 		21
v -57.5 		4.3 		21.8
v 12.571 		6.289 		162.659
v -59.6 		4.3 		23.9
v -60.4 		4.3 		23.9
v -60.4 		4.3 		21
v 13.314 		6.2856 		162.6595
v 13.314 		6.292 		162.652
v -59.6 		4.3 		21
v 13.2756 		6.2898 		162.6548
v 13.2066 		6.2858 		162.6597
v -60.4 		4.3 		21.8
v -59.6 		4.3 		21.8
v -57.5 		3.3 		21.8
v -57.5 		3.3 		21
v -60.4 		3.3 		23.9
v -59.6 		3.3 		23.9
v -62.5 		3.3 		21
v -62.5 		3.3 		21.8
v 13.314 		6.198 		162.762
v -62.5 		4.3 		21.8
v -62.5 		4.3 		21
v -59.6 		3.3 		18.9
v -60.4 		3.3 		18.9
v -60.4 		4.3 		18.9
v -59.6 		4.3 		18.9
v -60.4 		-5.7 		21
v -59.6 		-5.7 		21
v 7.5 		3.3 		111.8
v 7.5 		3.3 		111
v -60.4 		-5.7 		21.8
v 7.5 		4.3 		111
v 7.5 		4.3 		111.8
v -59.6 		-5.7 		21.8
v 0.4 		3.3 		113.9
v 0.4 		4.3 		111.8
v 0.4 		4.3 		113.9
v -39.6 		3.3 		13.9
v -40.4 		3.3 		13.9
v -39.6 		4.3 		13.9
v -40.4 		4.3 		13.9
v 2.5 		3.3 		111.8
v 2.5 		4.3 		111.8
v 2.5 		3.3 		111
v 2.5 		4.3 		111
v 0.4 		4.3 		111
v -37.5 		4.3 		11
v -37.5 		4.3 		11.8
v -39.6 		4.3 		8.9
v -40.4 		4.3 		8.9
v 0.4 		3.3 		108.9
v -40.4 		4.3 		11
v 0.4 		4.3 		108.9
v -40.4 		4.3 		11.8
v 0.4 		-5.7 		111.8
v -39.6 		4.3 		11
v 0.4 		-5.7 		111
v -39.6 		4.3 		11.8
v 10.4 		3.3 		103.9
v 10.4 		4.3 		103.9
v -37.5 		3.3 		11
v -37.5 		3.3 		11.8
v 9.6 		3.3 		103.9
v 9.6 		4.3 		103.9
v -39.6 		3.3 		8.9
v -40.4 		3.3 		8.9
v 12.5 		4.3 		101
v 12.5 		3.3 		101
v 12.5 		3.3 		101.8
v 12.5 		4.3 		101.8
v 10.4 		4.3 		98.9
v 10.4 		4.3 		101
v 9.6 		4.3 		98.9
v 9.6 		4.3 		101
v 10.4 		4.3 		101.8
v -40.4 		-5.7 		11
v 9.6 		4.3 		101.8
v -40.4 		-5.7 		11.8
v 10.4 		3.3 		98.9
v -39.6 		-5.7 		11
v -81.389 		6.136 		107.9
v 9.6 		3.3 		98.9
v -39.6 		-5.7 		11.8
v -42.5 		3.3 		11
v -47.5 		3.3 		11
v -47.5 		3.3 		11.8
v -42.5 		3.3 		11.8
v 10.4 		-5.7 		101
v -42.5 		4.3 		11.8
v -42.5 		4.3 		11
v 9.6 		-5.7 		101
v -80.2 		-5.7 		111
v 10.4 		-5.7 		101.8
v 9.6 		-5.7 		101.8
v -47.5 		4.3 		11.8
v -47.5 		4.3 		11
v -80.2 		-5.7 		111.8
v 0.4 		3.3 		103.9
v -69.6 		4.3 		103.9
v -69.6 		3.3 		103.9
v 0.4 		4.3 		103.9
v -70.4 		4.3 		103.9
v -70.4 		3.3 		103.9
v -40.4 		4.3 		1.2
v -39.6 		4.3 		1.2
v -69.6 		4.3 		101
v -67.5 		4.3 		101
v -67.5 		3.3 		101
v -40.4 		4.3 		3.9
v -39.6 		4.3 		3.9
v -39.6 		3.3 		3.9
v -40.4 		3.3 		3.9
v 17.029 		5.986 		0.037
v -40.4 		-5.7 		1.2
v -39.6 		-5.7 		1.2
v -69.6 		4.3 		101.8
v -67.5 		4.3 		101.8
v -67.5 		3.3 		101.8
v -50.4 		3.3 		13.9
v -49.6 		3.3 		13.9
v 12.571 		6.083 		162.799
v -69.6 		3.3 		98.9
v -69.6 		4.3 		98.9
v -49.6 		4.3 		13.9
v -50.4 		4.3 		13.9
v -52.5 		4.3 		11.8
v -52.5 		4.3 		11
v -70.4 		4.3 		98.9
v -70.4 		4.3 		101
v -50.4 		4.3 		8.9
v -49.6 		4.3 		8.9
v -70.4 		3.3 		98.9
v -50.4 		4.3 		11
v -49.6 		4.3 		11
v -72.5 		3.3 		101
v -72.5 		4.3 		101
v 17.029 		6.126 		0.004
v -70.4 		4.3 		101.8
v -50.4 		4.3 		11.8
v -72.5 		4.3 		101.8
v 13.314 		6.017 		162.778
v -72.5 		3.3 		101.8
v -49.6 		4.3 		11.8
v -69.6 		-5.7 		101
v -52.5 		3.3 		11
v -70.4 		-5.7 		101
v -52.5 		3.3 		11.8
v -69.6 		-5.7 		101.8
v -70.4 		-5.7 		101.8
v 69.657 		5.937 		0.086
v -81.381 		6.184 		105.114
v -81.323 		6.253 		105.857
v 70.4 		3.3 		3.9
v 7.5 		3.3 		101
v 7.5 		3.3 		101.8
v 19.6 		3.3 		3.9
v 20.4 		3.3 		3.9
v 7.5 		4.3 		101.8
v 7.5 		4.3 		101
v 69.6 		4.3 		3.9
v 2.5 		3.3 		101
v 2.5 		3.3 		101.8
v 2.5 		4.3 		101
v 2.5 		4.3 		101.8
v 0.4 		4.3 		101.8
v 68.543 		6.283 		0.129
v 0.4 		3.3 		98.9
v 20.4 		-5.7 		1.2
v 0.4 		4.3 		98.9
v 68.543 		6.203 		0.03
v 0.4 		4.3 		101
v 68.914 		6.241 		0.059
v 19.6 		-5.7 		1.2
v 0.4 		-5.7 		101.8
v 10.4 		4.3 		13.9
v 10.4 		3.3 		13.9
v 0.4 		-5.7 		101
v 9.6 		3.3 		13.9
v 9.6 		4.3 		13.9
v 12.5 		3.3 		11.8
v 62.5 		4.3 		91
v 62.5 		3.3 		91
v 12.5 		3.3 		11
v 62.5 		4.3 		91.8
v 12.5 		4.3 		11
v 12.5 		4.3 		11.8
v 62.5 		3.3 		91.8
v -81.331 		5.951 		105.671
v 10.4 		4.3 		8.9
v 59.6 		4.3 		91
v 10.4 		4.3 		11
v 9.6 		4.3 		11
v 9.6 		4.3 		8.9
v -81.276 		5.917 		105.3
v 60.4 		4.3 		91
v 57.5 		4.3 		91
v 10.4 		4.3 		11.8
v 57.5 		4.3 		91.8
v 59.6 		4.3 		91.8
v 9.6 		4.3 		11.8
v 59.6 		4.3 		93.9
v 60.4 		4.3 		93.9
v 60.4 		4.3 		91.8
v 10.4 		3.3 		8.9
v 9.6 		3.3 		8.9
v 59.6 		3.3 		93.9
v 10.343 		6.289 		162.659
v 11.086 		6.278 		162.683
v 60.4 		3.3 		93.9
v 57.5 		3.3 		91
v 10.4 		-5.7 		11
v 9.6 		-5.7 		11
v 57.5 		3.3 		91.8
v 12.2 		6.249 		162.731
v 10.4 		-5.7 		11.8
v 9.6 		-5.7 		11.8
v 0.4 		4.3 		13.9
v 0.4 		3.3 		13.9
v -49.6 		3.3 		8.9
v -50.4 		3.3 		8.9
v 7.5 		4.3 		11.8
v 7.5 		3.3 		11.8
v 11.086 		5.917 		162.676
v 7.5 		3.3 		11
v 7.5 		4.3 		11
v 11.086 		6.041 		162.789
v 11.829 		6.048 		162.792
v -50.4 		-5.7 		11
v 2.5 		3.3 		11.8
v 2.5 		3.3 		11
v -49.6 		-5.7 		11
v 2.5 		4.3 		11
v 2.5 		4.3 		11.8
v 0.4 		4.3 		11.8
v -50.4 		-5.7 		11.8
v 0.4 		3.3 		8.9
v 0.4 		4.3 		8.9
v 0.4 		4.3 		11
v -49.6 		-5.7 		11.8
v -60.4 		3.3 		13.9
v -59.6 		3.3 		13.9
v 0.4 		-5.7 		11.8
v -59.6 		4.3 		13.9
v -60.4 		4.3 		13.9
v 0.4 		-5.7 		11
v -60.4 		4.3 		8.9
v -59.6 		4.3 		8.9
v -57.5 		4.3 		11
v -57.5 		4.3 		11.8
v -60.4 		4.3 		11
v -60.4 		4.3 		11.8
v -59.6 		4.3 		11
v -59.6 		4.3 		11.8
v 59.6 		-5.7 		91
v 60.4 		-5.7 		91
v -59.6 		3.3 		8.9
v 69.6 		4.3 		1.2
v -60.4 		3.3 		8.9
v 59.6 		-5.7 		91.8
v -57.5 		3.3 		11.8
v -57.5 		3.3 		11
v 60.4 		-5.7 		91.8
v 68.171 		5.961 		0.061
v 68.914 		5.938 		0.092
v 49.6 		4.3 		91
v -62.5 		3.3 		11
v 50.4 		4.3 		91
v -62.5 		3.3 		11.8
v -62.5 		4.3 		11.8
v -62.5 		4.3 		11
v 52.5 		4.3 		91
v 49.6 		4.3 		91.8
v 49.6 		4.3 		93.9
v 50.4 		4.3 		91.8
v 52.5 		4.3 		91.8
v -60.4 		-5.7 		11
v 50.4 		4.3 		93.9
v -60.4 		-5.7 		11.8
v 49.6 		3.3 		93.9
v -59.6 		-5.7 		11
v 50.4 		3.3 		93.9
v -59.6 		-5.7 		11.8
v 68.543 		6.143 		0.005
v 52.5 		3.3 		91
v -50.4 		4.3 		3.9
v -49.6 		4.3 		3.9
v 52.5 		3.3 		91.8
v 65.943 		6.184 		0.019
v -49.6 		6.3 		1
v -49.6 		6.241 		0.059
v -50.9 		6.277 		0.115
v -49.6 		6.2 		0.027
v 66.314 		6.251 		0.073
v 49.6 		-5.7 		91
v 50.4 		-5.7 		91
v -49.6 		6.3 		0.2
v 67.429 		6.262 		0.092
v 49.6 		-5.7 		91.8
v 50.4 		-5.7 		91.8
v 59.6 		3.3 		83.9
v 59.6 		4.3 		83.9
v 59.6 		4.3 		88.9
v 59.6 		3.3 		88.9
v -49.6 		6.1 		1.2
v -49.6 		5.7 		1.2
v 60.4 		4.3 		83.9
v 60.4 		4.3 		88.9
v -49.6 		4.3 		1.2
v 60.4 		3.3 		83.9
v 60.4 		3.3 		88.9
v -50.4 		4.3 		1.2
v 49.6 		3.3 		83.9
v 49.6 		4.3 		83.9
v -49.6 		6.048 		0.008
v 49.6 		4.3 		88.9
v 49.6 		3.3 		88.9
v -50.343 		5.937 		0.086
v 50.4 		4.3 		83.9
v 50.4 		4.3 		88.9
v 50.4 		3.3 		83.9
v 50.4 		3.3 		88.9
v -49.6 		5.986 		0.037
v -49.6 		5.9 		0.2
v 42.5 		4.3 		91
v 42.5 		3.3 		91
v 47.5 		3.3 		91
v 47.5 		4.3 		91
v 42.5 		4.3 		91.8
v 47.5 		4.3 		91.8
v 42.5 		3.3 		91.8
v 47.5 		3.3 		91.8
v -49.6 		5.7 		0.4
v 66.686 		5.959 		0.059
v 39.6 		4.3 		91
v 66.686 		6.024 		0.017
v 40.4 		4.3 		91
v 37.5 		4.3 		91
v 37.5 		4.3 		91.8
v 39.6 		4.3 		91.8
v 39.6 		4.3 		93.9
v 40.4 		4.3 		91.8
v 40.4 		4.3 		93.9
v 39.6 		3.3 		93.9
v 40.4 		3.3 		93.9
v -52.571 		6.041 		0.011
v 37.5 		3.3 		91
v 37.5 		3.3 		91.8
v -51.829 		5.922 		0.117
v -52.571 		5.959 		0.059
v 39.6 		-5.7 		91
v 40.4 		-5.7 		91
v 39.6 		-5.7 		91.8
v 40.4 		-5.7 		91.8
v 39.6 		3.3 		83.9
v 39.6 		4.3 		83.9
v 39.6 		4.3 		88.9
v 39.6 		3.3 		88.9
v 40.4 		4.3 		83.9
v 40.4 		4.3 		88.9
v 40.4 		3.3 		83.9
v 40.4 		3.3 		88.9
v -81.379 		6.166 		104.186
v -53.248 		6.1 		1.2
v -49.6 		3.3 		3.9
v -50.4 		3.3 		3.9
v -81.366 		5.992 		103.814
v 69.6 		3.3 		3.9
v -81.268 		5.914 		102.607
v -53.314 		6.074 		0.004
v -54.057 		6.083 		0.005
v 70.4 		-5.7 		1.2
v 69.6 		-5.7 		1.2
v 62.5 		3.3 		61.8
v -77.5 		4.3 		101
v -54.057 		5.961 		0.061
v -77.5 		3.3 		101
v 62.5 		4.3 		61.8
v -53.314 		5.922 		0.117
v -77.5 		3.3 		101.8
v -77.5 		4.3 		101.8
v 57.5 		3.3 		61.8
v 57.5 		4.3 		61.8
v 59.6 		3.3 		63.9
v 60.4 		3.3 		63.9
v -81.291 		6.275 		101.586
v 60.4 		4.3 		63.9
v 59.6 		4.3 		63.9
v 60.4 		4.3 		61.8
v -81.388 		6.162 		101.957
v 59.6 		4.3 		61.8
v 62.5 		3.3 		61
v 62.5 		4.3 		61
v 14.8 		6.151 		0.01
v -54.8 		5.911 		0.141
v 60.4 		3.3 		58.9
v 59.6 		3.3 		58.9
v 16.286 		6.283 		0.124
v 59.6 		4.3 		58.9
v 60.4 		4.3 		58.9
v 57.5 		3.3 		61
v 57.5 		4.3 		61
v 15.543 		6.278 		0.117
v 60.4 		4.3 		61
v 59.6 		4.3 		61
v 60.4 		-5.7 		61
v 60.4 		-5.7 		61.8
v -57.029 		6.191 		0.024
v 59.6 		-5.7 		61
v 15.5089 		5.9103 		0.1445
v 15.543 		5.908 		0.148
v 59.6 		-5.7 		61.8
v -56.657 		6.282 		0.127
v 52.5 		3.3 		61.8
v 52.5 		4.3 		61.8
v 49.6 		3.3 		63.9
v 50.4 		3.3 		63.9
v 50.4 		4.3 		63.9
v 49.6 		4.3 		63.9
v 50.4 		4.3 		61.8
v -56.286 		6.083 		0.002
v -81.363 		6.214 		101.4
v -55.914 		6.016 		0.021
v -57.029 		5.977 		0.054
v -80.2 		-5.7 		151
v -80.2 		4.3 		101.8
v -80.2 		-5.7 		151.8
v -69.6 		4.3 		143.9
v -69.6 		3.3 		143.9
v -70.4 		4.3 		143.9
v -70.4 		3.3 		143.9
v -56.286 		5.917 		0.124
v -69.6 		4.3 		141
v -67.5 		4.3 		141
v -67.5 		3.3 		141
v -69.6 		4.3 		141.8
v -67.5 		4.3 		141.8
v -67.5 		3.3 		141.8
v -70.4 		4.3 		141
v -81.397 		6.065 		101.4
v -81.381 		6.016 		101.4
v -72.5 		3.3 		141
v -72.5 		4.3 		141
v -70.4 		4.3 		141.8
v -72.5 		4.3 		141.8
v 10.343 		5.937 		162.714
v -72.5 		3.3 		141.8
v -69.6 		-5.7 		141
v -70.4 		-5.7 		141
v -69.6 		-5.7 		141.8
v -70.4 		-5.7 		141.8
v -80.2 		4.3 		101
v -81.251 		5.908 		100.843
v -81.326 		6.251 		146.229
v 10.4 		4.3 		161.6
v -81.398 		6.083 		100.471
v 9.6 		6.3 		161.8
v 9.6 		6.184 		162.781
v 9.6 		6.241 		162.741
v 9.6 		6.3 		162.6
v -81.395 		6.083 		146.6
v -81.381 		6.016 		145.857
v 15.543 		5.986 		0.037
v 9.6 		5.7 		162.4
v 9.6 		5.9 		162.6
v 16.286 		6.032 		0.012
v -81.264 		5.912 		146.786
v 15.543 		5.927 		0.1209
v 15.1533 		5.9349 		0.1078
v 9.6 		5.986 		162.763
v 16.286 		5.942 		0.089
v -81.363 		5.986 		147.343
v 9.6 		4.3 		161.6
v 9.6 		5.7 		161.6
v 9.6 		6.1 		161.6
v 10.4 		3.3 		158.9
v 10.4 		4.3 		158.9
v 9.6 		4.3 		158.9
v 9.6 		3.3 		158.9
v 10.4 		-5.7 		161.6
v 9.6 		-5.7 		161.6
v -81.269 		6.284 		144.557
v 10.4 		3.3 		153.9
v 10.4 		4.3 		151.8
v 10.4 		4.3 		153.9
v 9.6 		3.3 		153.9
v 9.6 		4.3 		153.9
v 12.571 		6.289 		0.141
v 9.6 		4.3 		151.8
v 13.314 		6.278 		0.117
v 12.5 		3.3 		151.8
v 12.5 		4.3 		151.8
v 12.5 		4.3 		151
v 12.5 		3.3 		151
v 10.4 		3.3 		148.9
v 10.4 		4.3 		148.9
v 10.4 		4.3 		151
v 9.6 		3.3 		148.9
v 9.6 		4.3 		148.9
v 9.6 		4.3 		151
v 10.4 		-5.7 		151
v 9.6 		-5.7 		151
v 10.4 		-5.7 		151.8
v 9.6 		-5.7 		151.8
v -81 		-6.3 		0.4
v 81.2 		6.3 		151.8
v 80.4 		6.3 		151.8
v -81.369 		6.19 		99.264
v 0.4 		4.3 		161.6
v 0.4 		4.3 		158.9
v 0.4 		3.3 		158.9
v -81.314 		6.263 		98.429
v 0.4 		-5.7 		161.6
v 70.4 		6.3 		162.6
v 70.4 		6.3 		161.8
v 0.4 		3.3 		153.9
v 0.4 		4.3 		153.9
v 0.4 		4.3 		151.8
v 2.5 		3.3 		151.8
v 2.5 		4.3 		151.8
v 7.5 		3.3 		151.8
v 7.5 		4.3 		151.8
v 0.4 		3.3 		148.9
v 0.4 		4.3 		148.9
v 0.4 		4.3 		151
v 2.5 		4.3 		151
v 2.5 		3.3 		151
v 7.5 		3.3 		151
v -81.388 		6.036 		98.986
v 7.5 		4.3 		151
v -81.4 		6.1 		98.429
v 0.4 		-5.7 		151.8
v 0.4 		-5.7 		151
v 10.4 		3.3 		143.9
v 10.4 		4.3 		143.9
v 9.6 		3.3 		143.9
v 9.6 		4.3 		143.9
v -81.341 		6.241 		145.114
v -81.389 		6.144 		145.114
v 12.5 		4.3 		141
v 12.5 		3.3 		141
v 12.5 		3.3 		141.8
v 12.5 		4.3 		141.8
v -81.398 		6.083 		144.371
v 10.4 		4.3 		141
v 9.6 		4.3 		141
v 10.4 		4.3 		141.8
v 9.6 		4.3 		141.8
v -81.378 		6.012 		144
v -81.373 		6 		145.114
v -80.2 		-5.7 		101
v -80.2 		-5.7 		101.8
v 10.4 		-5.7 		141
v 9.6 		-5.7 		141
v -69.6 		4.3 		91
v 10.4 		-5.7 		141.8
v -67.5 		4.3 		91
v -67.5 		3.3 		91
v 9.6 		-5.7 		141.8
v -81.276 		5.917 		145.3
v 0.4 		3.3 		143.9
v 0.4 		4.3 		143.9
v 7.5 		3.3 		141.8
v 7.5 		3.3 		141
v 7.5 		4.3 		141
v 7.5 		4.3 		141.8
v 0.4 		4.3 		141.8
v 62.5 		4.3 		81
v 62.5 		3.3 		81
v 2.5 		3.3 		141.8
v 2.5 		4.3 		141.8
v 62.5 		3.3 		81.8
v 62.5 		4.3 		81.8
v 0.4 		4.3 		141
v 2.5 		4.3 		141
v 2.5 		3.3 		141
v 57.5 		4.3 		81
v 59.6 		4.3 		81
v 59.6 		4.3 		81.8
v 57.5 		4.3 		81.8
v -77.5 		4.3 		141
v -77.5 		3.3 		141
v 0.4 		-5.7 		141.8
v 59.6 		4.3 		78.9
v -77.5 		3.3 		141.8
v -77.5 		4.3 		141.8
v 0.4 		-5.7 		141
v 60.4 		4.3 		81
v 60.4 		4.3 		81.8
v 60.4 		4.3 		78.9
v 10.4 		3.3 		138.9
v 10.4 		4.3 		138.9
v 9.6 		3.3 		138.9
v -81.363 		6.214 		141.4
v -81.388 		6.162 		141.957
v 57.5 		3.3 		81
v 9.6 		4.3 		138.9
v -81.378 		6.183 		142.886
v 57.5 		3.3 		81.8
v 10.4 		3.3 		133.9
v 10.4 		4.3 		133.9
v 10.4 		4.3 		131.8
v 9.6 		4.3 		131.8
v 9.6 		4.3 		133.9
v 9.6 		3.3 		133.9
v 59.6 		3.3 		78.9
v 12.5 		3.3 		131.8
v 12.5 		4.3 		131.8
v -81.2769 		6.2789 		143.1378
v -81.2769 		6.2789 		143.1375
v -81.2767 		6.2789 		143.1856
v -81.2772 		6.2788 		143.1336
v -81.291 		6.275 		141.586
v 60.4 		3.3 		78.9
v 59.6 		3.3 		73.9
v 59.6 		4.3 		73.9
v 49.6 		6.3 		162.6
v -57.029 		6.117 		0.002
v 49.6 		6.3 		161.8
v 60.4 		4.3 		73.9
v 60.4 		3.3 		73.9
v 59.6 		-5.7 		81
v 59.6 		-5.7 		81.8
v 60.4 		-5.7 		81
v 60.4 		-5.7 		81.8
v -9.6 		6.3 		162.6
v -9.6 		6.3 		161.8
v -50.4 		-5.7 		1.2
v 49.6 		4.3 		81
v 49.6 		4.3 		81.8
v -49.6 		-5.7 		1.2
v 49.6 		4.3 		78.9
v 50.4 		4.3 		81
v 52.5 		4.3 		81
v 52.5 		4.3 		81.8
v 50.4 		4.3 		81.8
v -60.4 		4.3 		3.9
v -59.6 		4.3 		3.9
v 50.4 		4.3 		78.9
v -58.143 		6.288 		0.136
v 49.6 		3.3 		78.9
v 52.5 		3.3 		81
v 52.5 		3.3 		81.8
v -58.514 		6.017 		0.022
v 50.4 		3.3 		78.9
v -57.771 		6.083 		0.002
v -30.4 		6.3 		161.8
v -30.4 		6.3 		162.6
v -49.6 		6.3 		162.6
v -49.6 		6.3 		161.8
v 49.6 		3.3 		73.9
v 49.6 		4.3 		73.9
v 50.4 		4.3 		73.9
v 50.4 		3.3 		73.9
v 49.6 		4.3 		61.8
v 10.4 		-5.7 		131.8
v 9.6 		-5.7 		131.8
v 52.5 		3.3 		61
v 49.6 		-5.7 		81
v 49.6 		-5.7 		81.8
v 52.5 		4.3 		61
v -57.771 		5.911 		0.141
v 50.4 		3.3 		58.9
v 49.6 		3.3 		58.9
v 50.4 		-5.7 		81
v 50.4 		-5.7 		81.8
v 49.6 		4.3 		58.9
v 50.4 		4.3 		58.9
v 50.4 		4.3 		61
v 49.6 		4.3 		61
v 62.5 		4.3 		71
v 62.5 		3.3 		71
v 62.5 		3.3 		71.8
v 62.5 		4.3 		71.8
v 50.4 		-5.7 		61
v 49.6 		-5.7 		61
v -58.514 		6.126 		0.004
v 60.4 		4.3 		71
v 59.6 		4.3 		71
v 50.4 		-5.7 		61.8
v 57.5 		4.3 		71
v 59.6 		4.3 		71.8
v 57.5 		4.3 		71.8
v 49.6 		-5.7 		61.8
v 60.4 		3.3 		53.9
v 59.6 		3.3 		53.9
v 60.4 		4.3 		71.8
v 60.4 		4.3 		53.9
v 59.6 		4.3 		53.9
v 57.5 		3.3 		71
v 62.5 		3.3 		51.8
v 62.5 		3.3 		51
v 57.5 		3.3 		71.8
v 62.5 		4.3 		51.8
v 62.5 		4.3 		51
v -60.371 		6.264 		0.095
v 57.5 		4.3 		51.8
v 57.5 		4.3 		51
v 60.4 		4.3 		51
v 60.4 		4.3 		51.8
v 60.4 		3.3 		68.9
v 59.6 		3.3 		68.9
v 59.6 		4.3 		68.9
v 60.4 		4.3 		68.9
v 59.6 		4.3 		51
v 59.6 		4.3 		51.8
v 60.4 		-5.7 		71
v 59.6 		-5.7 		71
v 57.5 		3.3 		51
v 57.5 		3.3 		51.8
v 59.6 		-5.7 		71.8
v 60.4 		-5.7 		71.8
v -60.4 		4.3 		1.2
v -59.6 		4.3 		1.2
v 50.4 		4.3 		71
v 49.6 		4.3 		71
v 60.4 		-5.7 		51
v 60.4 		-5.7 		51.8
v 52.5 		4.3 		71
v 49.6 		4.3 		71.8
v 52.5 		4.3 		71.8
v 50.4 		4.3 		71.8
v 59.6 		-5.7 		51
v -59.6 		3.3 		3.9
v -60.4 		3.3 		3.9
v 59.6 		-5.7 		51.8
v 49.6 		3.3 		53.9
v 50.4 		3.3 		53.9
v 52.5 		3.3 		71
v 50.4 		4.3 		53.9
v 49.6 		4.3 		53.9
v 52.5 		3.3 		71.8
v -62.971 		6.278 		0.117
v 52.5 		4.3 		51
v 52.5 		4.3 		51.8
v 50.4 		4.3 		51
v 49.6 		4.3 		51
v 0.4 		3.3 		138.9
v 50.4 		4.3 		51.8
v 0.4 		4.3 		138.9
v -69.6 		4.3 		91.8
v -67.5 		4.3 		91.8
v 0.4 		4.3 		133.9
v 0.4 		4.3 		131.8
v -67.5 		3.3 		91.8
v 2.5 		4.3 		131.8
v -81.235 		6.297 		142.143
v 7.5 		4.3 		131.8
v 0.4 		3.3 		133.9
v -81.275 		6.282 		143.118
v -69.6 		4.3 		93.9
v -69.6 		3.3 		93.9
v 2.5 		3.3 		131.8
v 7.5 		3.3 		131.8
v -70.4 		4.3 		91
v -72.5 		3.3 		91
v -72.5 		4.3 		91
v -70.4 		4.3 		91.8
v -70.4 		4.3 		93.9
v 0.4 		-5.7 		131.8
v -72.5 		4.3 		91.8
v -70.4 		3.3 		93.9
v -0.4 		4.3 		158.9
v -0.4 		4.3 		161.6
v -0.4 		3.3 		158.9
v -72.5 		3.3 		91.8
v -0.4 		-5.7 		161.6
v -69.6 		-5.7 		91
v -70.4 		-5.7 		91
v -69.6 		-5.7 		91.8
v -0.4 		3.3 		153.9
v -70.4 		-5.7 		91.8
v -0.4 		4.3 		153.9
v -7.5 		3.3 		151.8
v -7.5 		4.3 		151.8
v -81.372 		6.001 		142.329
v -2.5 		3.3 		151.8
v -81.387 		6.158 		97.454
v -2.5 		4.3 		151.8
v -0.4 		4.3 		151.8
v -0.4 		3.3 		148.9
v -0.4 		4.3 		148.9
v -7.5 		4.3 		151
v -7.5 		3.3 		151
v -80.2 		4.3 		141.8
v -2.5 		3.3 		151
v -2.5 		4.3 		151
v -0.4 		4.3 		151
v -0.4 		-5.7 		151.8
v -0.4 		-5.7 		151
v -81.396 		6.074 		96.943
v -9.6 		6.276 		162.691
v -9.6 		6.152 		162.792
v -81.393 		6.057 		97.686
v -81.35 		5.969 		96.571
v -9.6 		5.9 		162.6
v -9.6 		5.7 		162.4
v -9.6 		6.083 		162.799
v -9.6 		5.959 		162.741
v -81.397 		6.065 		141.4
v -81.381 		6.016 		141.4
v -81.346 		6.234 		95.457
v -81.392 		6.152 		95.086
v -81.369 		6.19 		139.264
v -9.6 		4.3 		161.6
v -9.6 		6.1 		161.6
v -9.6 		5.7 		161.6
v -80.2 		4.3 		141
v -10.343 		6.278 		162.683
v -81.257 		5.911 		139.357
v -81.264 		5.912 		140.843
v -11.457 		6.169 		162.778
v -81.4 		6.1 		95.457
v -81.389 		6.041 		96.2
v -81.392 		6.048 		95.457
v -81.398 		6.083 		140.471
v -10.9 		5.923 		162.685
v -11.829 		6.041 		162.789
v -11.086 		5.986 		162.763
v -11.829 		5.917 		162.676
v -81.37 		6.012 		94.807
v -77.5 		4.3 		91
v -77.5 		3.3 		91
v -77.5 		3.3 		91.8
v -77.5 		4.3 		91.8
v -81.281 		6.279 		93.043
v -80.2 		-5.7 		141
v -80.2 		-5.7 		141.8
v -69.6 		3.3 		138.9
v -69.6 		4.3 		138.9
v -70.4 		4.3 		138.9
v -70.4 		3.3 		138.9
v -81.396 		6.085 		93.321
v -81.375 		6.191 		92.764
v -10.4 		4.3 		161.6
v -10.4 		4.3 		158.9
v -10.4 		3.3 		158.9
v -9.6 		4.3 		158.9
v -9.6 		3.3 		158.9
v -81.2 		6.3 		91
v -81.335 		6.241 		91
v -81.252 		6.292 		91.743
v -80.4 		6.3 		91
v -62.229 		6.159 		0.011
v -80.2 		4.3 		91.8
v -62.229 		5.911 		0.141
v -62.971 		5.954 		0.066
v -62.971 		6.024 		0.017
v 81.2 		6.3 		131
v 80.4 		6.3 		131
v 80.4 		6.3 		111.8
v 81.2 		6.3 		111.8
v -81.314 		5.937 		91.743
v 81.2 		6.3 		91
v 80.4 		6.3 		91
v -62.971 		6.126 		0.004
v 81.2 		6.3 		71.8
v 80.4 		6.3 		71.8
v 81.2 		6.3 		51
v 80.4 		6.3 		51
v -65.2 		6.184 		0.019
v 81.2 		6.3 		31.8
v -81 		5.7 		91
v 80.4 		6.3 		31.8
v -63.714 		6.234 		0.054
v -81.2 		5.9 		91
v -64.457 		6.239 		0.061
v -81.392 		6.048 		91
v -65.2 		6.289 		0.141
v -81.329 		5.947 		91
v -80.2 		5.7 		91
v -80.2 		6.1 		91
v -80.2 		4.3 		91
v -63.714 		6.283 		0.124
v 49.6 		6.3 		0.2
v 49.6 		6.3 		1
v -80.2 		-5.7 		91
v -80.2 		-5.7 		91.8
v -69.6 		4.3 		83.9
v -69.6 		3.3 		83.9
v -69.6 		3.3 		88.9
v -69.6 		4.3 		88.9
v -70.4 		4.3 		83.9
v -70.4 		4.3 		88.9
v -70.4 		3.3 		83.9
v -70.4 		3.3 		88.9
v 9.6 		6.3 		0.2
v 9.6 		6.3 		1
v -69.6 		4.3 		81
v -67.5 		4.3 		81
v -67.5 		3.3 		81
v -67.5 		3.3 		81.8
v -67.5 		4.3 		81.8
v -69.6 		4.3 		81.8
v -69.6 		3.3 		78.9
v -69.6 		4.3 		78.9
v -64.457 		5.908 		0.148
v -63.714 		5.994 		0.033
v -72.5 		3.3 		81
v -72.5 		4.3 		81
v -70.4 		4.3 		81
v -64.829 		6.016 		0.021
v -81.2 		6.3 		71
v -70.4 		4.3 		81.8
v -80.4 		6.3 		71
v -72.5 		4.3 		81.8
v -72.5 		3.3 		81.8
v -70.4 		4.3 		78.9
v -70.4 		3.3 		78.9
v -9.6 		6.3 		0.2
v -9.6 		6.3 		1
v -69.6 		4.3 		73.9
v -69.6 		3.3 		73.9
v -70.4 		3.3 		73.9
v -70.4 		4.3 		73.9
v -13.5 		5.925 		162.689
v -69.6 		-5.7 		81
v -69.6 		-5.7 		81.8
v -12.571 		5.933 		162.706
v -70.4 		-5.7 		81
v -70.4 		-5.7 		81.8
v -13.314 		5.986 		162.763
v -80.2 		-5.7 		81
v -80.2 		4.3 		81
v -77.5 		4.3 		81
v -77.5 		3.3 		81
v -80.2 		-5.7 		81.8
v -80.2 		4.3 		81.8
v -77.5 		4.3 		81.8
v -77.5 		3.3 		81.8
v 12.571 		5.911 		0.141
v -80.4 		6.3 		51
v -81.2 		6.3 		51
v 13.407 		6.038 		0.017
v -81.2 		6.3 		31.8
v -80.4 		6.3 		31.8
v -12.571 		6.109 		162.798
v -14.057 		6.066 		162.788
v 13.314 		5.922 		0.117
v -80.4 		6.3 		11
v -81.2 		6.3 		11
v 12.571 		5.959 		0.059
v -70.4 		6.3 		0.2
v -70.4 		6.3 		1
v 80.2 		5.7 		161.6
v 80.2 		-5.7 		161.6
v 81 		5.7 		162.4
v 81.367 		6.206 		151.8
v -14.986 		6.005 		162.774
v -16.286 		5.917 		162.676
v 12.571 		6.126 		0.004
v 81 		5.7 		151.8
v 81.2 		5.9 		151.8
v 80.2 		6.1 		151.8
v 80.2 		5.7 		151.8
v 81.381 		6.016 		151.8
v 10.4 		4.3 		3.9
v 9.6 		4.3 		3.9
v -63.714 		6.117 		0.005
v 80.2 		4.3 		151.8
v 11.829 		6.239 		0.061
v 11.086 		6.262 		0.092
v 10.343 		6.239 		0.061
v 11.086 		6.184 		0.019
v -60.4 		-5.7 		1.2
v 77.5 		4.3 		151.8
v 77.5 		3.3 		151.8
v -16.286 		6.104 		162.797
v 10.4 		4.3 		1.2
v 81.26 		6.29 		150.686
v 81.334 		6.246 		151.057
v 49.6 		4.3 		51.8
v 52.5 		3.3 		51
v 52.5 		3.3 		51.8
v 11.086 		5.911 		0.141
v 10.343 		6.071 		0.013
v 50.4 		-5.7 		51
v 49.6 		-5.7 		51
v 50.4 		-5.7 		51.8
v 49.6 		-5.7 		51.8
v 10.343 		5.922 		0.117
v 47.5 		3.3 		61
v 42.5 		3.3 		61
v 42.5 		3.3 		61.8
v 47.5 		3.3 		61.8
v -10.4 		-5.7 		161.6
v 11.086 		5.959 		0.059
v -9.6 		-5.7 		161.6
v 47.5 		4.3 		61.8
v 47.5 		4.3 		61
v 11.829 		5.961 		0.061
v -10.4 		3.3 		153.9
v -10.4 		4.3 		153.9
v -10.4 		4.3 		151.8
v -9.6 		4.3 		153.9
v -9.6 		4.3 		151.8
v 42.5 		4.3 		61.8
v 42.5 		4.3 		61
v -9.6 		3.3 		153.9
v -12.5 		4.3 		151.8
v -12.5 		3.3 		151.8
v 39.6 		3.3 		63.9
v 40.4 		3.3 		63.9
v 40.4 		4.3 		63.9
v 39.6 		4.3 		63.9
v 37.5 		3.3 		61.8
v -9.6 		3.3 		148.9
v -9.6 		4.3 		148.9
v -9.6 		4.3 		151
v 37.5 		4.3 		61.8
v -10.4 		4.3 		151
v -10.4 		4.3 		148.9
v -10.4 		3.3 		148.9
v 40.4 		4.3 		61.8
v 39.6 		4.3 		61.8
v 37.5 		3.3 		61
v -12.5 		3.3 		151
v -12.5 		4.3 		151
v 37.5 		4.3 		61
v 40.4 		3.3 		58.9
v 39.6 		3.3 		58.9
v -10.4 		-5.7 		151.8
v -9.6 		-5.7 		151.8
v 39.6 		4.3 		58.9
v 40.4 		4.3 		58.9
v 9.6 		6.276 		0.109
v 40.4 		4.3 		61
v 39.6 		4.3 		61
v -59.6 		-5.7 		1.2
v 9.6 		6.168 		0.012
v -67.5 		3.3 		61.8
v 40.4 		-5.7 		61
v -67.5 		4.3 		61.8
v 40.4 		-5.7 		61.8
v -69.6 		3.3 		63.9
v -69.6 		4.3 		63.9
v -69.6 		4.3 		61.8
v 39.6 		-5.7 		61
v 50.4 		3.3 		68.9
v 49.6 		3.3 		68.9
v -72.5 		3.3 		61.8
v 39.6 		-5.7 		61.8
v 49.6 		4.3 		68.9
v 50.4 		4.3 		68.9
v -72.5 		4.3 		61.8
v -70.4 		3.3 		63.9
v 47.5 		3.3 		51
v 42.5 		3.3 		51
v 42.5 		3.3 		51.8
v 47.5 		3.3 		51.8
v -70.4 		4.3 		63.9
v 50.4 		-5.7 		71
v -70.4 		4.3 		61.8
v 47.5 		4.3 		51.8
v 47.5 		4.3 		51
v -67.5 		3.3 		61
v -67.5 		4.3 		61
v 9.6 		5.7 		1.2
v -69.6 		3.3 		58.9
v 9.6 		4.3 		1.2
v 9.6 		6.1 		1.2
v -69.6 		4.3 		58.9
v 42.5 		4.3 		51.8
v -69.6 		4.3 		61
v 42.5 		4.3 		51
v -70.4 		3.3 		58.9
v 9.6 		5.7 		0.4
v -70.4 		4.3 		58.9
v 39.6 		3.3 		53.9
v 40.4 		3.3 		53.9
v 9.6 		6.083 		0.002
v 9.6 		5.9 		0.2
v 40.4 		4.3 		53.9
v 39.6 		4.3 		53.9
v 9.6 		5.959 		0.059
v 37.5 		4.3 		51.8
v 37.5 		4.3 		51
v -69.6 		4.3 		71
v 40.4 		4.3 		51
v 39.6 		4.3 		51
v -67.5 		4.3 		71
v -67.5 		3.3 		71
v -67.5 		3.3 		71.8
v -67.5 		4.3 		71.8
v -69.6 		4.3 		71.8
v 40.4 		4.3 		51.8
v 39.6 		4.3 		51.8
v -70.4 		4.3 		71.8
v -72.5 		4.3 		71.8
v -72.5 		3.3 		71.8
v 37.5 		3.3 		51
v -72.5 		4.3 		71
v -72.5 		3.3 		71
v 37.5 		3.3 		51.8
v -70.4 		4.3 		71
v -69.6 		4.3 		68.9
v -70.4 		4.3 		68.9
v -69.6 		3.3 		68.9
v -70.4 		3.3 		68.9
v 10.4 		3.3 		3.9
v -70.4 		-5.7 		71
v 40.4 		-5.7 		51
v 9.6 		3.3 		3.9
v -69.6 		-5.7 		71
v 39.6 		-5.7 		51
v 49.6 		-5.7 		71
v -69.6 		-5.7 		71.8
v 10.4 		-5.7 		1.2
v -70.4 		-5.7 		71.8
v 49.6 		-5.7 		71.8
v 9.6 		-5.7 		1.2
v -77.5 		3.3 		71.8
v -77.5 		4.3 		71.8
v 50.4 		-5.7 		71.8
v -77.5 		3.3 		71
v -77.5 		4.3 		71
v 42.5 		4.3 		81
v 42.5 		3.3 		81
v 47.5 		3.3 		81
v 47.5 		4.3 		81
v 42.5 		3.3 		81.8
v 42.5 		4.3 		81.8
v 0.4 		4.3 		1.2
v 0.4 		-5.7 		1.2
v 47.5 		4.3 		81.8
v 47.5 		3.3 		81.8
v 0.4 		4.3 		3.9
v 0.4 		3.3 		3.9
v -80.2 		4.3 		71.8
v 37.5 		4.3 		81
v 39.6 		4.3 		81
v 39.6 		4.3 		81.8
v 37.5 		4.3 		81.8
v -81.306 		6.267 		71
v 39.6 		4.3 		78.9
v -7.5 		4.3 		131
v 40.4 		4.3 		81
v -0.4 		4.3 		128.9
v -0.4 		4.3 		131
v 40.4 		4.3 		81.8
v -2.5 		4.3 		131
v -7.5 		3.3 		131
v 40.4 		4.3 		78.9
v -81.252 		6.292 		70.259
v -2.5 		3.3 		131
v 37.5 		3.3 		81
v 37.5 		3.3 		81.8
v -0.4 		3.3 		128.9
v 39.6 		3.3 		78.9
v -0.4 		4.3 		123.9
v -0.4 		3.3 		123.9
v 40.4 		3.3 		78.9
v -0.4 		-5.7 		131
v -9.6 		3.3 		128.9
v -9.6 		4.3 		128.9
v -9.6 		4.3 		131
v 39.6 		3.3 		73.9
v -80.2 		5.7 		71
v 39.6 		4.3 		73.9
v -10.4 		4.3 		131
v -10.4 		4.3 		128.9
v -10.4 		3.3 		128.9
v 40.4 		4.3 		73.9
v 40.4 		3.3 		73.9
v -80.2 		6.1 		71
v 39.6 		-5.7 		81
v -81 		5.7 		71
v -12.5 		3.3 		131
v -12.5 		4.3 		131
v -67.5 		3.3 		131.8
v -67.5 		4.3 		131.8
v -69.6 		4.3 		131.8
v -9.6 		4.3 		123.9
v -9.6 		3.3 		123.9
v -69.6 		4.3 		133.9
v -69.6 		3.3 		133.9
v -10.4 		3.3 		123.9
v -10.4 		4.3 		123.9
v -70.4 		4.3 		131.8
v -70.4 		4.3 		133.9
v -72.5 		4.3 		131.8
v -70.4 		3.3 		133.9
v -9.6 		-5.7 		131
v -10.4 		-5.7 		131
v -72.5 		3.3 		131.8
v -2.5 		4.3 		121.8
v -0.4 		4.3 		121.8
v -0.4 		4.3 		121
v -2.5 		4.3 		121
v -69.6 		-5.7 		131.8
v -0.4 		4.3 		118.9
v -2.5 		3.3 		121.8
v -70.4 		-5.7 		131.8
v -2.5 		3.3 		121
v -0.4 		3.3 		118.9
v -7.5 		3.3 		121.8
v -7.5 		4.3 		121.8
v -7.5 		3.3 		121
v -7.5 		4.3 		121
v -81.252 		5.908 		138.429
v -0.4 		-5.7 		121.8
v -0.4 		-5.7 		121
v -81.388 		6.036 		138.986
v -9.6 		4.3 		121.8
v -10.4 		4.3 		121.8
v -9.6 		4.3 		118.9
v -9.6 		4.3 		121
v -10.4 		4.3 		121
v -10.4 		4.3 		118.9
v -9.6 		3.3 		118.9
v -10.4 		3.3 		118.9
v -12.5 		3.3 		121
v -12.5 		4.3 		121
v -12.5 		4.3 		121.8
v -12.5 		3.3 		121.8
v -9.6 		-5.7 		151
v -10.4 		-5.7 		151
v -0.4 		3.3 		143.9
v -0.4 		4.3 		143.9
v -2.5 		3.3 		141.8
v -2.5 		3.3 		141
v -2.5 		4.3 		141
v -2.5 		4.3 		141.8
v -0.4 		4.3 		141
v -0.4 		4.3 		141.8
v -7.5 		3.3 		141.8
v -7.5 		4.3 		141.8
v -7.5 		4.3 		141
v -7.5 		3.3 		141
v -0.4 		-5.7 		141.8
v -0.4 		-5.7 		141
v -81.399 		6.096 		135.829
v -9.6 		4.3 		143.9
v -9.6 		3.3 		143.9
v -81.353 		5.971 		136.2
v -10.4 		3.3 		143.9
v -10.4 		4.3 		143.9
v -81.303 		5.931 		135.643
v -9.6 		4.3 		141.8
v -10.4 		4.3 		141.8
v -9.6 		4.3 		141
v -10.4 		4.3 		141
v -81.268 		5.913 		136.571
v -12.5 		3.3 		141
v -12.5 		4.3 		141
v -12.5 		4.3 		141.8
v -12.5 		3.3 		141.8
v -9.6 		-5.7 		141.8
v -10.4 		-5.7 		141.8
v -9.6 		-5.7 		141
v -10.4 		-5.7 		141
v -77.5 		3.3 		131.8
v -77.5 		4.3 		131.8
v -0.4 		3.3 		138.9
v -0.4 		4.3 		138.9
v -81.314 		6.263 		133.229
v -7.5 		4.3 		131.8
v -81.259 		6.289 		133.971
v -2.5 		4.3 		131.8
v -0.4 		4.3 		131.8
v -0.4 		4.3 		133.9
v -7.5 		3.3 		131.8
v -2.5 		3.3 		131.8
v -81.314 		6.263 		134.714
v -81.353 		6.229 		134.714
v -0.4 		3.3 		133.9
v -81.385 		6.146 		134.064
v -0.4 		-5.7 		131.8
v -9.6 		3.3 		138.9
v -9.6 		4.3 		138.9
v -10.4 		4.3 		138.9
v -10.4 		3.3 		138.9
v -9.6 		4.3 		131.8
v -9.6 		4.3 		133.9
v -9.6 		3.3 		133.9
v -10.4 		3.3 		133.9
v -10.4 		4.3 		133.9
v -10.4 		4.3 		131.8
v -12.5 		4.3 		131.8
v -12.5 		3.3 		131.8
v -81.398 		6.083 		134.714
v -9.6 		-5.7 		131.8
v -10.4 		-5.7 		131.8
v -81.272 		5.915 		134.343
v -16.657 		6.184 		162.779
v -81.2604 		5.9124 		134.144
v -17.029 		6.057 		162.793
v -17.771 		5.994 		162.767
v -16.657 		5.956 		162.732
v -17.771 		6.091 		162.798
v -81.378 		6.017 		71
v -81.306 		5.933 		71
v -81.2 		5.9 		71
v -81.396 		6.126 		71
v 40.4 		-5.7 		51.8
v 39.6 		-5.7 		51.8
v 60.4 		3.3 		48.9
v 59.6 		3.3 		48.9
v 59.6 		4.3 		48.9
v 60.4 		4.3 		48.9
v -9.6 		-5.7 		121.8
v -10.4 		-5.7 		121.8
v 62.5 		3.3 		41.8
v 62.5 		3.3 		41
v -9.6 		-5.7 		121
v 62.5 		4.3 		41.8
v 62.5 		4.3 		41
v -10.4 		-5.7 		121
v -80.2 		4.3 		71
v 60.4 		4.3 		43.9
v 59.6 		4.3 		43.9
v 57.5 		4.3 		41.8
v 57.5 		4.3 		41
v 60.4 		4.3 		41
v 59.6 		4.3 		41
v -19.6 		4.3 		131
v -17.5 		4.3 		131
v -17.5 		3.3 		131
v 60.4 		4.3 		41.8
v 59.6 		4.3 		41.8
v -19.6 		3.3 		128.9
v -19.6 		4.3 		128.9
v 59.6 		3.3 		43.9
v 60.4 		3.3 		43.9
v -20.4 		4.3 		131
v 57.5 		3.3 		41
v 57.5 		3.3 		41.8
v -20.4 		4.3 		128.9
v -20.4 		3.3 		128.9
v -22.5 		3.3 		131
v -22.5 		4.3 		131
v 60.4 		-5.7 		41
v -19.6 		4.3 		123.9
v -19.6 		3.3 		123.9
v -81.396 		6.126 		70.259
v 59.6 		-5.7 		41
v -20.4 		3.3 		123.9
v -20.4 		4.3 		123.9
v -72.5 		3.3 		61
v 60.4 		-5.7 		41.8
v -72.5 		4.3 		61
v -70.4 		4.3 		61
v 59.6 		-5.7 		41.8
v -70.4 		-5.7 		61
v 50.4 		3.3 		48.9
v 49.6 		3.3 		48.9
v -69.6 		-5.7 		61
v 49.6 		4.3 		48.9
v 50.4 		4.3 		48.9
v -70.4 		-5.7 		61.8
v -81.235 		6.297 		68.778
v -69.6 		-5.7 		61.8
v 52.5 		4.3 		41
v 52.5 		4.3 		41.8
v -77.5 		4.3 		61.8
v 50.4 		4.3 		43.9
v 49.6 		4.3 		43.9
v -77.5 		3.3 		61.8
v 50.4 		4.3 		41
v 49.6 		4.3 		41
v 50.4 		4.3 		41.8
v -81.381 		6.184 		68.037
v -81.378 		6.183 		64.333
v 49.6 		4.3 		41.8
v -81.3 		6.269 		69.426
v 52.5 		3.3 		41
v 52.5 		3.3 		41.8
v -81.261 		6.288 		65.12
v -81.2566 		6.2889 		65.536
v 49.6 		3.3 		43.9
v 50.4 		3.3 		43.9
v -81.276 		5.917 		64.519
v 50.4 		-5.7 		41
v 49.6 		-5.7 		41
v 50.4 		-5.7 		41.8
v 49.6 		-5.7 		41.8
v -81.392 		6.057 		65.259
v 60.4 		3.3 		38.9
v 60.4 		3.3 		33.9
v 59.6 		3.3 		33.9
v 59.6 		3.3 		38.9
v 59.6 		4.3 		38.9
v 60.4 		4.3 		38.9
v -81.396 		6.074 		64.333
v -81.257 		5.911 		69.333
v 60.4 		4.3 		33.9
v 59.6 		4.3 		33.9
v -81.313 		5.939 		68.037
v 50.4 		3.3 		38.9
v 50.4 		3.3 		33.9
v 49.6 		3.3 		33.9
v 49.6 		3.3 		38.9
v -81.382 		6.02 		68.407
v 49.6 		4.3 		38.9
v 50.4 		4.3 		38.9
v -80.2 		4.3 		61.8
v 50.4 		4.3 		33.9
v 49.6 		4.3 		33.9
v 47.5 		3.3 		41
v 42.5 		3.3 		41
v 42.5 		3.3 		41.8
v 47.5 		3.3 		41.8
v 47.5 		4.3 		41.8
v 47.5 		4.3 		41
v -81.252 		6.292 		62.852
v 42.5 		4.3 		41.8
v 42.5 		4.3 		41
v -81.389 		6.16 		61.648
v 39.6 		-5.7 		81.8
v 40.4 		-5.7 		81
v 40.4 		-5.7 		81.8
v -81.397 		6.122 		68.963
v 42.5 		4.3 		71
v 42.5 		3.3 		71
v 47.5 		3.3 		71
v 47.5 		4.3 		71
v 42.5 		3.3 		71.8
v 42.5 		4.3 		71.8
v -77.5 		4.3 		61
v 47.5 		4.3 		71.8
v 47.5 		3.3 		71.8
v -77.5 		3.3 		61
v -81.334 		6.244 		60.444
v 40.4 		4.3 		71
v 39.6 		4.3 		71
v -81.252 		6.292 		61.093
v 37.5 		4.3 		71
v 39.6 		4.3 		71.8
v 37.5 		4.3 		71.8
v 40.4 		4.3 		71.8
v -80.2 		4.3 		61
v 37.5 		3.3 		71
v 37.5 		3.3 		71.8
v -81.392 		6.048 		59.889
v 40.4 		3.3 		68.9
v 39.6 		3.3 		68.9
v 39.6 		4.3 		68.9
v 40.4 		4.3 		68.9
v 40.4 		-5.7 		71
v 39.6 		-5.7 		71
v 39.6 		-5.7 		71.8
v -81.291 		6.275 		59.333
v 40.4 		-5.7 		71.8
v -81.369 		6.19 		58.5
v -81.314 		6.263 		57.667
v -19.6 		-5.7 		131
v 30.4 		4.3 		91
v 29.6 		4.3 		91
v -20.4 		-5.7 		131
v 32.5 		4.3 		91
v 29.6 		4.3 		91.8
v -27.5 		4.3 		131
v -27.5 		3.3 		131
v 29.6 		4.3 		93.9
v 30.4 		4.3 		93.9
v 30.4 		4.3 		91.8
v 32.5 		4.3 		91.8
v -29.6 		4.3 		131
v -29.6 		3.3 		128.9
v -29.6 		4.3 		128.9
v 29.6 		3.3 		93.9
v -32.5 		3.3 		131
v -32.5 		4.3 		131
v -30.4 		4.3 		131
v 30.4 		3.3 		93.9
v -30.4 		4.3 		128.9
v -30.4 		3.3 		128.9
v 32.5 		3.3 		91
v -29.6 		4.3 		123.9
v -29.6 		3.3 		123.9
v -30.4 		3.3 		123.9
v -30.4 		4.3 		123.9
v 32.5 		3.3 		91.8
v -29.6 		-5.7 		131
v -30.4 		-5.7 		131
v 27.5 		3.3 		91
v 27.5 		4.3 		91
v 27.5 		4.3 		91.8
v -19.6 		4.3 		121
v -17.5 		4.3 		121
v 27.5 		3.3 		91.8
v -17.5 		4.3 		121.8
v -19.6 		4.3 		121.8
v -19.6 		4.3 		118.9
v 30.4 		-5.7 		91
v 29.6 		-5.7 		91
v -20.4 		4.3 		121
v -20.4 		4.3 		121.8
v 29.6 		-5.7 		91.8
v -20.4 		4.3 		118.9
v 30.4 		-5.7 		91.8
v -17.5 		3.3 		121
v -17.5 		3.3 		121.8
v -19.6 		3.3 		118.9
v 22.5 		4.3 		91
v 22.5 		3.3 		91
v 22.5 		4.3 		91.8
v 22.5 		3.3 		91.8
v -20.4 		3.3 		118.9
v 20.4 		4.3 		91
v 19.6 		4.3 		91
v 17.5 		4.3 		91
v -22.5 		3.3 		121
v -22.5 		4.3 		121
v 17.5 		4.3 		91.8
v 19.6 		4.3 		91.8
v -22.5 		4.3 		121.8
v -22.5 		3.3 		121.8
v 19.6 		4.3 		93.9
v 20.4 		4.3 		93.9
v 20.4 		4.3 		91.8
v -19.6 		-5.7 		121
v -19.6 		-5.7 		121.8
v 17.5 		3.3 		91
v -20.4 		-5.7 		121
v -20.4 		-5.7 		121.8
v 17.5 		3.3 		91.8
v 19.6 		3.3 		93.9
v 20.4 		3.3 		93.9
v -27.5 		4.3 		121
v -27.5 		3.3 		121
v -27.5 		3.3 		121.8
v -27.5 		4.3 		121.8
v 20.4 		-5.7 		91
v 19.6 		-5.7 		91
v -29.6 		4.3 		121
v -29.6 		4.3 		121.8
v 19.6 		-5.7 		91.8
v -29.6 		4.3 		118.9
v 20.4 		-5.7 		91.8
v -32.5 		4.3 		121
v -30.4 		4.3 		121
v -30.4 		4.3 		121.8
v -32.5 		4.3 		121.8
v -30.4 		4.3 		118.9
v 29.6 		4.3 		83.9
v 30.4 		4.3 		83.9
v 30.4 		4.3 		88.9
v 29.6 		4.3 		88.9
v 30.4 		3.3 		83.9
v 30.4 		3.3 		88.9
v 29.6 		3.3 		83.9
v 29.6 		3.3 		88.9
v -32.5 		3.3 		121
v -32.5 		3.3 		121.8
v 19.6 		4.3 		83.9
v 20.4 		4.3 		83.9
v 20.4 		4.3 		88.9
v 19.6 		4.3 		88.9
v 20.4 		3.3 		83.9
v -29.6 		3.3 		118.9
v 20.4 		3.3 		88.9
v 19.6 		3.3 		83.9
v -30.4 		3.3 		118.9
v 19.6 		3.3 		88.9
v -29.6 		-5.7 		121
v -29.6 		-5.7 		121.8
v -30.4 		-5.7 		121
v -30.4 		-5.7 		121.8
v 12.5 		4.3 		91
v 12.5 		3.3 		91
v 12.5 		3.3 		91.8
v 12.5 		4.3 		91.8
v -0.4 		3.3 		113.9
v 10.4 		4.3 		91
v -0.4 		4.3 		113.9
v 9.6 		4.3 		91
v -2.5 		3.3 		111.8
v -2.5 		3.3 		111
v -2.5 		4.3 		111
v -2.5 		4.3 		111.8
v 10.4 		4.3 		91.8
v -0.4 		4.3 		111
v 10.4 		4.3 		93.9
v -0.4 		4.3 		111.8
v 9.6 		4.3 		93.9
v 9.6 		4.3 		91.8
v -7.5 		3.3 		111.8
v -7.5 		4.3 		111.8
v -7.5 		3.3 		111
v -7.5 		4.3 		111
v 10.4 		3.3 		93.9
v 9.6 		3.3 		93.9
v -0.4 		3.3 		108.9
v -0.4 		4.3 		108.9
v -0.4 		-5.7 		111.8
v 10.4 		-5.7 		91
v -0.4 		-5.7 		111
v 9.6 		-5.7 		91
v 10.4 		-5.7 		91.8
v -9.6 		4.3 		111.8
v -9.6 		4.3 		113.9
v 9.6 		-5.7 		91.8
v -10.4 		4.3 		113.9
v -10.4 		4.3 		111.8
v -9.6 		4.3 		111
v -10.4 		4.3 		111
v 7.5 		3.3 		91
v 7.5 		3.3 		91.8
v 7.5 		4.3 		91.8
v 7.5 		4.3 		91
v -9.6 		3.3 		113.9
v -10.4 		3.3 		113.9
v 2.5 		3.3 		91
v 2.5 		3.3 		91.8
v 2.5 		4.3 		91
v 2.5 		4.3 		91.8
v 0.4 		4.3 		91
v 0.4 		3.3 		93.9
v 0.4 		4.3 		91.8
v 0.4 		4.3 		93.9
v -12.5 		3.3 		111
v -12.5 		4.3 		111
v -12.5 		4.3 		111.8
v -12.5 		3.3 		111.8
v 81.388 		6.168 		151.057
v -9.6 		3.3 		108.9
v -9.6 		4.3 		108.9
v -10.4 		4.3 		108.9
v -10.4 		3.3 		108.9
v 81.341 		6.241 		150.314
v -9.6 		-5.7 		111.8
v -10.4 		-5.7 		111.8
v -9.6 		-5.7 		111
v -10.4 		-5.7 		111
v -0.4 		3.3 		103.9
v 80.2 		4.3 		151
v -0.4 		4.3 		103.9
v -2.5 		3.3 		101
v -2.5 		3.3 		101.8
v -2.5 		4.3 		101.8
v -2.5 		4.3 		101
v -0.4 		3.3 		98.9
v -0.4 		4.3 		98.9
v -0.4 		4.3 		101
v -0.4 		4.3 		101.8
v -7.5 		3.3 		101
v -7.5 		3.3 		101.8
v -7.5 		4.3 		101
v -7.5 		4.3 		101.8
v -0.4 		-5.7 		101.8
v -0.4 		-5.7 		101
v -9.6 		4.3 		103.9
v -9.6 		3.3 		103.9
v -10.4 		3.3 		103.9
v -10.4 		4.3 		103.9
v -9.6 		4.3 		101.8
v -10.4 		4.3 		101.8
v 81.382 		6.029 		151.057
v -9.6 		4.3 		98.9
v -9.6 		4.3 		101
v -10.4 		4.3 		101
v -10.4 		4.3 		98.9
v -9.6 		3.3 		98.9
v -10.4 		3.3 		98.9
v -12.5 		3.3 		101
v -12.5 		4.3 		101
v -12.5 		4.3 		101.8
v -12.5 		3.3 		101.8
v 81.396 		6.13 		149.757
v -9.6 		-5.7 		101.8
v -10.4 		-5.7 		101.8
v -9.6 		-5.7 		101
v -10.4 		-5.7 		101
v 81.397 		6.065 		149.571
v -19.6 		4.3 		111
v -20.4 		4.3 		111
v -17.5 		4.3 		111
v -19.6 		4.3 		111.8
v -17.5 		4.3 		111.8
v 81.361 		5.987 		149.757
v -19.6 		4.3 		113.9
v -18.143 		5.924 		162.684
v 81.288 		5.922 		149.943
v 81.329 		6.253 		148.829
v 81.235 		6.297 		148.829
v -19.257 		6.159 		162.789
v -19.257 		6.057 		162.793
v -20 		6.091 		162.798
v 81.367 		6.206 		148.829
v 81.252 		5.908 		148.829
v -81.388 		6.036 		58.222
v -81.28 		5.918 		58.778
v 81.398 		6.117 		148.829
v 81.355 		5.992 		148.829
v -81.4 		6.1 		57.667
v -80.2 		-5.7 		61
v -80.2 		-5.7 		61.8
v -69.6 		3.3 		53.9
v -70.4 		3.3 		53.9
v -69.6 		4.3 		53.9
v -70.4 		4.3 		53.9
v 81.398 		6.083 		148.086
v -67.5 		3.3 		51.8
v -67.5 		3.3 		51
v -67.5 		4.3 		51.8
v -67.5 		4.3 		51
v -69.6 		4.3 		51
v 81.367 		5.994 		148.086
v -69.6 		4.3 		51.8
v -72.5 		3.3 		51
v -72.5 		3.3 		51.8
v -72.5 		4.3 		51.8
v -72.5 		4.3 		51
v -70.4 		4.3 		51
v -70.4 		4.3 		51.8
v 77.5 		3.3 		151
v 77.5 		4.3 		151
v -70.4 		-5.7 		51
v -70.4 		-5.7 		51.8
v 80.2 		-5.7 		151
v -20.279 		5.97 		162.745
v 80.2 		-5.7 		151.8
v 70.4 		6.276 		162.691
v -19.6 		4.3 		161.6
v -20.4 		4.3 		161.6
v 69.657 		6.239 		162.739
v 40.4 		3.3 		48.9
v 39.6 		3.3 		48.9
v -19.6 		3.3 		158.9
v -19.6 		4.3 		158.9
v -20.4 		4.3 		158.9
v -20.4 		3.3 		158.9
v 39.6 		4.3 		48.9
v 40.4 		4.3 		48.9
v -21.486 		6.292 		162.652
v 37.5 		4.3 		41.8
v 37.5 		4.3 		41
v 40.4 		4.3 		43.9
v 39.6 		4.3 		43.9
v 40.4 		4.3 		41
v 39.6 		4.3 		41
v 40.4 		4.3 		41.8
v -22.229 		5.911 		162.659
v -22.0823 		5.918 		162.6678
v -21.486 		5.922 		162.683
v 39.6 		4.3 		41.8
v -22.528 		5.9161 		162.667
v -22.528 		5.9187 		162.6706
v -22.3016 		5.9183 		162.6692
v -22.214 		5.9171 		162.6644
v -22.2368 		5.9174 		162.6657
v -22.528 		5.9 		162.6
v 37.5 		3.3 		41
v 37.5 		3.3 		41.8
v 40.4 		3.3 		43.9
v 39.6 		3.3 		43.9
v -20.743 		6.1 		162.8
v -21.857 		6.062 		162.794
v 40.4 		-5.7 		41
v 39.6 		-5.7 		41
v 40.4 		-5.7 		41.8
v 39.6 		-5.7 		41.8
v 40.4 		3.3 		38.9
v 40.4 		3.3 		33.9
v 39.6 		3.3 		33.9
v 39.6 		3.3 		38.9
v 39.6 		4.3 		38.9
v 40.4 		4.3 		38.9
v -21.486 		6.246 		162.734
v 40.4 		4.3 		33.9
v 39.6 		4.3 		33.9
v 29.6 		3.3 		63.9
v 30.4 		3.3 		63.9
v -24.086 		6.199 		162.771
v 30.4 		4.3 		63.9
v 29.6 		4.3 		63.9
v 32.5 		3.3 		61.8
v -24.457 		6.017 		162.778
v 32.5 		4.3 		61.8
v 30.4 		4.3 		61.8
v 29.6 		4.3 		61.8
v -22.7017 		5.919 		162.6717
v 27.5 		3.3 		61.8
v 27.5 		4.3 		61.8
v 30.4 		3.3 		58.9
v 29.6 		3.3 		58.9
v -22.971 		5.986 		162.763
v 29.6 		4.3 		58.9
v 30.4 		4.3 		58.9
v -24.086 		5.924 		162.684
v 32.5 		3.3 		61
v 32.5 		4.3 		61
v 30.4 		4.3 		61
v 29.6 		4.3 		61
v 27.5 		3.3 		61
v 27.5 		4.3 		61
v 30.4 		-5.7 		61
v 29.6 		-5.7 		61
v 30.4 		-5.7 		61.8
v 29.6 		-5.7 		61.8
v 22.5 		3.3 		61.8
v 22.5 		4.3 		61.8
v 19.6 		3.3 		63.9
v 20.4 		3.3 		63.9
v 20.4 		4.3 		63.9
v 19.6 		4.3 		63.9
v 17.5 		3.3 		61.8
v 17.5 		4.3 		61.8
v 20.4 		4.3 		61.8
v 19.6 		4.3 		61.8
v 22.5 		3.3 		61
v -19.6 		-5.7 		161.6
v -20.4 		-5.7 		161.6
v 22.5 		4.3 		61
v 20.4 		3.3 		58.9
v 19.6 		3.3 		58.9
v -19.6 		4.3 		151.8
v -17.5 		4.3 		151.8
v 19.6 		4.3 		58.9
v 20.4 		4.3 		58.9
v -17.5 		3.3 		151.8
v 17.5 		3.3 		61
v 17.5 		4.3 		61
v -19.6 		4.3 		153.9
v -19.6 		3.3 		153.9
v 20.4 		4.3 		61
v 19.6 		4.3 		61
v -20.4 		4.3 		151.8
v -20.4 		4.3 		153.9
v -20.4 		3.3 		153.9
v 20.4 		-5.7 		61
v -22.5 		4.3 		151.8
v 19.6 		-5.7 		61
v -22.5 		3.3 		151.8
v -19.6 		3.3 		148.9
v -19.6 		4.3 		148.9
v -19.6 		4.3 		151
v 20.4 		-5.7 		61.8
v -20.4 		4.3 		148.9
v -20.4 		4.3 		151
v -20.4 		3.3 		148.9
v 19.6 		-5.7 		61.8
v -17.5 		4.3 		151
v -17.5 		3.3 		151
v 30.4 		3.3 		53.9
v 29.6 		3.3 		53.9
v 30.4 		4.3 		53.9
v 29.6 		4.3 		53.9
v -22.5 		3.3 		151
v -22.5 		4.3 		151
v 32.5 		4.3 		51
v 32.5 		4.3 		51.8
v 30.4 		4.3 		51
v 29.6 		4.3 		51
v -19.6 		-5.7 		151
v -19.6 		-5.7 		151.8
v 30.4 		4.3 		51.8
v -20.4 		-5.7 		151
v -20.4 		-5.7 		151.8
v 29.6 		4.3 		51.8
v 32.5 		3.3 		51.8
v 32.5 		3.3 		51
v -25.2 		6.289 		162.659
v -81.2405 		6.2938 		66.6123
v -81.235 		6.297 		66.556
v -25.2 		6.159 		162.789
v -81.252 		6.292 		67.296
v -81.392 		6.152 		67.296
v -81.339 		6.236 		67.574
v -25.943 		5.961 		162.739
v -81.245 		6.2911 		66.6579
v -81.2449 		6.2912 		66.6533
v -25.2 		5.911 		162.659
v -81.259 		5.913 		66.278
v -28.171 		6.203 		162.761
v -81.378 		6.017 		67.296
v -26.686 		6.159 		162.789
v -26.686 		6.049 		162.79
v -80.2 		-5.7 		71.8
v -80.2 		-5.7 		71
v -27.429 		6.117 		162.799
v -0.4 		3.3 		63.9
v -0.4 		4.3 		63.9
v -0.4 		4.3 		61.8
v -2.5 		4.3 		61.8
v -2.5 		3.3 		61.8
v -7.5 		3.3 		61.8
v -7.5 		4.3 		61.8
v -0.4 		4.3 		61
v -0.4 		4.3 		58.9
v -0.4 		3.3 		58.9
v -2.5 		3.3 		61
v -2.5 		4.3 		61
v -7.5 		4.3 		61
v -7.5 		3.3 		61
v -28.171 		5.908 		162.652
v -27.429 		5.914 		162.663
v -0.4 		-5.7 		61.8
v -28.171 		5.961 		162.739
v -0.4 		-5.7 		61
v -9.6 		3.3 		63.9
v -9.6 		4.3 		61.8
v -9.6 		4.3 		63.9
v -10.4 		3.3 		63.9
v -10.4 		4.3 		63.9
v -69.6 		-5.7 		51
v -69.6 		-5.7 		51.8
v -81.271 		6.28 		56.787
v -81.314 		6.263 		55.444
v -28.914 		6.281 		162.684
v -81.391 		6.156 		56.556
v -28.914 		6.22 		162.757
v -81.381 		6.184 		55.444
v -30.4 		6.241 		162.741
v 0.4 		-5.7 		91
v -81.393 		6.057 		56.926
v 0.4 		-5.7 		91.8
v -81.268 		5.913 		55.815
v 10.4 		3.3 		88.9
v 10.4 		4.3 		88.9
v 10.4 		3.3 		83.9
v 10.4 		4.3 		83.9
v 9.6 		4.3 		88.9
v 9.6 		4.3 		83.9
v 9.6 		3.3 		88.9
v 9.6 		3.3 		83.9
v 0.4 		3.3 		88.9
v 0.4 		4.3 		88.9
v 0.4 		3.3 		83.9
v 0.4 		4.3 		83.9
v 29.6 		4.3 		81
v 29.6 		4.3 		81.8
v 29.6 		4.3 		78.9
v 30.4 		4.3 		81
v 32.5 		4.3 		81
v 32.5 		4.3 		81.8
v 30.4 		4.3 		81.8
v 30.4 		4.3 		78.9
v -81.259 		6.289 		53.963
v 29.6 		3.3 		78.9
v 32.5 		3.3 		81
v 32.5 		3.3 		81.8
v -81.294 		6.267 		54.796
v 30.4 		3.3 		78.9
v 27.5 		3.3 		81
v 27.5 		4.3 		81
v 27.5 		4.3 		81.8
v 27.5 		3.3 		81.8
v 29.6 		3.3 		73.9
v 29.6 		4.3 		73.9
v -81.341 		6.241 		53.963
v 30.4 		4.3 		73.9
v 30.4 		3.3 		73.9
v 29.6 		-5.7 		81
v 29.6 		-5.7 		81.8
v 30.4 		-5.7 		81
v 30.4 		-5.7 		81.8
v -81.329 		5.947 		54.704
v 22.5 		4.3 		81
v 22.5 		3.3 		81
v 22.5 		3.3 		81.8
v 22.5 		4.3 		81.8
v 17.5 		4.3 		81
v 19.6 		4.3 		81
v 19.6 		4.3 		81.8
v 17.5 		4.3 		81.8
v 19.6 		4.3 		78.9
v 20.4 		4.3 		81
v 20.4 		4.3 		81.8
v 20.4 		4.3 		78.9
v -81.393 		6.106 		54.241
v 17.5 		3.3 		81
v 17.5 		3.3 		81.8
v 19.6 		3.3 		78.9
v -77.5 		4.3 		51.8
v -77.5 		4.3 		51
v -77.5 		3.3 		51
v -77.5 		3.3 		51.8
v 20.4 		3.3 		78.9
v 19.6 		3.3 		73.9
v 19.6 		4.3 		73.9
v -81.252 		6.292 		51.741
v 20.4 		4.3 		73.9
v 20.4 		3.3 		73.9
v 19.6 		-5.7 		81
v 19.6 		-5.7 		81.8
v 20.4 		-5.7 		81
v 20.4 		-5.7 		81.8
v 30.4 		4.3 		71
v 29.6 		4.3 		71
v 32.5 		4.3 		71
v 29.6 		4.3 		71.8
v 30.4 		4.3 		71.8
v 32.5 		4.3 		71.8
v -80.2 		4.3 		51.8
v 32.5 		3.3 		71
v -81.268 		5.913 		52.852
v -81.235 		5.903 		51.741
v 32.5 		3.3 		71.8
v 27.5 		3.3 		71
v 27.5 		4.3 		71
v 27.5 		4.3 		71.8
v 27.5 		3.3 		71.8
v 30.4 		3.3 		68.9
v 29.6 		3.3 		68.9
v 29.6 		4.3 		68.9
v 30.4 		4.3 		68.9
v 30.4 		-5.7 		71
v 29.6 		-5.7 		71
v 29.6 		-5.7 		71.8
v 30.4 		-5.7 		71.8
v 22.5 		4.3 		71
v 22.5 		3.3 		71
v -81.363 		6.214 		51
v 22.5 		3.3 		71.8
v 22.5 		4.3 		71.8
v -81.2432 		5.9086 		133.8476
v -81.235 		5.903 		133.971
v -81.255 		5.9115 		133.5531
v -10.4 		4.3 		61.8
v -12.5 		3.3 		61.8
v -80.2 		6.1 		51
v -80.2 		5.7 		51
v -12.5 		4.3 		61.8
v -81 		5.7 		51
v -81.2503 		5.9102 		133.971
v -81.2432 		5.9085 		133.9482
v -81.2 		5.9 		51
v -81.2416 		5.9082 		133.8853
v -9.6 		3.3 		58.9
v -81.346 		5.966 		51
v -9.6 		4.3 		58.9
v -9.6 		4.3 		61
v -10.4 		3.3 		58.9
v -10.4 		4.3 		58.9
v -81.2325 		5.9062 		133.665
v -10.4 		4.3 		61
v -12.5 		3.3 		61
v -12.5 		4.3 		61
v -81.396 		6.126 		51
v -9.6 		-5.7 		61.8
v -10.4 		-5.7 		61.8
v -80.2 		4.3 		51
v -9.6 		-5.7 		61
v -10.4 		-5.7 		61
v -30.4 		5.9 		162.6
v -0.4 		3.3 		53.9
v -0.4 		4.3 		53.9
v -0.4 		4.3 		51.8
v -80.2 		-5.7 		51
v -30.4 		6.117 		162.799
v -2.5 		4.3 		51.8
v -2.5 		3.3 		51.8
v -0.4 		4.3 		51
v -80.2 		-5.7 		51.8
v -2.5 		3.3 		51
v -2.5 		4.3 		51
v -69.6 		3.3 		48.9
v -70.4 		3.3 		48.9
v -7.5 		3.3 		51.8
v -7.5 		4.3 		51.8
v -70.4 		4.3 		48.9
v -69.6 		4.3 		48.9
v -7.5 		3.3 		51
v -7.5 		4.3 		51
v -30.4 		5.7 		162.4
v -67.5 		3.3 		41.8
v -67.5 		3.3 		41
v -0.4 		-5.7 		51.8
v -67.5 		4.3 		41
v -67.5 		4.3 		41.8
v -69.6 		3.3 		43.9
v -0.4 		-5.7 		51
v -29.657 		5.937 		162.714
v -30.4 		5.986 		162.763
v -69.6 		4.3 		43.9
v -69.6 		4.3 		41
v -9.6 		3.3 		53.9
v -9.6 		4.3 		53.9
v -10.4 		3.3 		53.9
v -10.4 		4.3 		53.9
v 27.5 		3.3 		51
v 27.5 		3.3 		51.8
v -28.914 		6.049 		162.79
v -9.6 		4.3 		51.8
v 27.5 		4.3 		51.8
v 27.5 		4.3 		51
v -10.4 		4.3 		51.8
v -9.6 		4.3 		51
v 30.4 		-5.7 		51
v -10.4 		4.3 		51
v 29.6 		-5.7 		51
v 30.4 		-5.7 		51.8
v -29.6 		4.3 		161.6
v -30.4 		4.3 		161.6
v -12.5 		3.3 		51
v -12.5 		3.3 		51.8
v -30.4 		5.7 		161.6
v -30.4 		6.1 		161.6
v -20.4 		4.3 		111.8
v -20.4 		4.3 		113.9
v 29.6 		-5.7 		51.8
v 19.6 		3.3 		53.9
v 20.4 		3.3 		53.9
v -17.5 		3.3 		111
v 20.4 		4.3 		53.9
v 19.6 		4.3 		53.9
v -17.5 		3.3 		111.8
v 22.5 		3.3 		51
v 22.5 		3.3 		51.8
v -19.6 		3.3 		113.9
v 22.5 		4.3 		51.8
v 22.5 		4.3 		51
v -20.4 		3.3 		113.9
v 17.5 		4.3 		51.8
v 17.5 		4.3 		51
v 20.4 		4.3 		51
v 20.4 		4.3 		51.8
v -22.5 		3.3 		111
v -22.5 		4.3 		111
v -22.5 		4.3 		111.8
v -22.5 		3.3 		111.8
v 19.6 		4.3 		51
v -19.6 		3.3 		108.9
v -19.6 		4.3 		108.9
v 19.6 		4.3 		51.8
v -20.4 		4.3 		108.9
v -20.4 		3.3 		108.9
v 17.5 		3.3 		51
v 17.5 		3.3 		51.8
v -19.6 		-5.7 		111
v -20.4 		-5.7 		111
v -19.6 		-5.7 		111.8
v -20.4 		-5.7 		111.8
v 20.4 		-5.7 		51
v -27.5 		4.3 		111
v -27.5 		3.3 		111
v 20.4 		-5.7 		51.8
v -27.5 		4.3 		111.8
v -27.5 		3.3 		111.8
v 19.6 		-5.7 		51
v -29.6 		4.3 		111
v -29.6 		4.3 		111.8
v 19.6 		-5.7 		51.8
v -29.6 		4.3 		113.9
v 12.5 		3.3 		61.8
v -30.4 		4.3 		111
v 12.5 		4.3 		61.8
v -32.5 		4.3 		111
v 10.4 		4.3 		61.8
v 10.4 		4.3 		63.9
v 10.4 		3.3 		63.9
v -32.5 		4.3 		111.8
v -30.4 		4.3 		111.8
v -30.4 		4.3 		113.9
v 9.6 		3.3 		63.9
v 9.6 		4.3 		63.9
v 9.6 		4.3 		61.8
v -29.6 		3.3 		113.9
v 12.5 		3.3 		61
v 12.5 		4.3 		61
v 9.6 		4.3 		61
v 9.6 		4.3 		58.9
v 9.6 		3.3 		58.9
v -32.5 		3.3 		111
v 10.4 		4.3 		58.9
v 10.4 		3.3 		58.9
v -32.5 		3.3 		111.8
v 10.4 		4.3 		61
v -30.4 		3.3 		113.9
v -29.6 		3.3 		108.9
v -29.6 		4.3 		108.9
v 9.6 		-5.7 		61
v 10.4 		-5.7 		61
v -30.4 		4.3 		108.9
v -30.4 		3.3 		108.9
v 10.4 		-5.7 		61.8
v -29.6 		-5.7 		111
v 9.6 		-5.7 		61.8
v -29.6 		-5.7 		111.8
v -30.4 		-5.7 		111
v 0.4 		4.3 		61.8
v 0.4 		4.3 		63.9
v 0.4 		3.3 		63.9
v -30.4 		-5.7 		111.8
v 7.5 		4.3 		61.8
v 7.5 		3.3 		61.8
v 2.5 		3.3 		61.8
v 2.5 		4.3 		61.8
v -19.6 		4.3 		103.9
v -19.6 		3.3 		103.9
v -20.4 		4.3 		103.9
v -20.4 		3.3 		103.9
v 0.4 		3.3 		58.9
v 0.4 		4.3 		58.9
v 0.4 		4.3 		61
v -19.6 		4.3 		101
v -17.5 		4.3 		101
v -19.6 		4.3 		101.8
v -17.5 		4.3 		101.8
v 7.5 		3.3 		61
v 7.5 		4.3 		61
v -19.6 		4.3 		98.9
v 2.5 		4.3 		61
v 2.5 		3.3 		61
v -20.4 		4.3 		98.9
v -20.4 		4.3 		101
v -20.4 		4.3 		101.8
v 0.4 		-5.7 		61.8
v 0.4 		-5.7 		61
v -17.5 		3.3 		101
v -17.5 		3.3 		101.8
v 9.6 		3.3 		53.9
v 9.6 		4.3 		53.9
v 10.4 		3.3 		53.9
v 10.4 		4.3 		53.9
v -19.6 		3.3 		98.9
v 12.5 		3.3 		51
v -20.4 		3.3 		98.9
v 12.5 		3.3 		51.8
v 12.5 		4.3 		51
v 12.5 		4.3 		51.8
v 10.4 		4.3 		51
v -22.5 		3.3 		101
v -22.5 		4.3 		101
v 9.6 		4.3 		51
v -22.5 		4.3 		101.8
v -22.5 		3.3 		101.8
v 9.6 		4.3 		51.8
v 10.4 		4.3 		51.8
v -19.6 		-5.7 		101
v -19.6 		-5.7 		101.8
v -20.4 		-5.7 		101
v -20.4 		-5.7 		101.8
v -29.6 		4.3 		103.9
v -29.6 		3.3 		103.9
v 10.4 		-5.7 		51
v 9.6 		-5.7 		51
v -30.4 		4.3 		103.9
v -30.4 		3.3 		103.9
v 9.6 		-5.7 		51.8
v -27.5 		4.3 		101
v -27.5 		3.3 		101
v 10.4 		-5.7 		51.8
v -27.5 		4.3 		101.8
v -27.5 		3.3 		101.8
v 0.4 		4.3 		53.9
v 0.4 		3.3 		53.9
v -29.6 		4.3 		101
v -29.6 		4.3 		101.8
v -29.6 		4.3 		98.9
v 7.5 		4.3 		51.8
v 7.5 		3.3 		51.8
v -30.4 		4.3 		98.9
v -30.4 		4.3 		101
v 7.5 		3.3 		51
v 7.5 		4.3 		51
v -32.5 		4.3 		101
v -30.4 		4.3 		101.8
v -32.5 		4.3 		101.8
v 0.4 		4.3 		51.8
v 2.5 		3.3 		51.8
v 2.5 		4.3 		51.8
v 2.5 		3.3 		51
v 2.5 		4.3 		51
v 0.4 		4.3 		51
v -32.5 		3.3 		101
v 0.4 		-5.7 		51.8
v -32.5 		3.3 		101.8
v 0.4 		-5.7 		51
v -29.6 		3.3 		98.9
v 30.4 		3.3 		48.9
v 29.6 		3.3 		48.9
v -30.4 		3.3 		98.9
v 29.6 		4.3 		48.9
v 30.4 		4.3 		48.9
v -81.329 		5.947 		133.971
v 30.4 		4.3 		43.9
v 29.6 		4.3 		43.9
v 32.5 		4.3 		41.8
v 32.5 		4.3 		41
v 30.4 		4.3 		41
v 29.6 		4.3 		41
v 30.4 		4.3 		41.8
v 29.6 		4.3 		41.8
v -81.368 		5.993 		133.6
v 30.4 		3.3 		43.9
v 29.6 		3.3 		43.9
v 32.5 		3.3 		41.8
v 32.5 		3.3 		41
v 27.5 		3.3 		41
v 27.5 		3.3 		41.8
v -81.346 		6.223 		131.743
v 27.5 		4.3 		41.8
v 27.5 		4.3 		41
v 30.4 		-5.7 		41
v 29.6 		-5.7 		41
v 30.4 		-5.7 		41.8
v 29.6 		-5.7 		41.8
v 20.4 		3.3 		48.9
v 19.6 		3.3 		48.9
v 19.6 		4.3 		48.9
v 20.4 		4.3 		48.9
v 22.5 		3.3 		41
v 22.5 		3.3 		41.8
v -81.379 		6.016 		132.114
v 22.5 		4.3 		41.8
v 22.5 		4.3 		41
v -81.306 		5.933 		132.486
v -81.398 		6.091 		132.486
v 20.4 		4.3 		43.9
v 19.6 		4.3 		43.9
v 17.5 		4.3 		41.8
v 17.5 		4.3 		41
v 20.4 		4.3 		41
v 19.6 		4.3 		41
v 20.4 		4.3 		41.8
v 19.6 		4.3 		41.8
v 19.6 		3.3 		43.9
v 20.4 		3.3 		43.9
v 17.5 		3.3 		41
v 17.5 		3.3 		41.8
v 20.4 		-5.7 		41
v 19.6 		-5.7 		41
v 20.4 		-5.7 		41.8
v 19.6 		-5.7 		41.8
v 30.4 		3.3 		38.9
v 30.4 		3.3 		33.9
v 29.6 		3.3 		33.9
v 29.6 		3.3 		38.9
v 29.6 		4.3 		38.9
v 30.4 		4.3 		38.9
v -81.341 		5.959 		131.743
v -81.4 		6.1 		131.743
v 30.4 		4.3 		33.9
v 29.6 		4.3 		33.9
v 20.4 		3.3 		38.9
v 20.4 		3.3 		33.9
v 19.6 		3.3 		33.9
v 19.6 		3.3 		38.9
v 19.6 		4.3 		38.9
v 20.4 		4.3 		38.9
v 20.4 		4.3 		33.9
v 19.6 		4.3 		33.9
v 10.4 		3.3 		48.9
v 10.4 		4.3 		48.9
v -80.2 		4.3 		131.8
v 9.6 		4.3 		48.9
v 9.6 		3.3 		48.9
v 12.5 		3.3 		41.8
v 12.5 		3.3 		41
v 12.5 		4.3 		41
v 12.5 		4.3 		41.8
v 10.4 		4.3 		41
v -80.2 		-5.7 		131.8
v 9.6 		4.3 		41
v 10.4 		4.3 		41.8
v 10.4 		4.3 		43.9
v 81.293 		6.269 		131
v 81.381 		6.184 		131
v 9.6 		4.3 		43.9
v 9.6 		4.3 		41.8
v 10.4 		3.3 		43.9
v 81.2 		5.9 		131
v 81 		5.7 		131
v 9.6 		3.3 		43.9
v 81.398 		6.091 		131
v 81.313 		5.939 		131
v 10.4 		-5.7 		41
v 9.6 		-5.7 		41
v 10.4 		-5.7 		41.8
v 9.6 		-5.7 		41.8
v 0.4 		3.3 		48.9
v 0.4 		4.3 		48.9
v 80.2 		5.7 		131
v 80.2 		6.1 		131
v 7.5 		4.3 		41.8
v 7.5 		3.3 		41.8
v 7.5 		3.3 		41
v 7.5 		4.3 		41
v 80.2 		4.3 		131
v 2.5 		3.3 		41.8
v 2.5 		3.3 		41
v 2.5 		4.3 		41
v 2.5 		4.3 		41.8
v 0.4 		4.3 		41.8
v 0.4 		4.3 		43.9
v 0.4 		3.3 		43.9
v 0.4 		4.3 		41
v -29.6 		-5.7 		101
v -29.6 		-5.7 		101.8
v -30.4 		-5.7 		101
v 70.4 		6.065 		162.797
v -30.4 		-5.7 		101.8
v 70.4 		5.9 		162.6
v -12.5 		4.3 		51.8
v -12.5 		4.3 		51
v -39.6 		4.3 		131
v -37.5 		4.3 		131
v -37.5 		3.3 		131
v -9.6 		-5.7 		51.8
v -10.4 		-5.7 		51.8
v -39.6 		3.3 		128.9
v -39.6 		4.3 		128.9
v -40.4 		4.3 		131
v -9.6 		-5.7 		51
v -10.4 		-5.7 		51
v -40.4 		4.3 		128.9
v -40.4 		3.3 		128.9
v -39.6 		4.3 		123.9
v -39.6 		3.3 		123.9
v -20.4 		3.3 		63.9
v -19.6 		3.3 		63.9
v -40.4 		3.3 		123.9
v -40.4 		4.3 		123.9
v -19.6 		4.3 		63.9
v -20.4 		4.3 		63.9
v -17.5 		3.3 		61.8
v -39.6 		-5.7 		131
v -17.5 		4.3 		61.8
v -40.4 		-5.7 		131
v -20.4 		4.3 		61.8
v -19.6 		4.3 		61.8
v -42.5 		3.3 		131
v -42.5 		4.3 		131
v -47.5 		4.3 		131
v -47.5 		3.3 		131
v -22.5 		3.3 		61.8
v -22.5 		4.3 		61.8
v -19.6 		3.3 		58.9
v -20.4 		3.3 		58.9
v -20.4 		4.3 		58.9
v -19.6 		4.3 		58.9
v -39.6 		4.3 		121
v -37.5 		4.3 		121
v -17.5 		3.3 		61
v -37.5 		4.3 		121.8
v -39.6 		4.3 		121.8
v -17.5 		4.3 		61
v -20.4 		4.3 		61
v -39.6 		4.3 		118.9
v -19.6 		4.3 		61
v -40.4 		4.3 		121
v -40.4 		4.3 		121.8
v -40.4 		4.3 		118.9
v -22.5 		3.3 		61
v -22.5 		4.3 		61
v -37.5 		3.3 		121
v -20.4 		-5.7 		61
v -37.5 		3.3 		121.8
v -19.6 		-5.7 		61
v -39.6 		3.3 		118.9
v -20.4 		-5.7 		61.8
v -19.6 		-5.7 		61.8
v -40.4 		3.3 		118.9
v -27.5 		3.3 		61.8
v -27.5 		4.3 		61.8
v -30.4 		3.3 		63.9
v -29.6 		3.3 		63.9
v -39.6 		-5.7 		121
v -29.6 		4.3 		63.9
v -30.4 		4.3 		63.9
v -39.6 		-5.7 		121.8
v -32.5 		3.3 		61.8
v -32.5 		4.3 		61.8
v -40.4 		-5.7 		121
v -30.4 		4.3 		61.8
v -40.4 		-5.7 		121.8
v -69.6 		4.3 		41.8
v -29.6 		4.3 		61.8
v -70.4 		3.3 		43.9
v -70.4 		4.3 		43.9
v -72.5 		3.3 		41
v -42.5 		3.3 		121
v -42.5 		4.3 		121
v -72.5 		3.3 		41.8
v -27.5 		3.3 		61
v -47.5 		4.3 		121
v -47.5 		3.3 		121
v -27.5 		4.3 		61
v -72.5 		4.3 		41.8
v -72.5 		4.3 		41
v -42.5 		4.3 		121.8
v -42.5 		3.3 		121.8
v -70.4 		4.3 		41
v -70.4 		4.3 		41.8
v -47.5 		3.3 		121.8
v -47.5 		4.3 		121.8
v -29.6 		3.3 		58.9
v -30.4 		3.3 		58.9
v -29.6 		4.3 		58.9
v -30.4 		4.3 		58.9
v -32.5 		3.3 		61
v -70.4 		-5.7 		41
v -32.5 		4.3 		61
v -69.6 		-5.7 		41
v -30.4 		4.3 		61
v 69.632 		5.9011 		162.6051
v -49.6 		4.3 		131
v -70.4 		-5.7 		41.8
v -49.6 		3.3 		128.9
v -49.6 		4.3 		128.9
v -69.6 		-5.7 		41.8
v -52.5 		3.3 		131
v -52.5 		4.3 		131
v -50.4 		4.3 		131
v -80.2 		4.3 		41.8
v -80.2 		4.3 		41
v -50.4 		4.3 		128.9
v -50.4 		3.3 		128.9
v -77.5 		4.3 		41.8
v -77.5 		4.3 		41
v -77.5 		3.3 		41
v -77.5 		3.3 		41.8
v -49.6 		4.3 		123.9
v -49.6 		3.3 		123.9
v -50.4 		3.3 		123.9
v -50.4 		4.3 		123.9
v -49.6 		-5.7 		131
v 69.657 		5.935 		162.7
v -50.4 		-5.7 		131
v 70.4 		5.959 		162.741
v -59.6 		4.3 		131
v -57.5 		4.3 		131
v -57.5 		3.3 		131
v 70.4 		5.7 		162.4
v -59.6 		3.3 		128.9
v -59.6 		4.3 		128.9
v -60.4 		4.3 		131
v -60.4 		4.3 		128.9
v -60.4 		3.3 		128.9
v -62.5 		3.3 		131
v -62.5 		4.3 		131
v -59.6 		4.3 		123.9
v -59.6 		3.3 		123.9
v -60.4 		4.3 		123.9
v -60.4 		3.3 		123.9
v 70.4 		4.3 		161.6
v 70.4 		6.1 		161.6
v 70.4 		5.7 		161.6
v -59.6 		-5.7 		131
v -60.4 		-5.7 		131
v -49.6 		4.3 		121
v -49.6 		4.3 		121.8
v -49.6 		4.3 		118.9
v 70.4 		3.3 		158.9
v 70.4 		4.3 		158.9
v -52.5 		4.3 		121
v -50.4 		4.3 		121
v -50.4 		4.3 		121.8
v -52.5 		4.3 		121.8
v -50.4 		4.3 		118.9
v 68.171 		6.292 		162.652
v -52.5 		3.3 		121
v -52.5 		3.3 		121.8
v 68.914 		6.283 		162.676
v -49.6 		3.3 		118.9
v -50.4 		3.3 		118.9
v 68.914 		6.151 		162.79
v -29.6 		3.3 		158.9
v -29.6 		4.3 		158.9
v -30.4 		4.3 		158.9
v -30.4 		3.3 		158.9
v 68.608 		5.9025 		162.612
v -29.6 		-5.7 		161.6
v -30.4 		-5.7 		161.6
v -27.5 		4.3 		151.8
v -27.5 		3.3 		151.8
v -29.6 		4.3 		61
v -29.6 		4.3 		151.8
v -29.6 		4.3 		153.9
v -29.6 		3.3 		153.9
v -32.5 		4.3 		151.8
v -30.4 		4.3 		151.8
v -30.4 		-5.7 		61
v -30.4 		4.3 		153.9
v -32.5 		3.3 		151.8
v -29.6 		-5.7 		61
v -30.4 		3.3 		153.9
v -30.4 		-5.7 		61.8
v -27.5 		4.3 		151
v -27.5 		3.3 		151
v -29.6 		-5.7 		61.8
v -29.6 		3.3 		148.9
v -29.6 		4.3 		148.9
v -29.6 		4.3 		151
v -19.6 		3.3 		53.9
v -20.4 		3.3 		53.9
v -30.4 		4.3 		148.9
v -30.4 		4.3 		151
v -30.4 		3.3 		148.9
v -19.6 		4.3 		53.9
v -20.4 		4.3 		53.9
v -32.5 		3.3 		151
v -32.5 		4.3 		151
v -17.5 		4.3 		51
v -17.5 		4.3 		51.8
v -20.4 		4.3 		51
v -20.4 		4.3 		51.8
v -29.6 		-5.7 		151
v -19.6 		4.3 		51
v -29.6 		-5.7 		151.8
v -19.6 		4.3 		51.8
v -30.4 		-5.7 		151
v -30.4 		-5.7 		151.8
v -17.5 		3.3 		51
v -17.5 		3.3 		51.8
v -19.6 		4.3 		143.9
v -19.6 		3.3 		143.9
v -20.4 		4.3 		143.9
v -20.4 		3.3 		143.9
v -19.6 		4.3 		141
v -20.4 		4.3 		141
v -22.5 		3.3 		51
v -17.5 		4.3 		141
v -22.5 		3.3 		51.8
v -19.6 		4.3 		141.8
v -17.5 		4.3 		141.8
v -22.5 		4.3 		51.8
v -22.5 		4.3 		51
v -20.4 		4.3 		141.8
v -20.4 		-5.7 		51
v -20.4 		-5.7 		51.8
v -17.5 		3.3 		141
v -19.6 		-5.7 		51
v -17.5 		3.3 		141.8
v -19.6 		-5.7 		51.8
v -30.4 		3.3 		53.9
v -29.6 		3.3 		53.9
v -22.5 		3.3 		141
v -22.5 		4.3 		141
v -29.6 		4.3 		53.9
v -30.4 		4.3 		53.9
v -22.5 		4.3 		141.8
v -22.5 		3.3 		141.8
v -27.5 		3.3 		51
v -27.5 		3.3 		51.8
v -19.6 		-5.7 		141
v -20.4 		-5.7 		141
v -27.5 		4.3 		51.8
v -27.5 		4.3 		51
v -19.6 		-5.7 		141.8
v -32.5 		4.3 		51.8
v -32.5 		4.3 		51
v -20.4 		-5.7 		141.8
v -30.4 		4.3 		51
v -29.6 		4.3 		51
v -30.4 		4.3 		51.8
v 20.4 		4.3 		71
v 19.6 		4.3 		71
v 17.5 		4.3 		71
v 19.6 		4.3 		71.8
v 17.5 		4.3 		71.8
v -80.2 		-5.7 		41
v 20.4 		4.3 		71.8
v 68.914 		5.919 		162.684
v -80.2 		-5.7 		41.8
v -69.6 		3.3 		38.9
v 17.5 		3.3 		71
v -69.6 		3.3 		33.9
v -70.4 		3.3 		33.9
v -70.4 		3.3 		38.9
v 68.914 		5.903 		162.635
v 17.5 		3.3 		71.8
v -69.6 		4.3 		38.9
v -70.4 		4.3 		38.9
v 68.914 		5.98 		162.757
v -69.6 		4.3 		33.9
v -70.4 		4.3 		33.9
v 20.4 		3.3 		68.9
v 19.6 		3.3 		68.9
v 19.6 		4.3 		68.9
v 20.4 		4.3 		68.9
v 20.4 		-5.7 		71
v 19.6 		-5.7 		71
v -69.6 		3.3 		28.9
v 19.6 		-5.7 		71.8
v -69.6 		4.3 		28.9
v -67.5 		3.3 		31.8
v -67.5 		3.3 		31
v 20.4 		-5.7 		71.8
v -67.5 		4.3 		31
v -67.5 		4.3 		31.8
v -69.6 		4.3 		31
v 12.5 		4.3 		81
v 12.5 		3.3 		81
v -69.6 		4.3 		31.8
v 12.5 		3.3 		81.8
v 12.5 		4.3 		81.8
v 67.584 		5.9038 		162.6188
v -70.4 		3.3 		28.9
v 10.4 		4.3 		78.9
v 10.4 		4.3 		81
v 9.6 		4.3 		78.9
v 9.6 		4.3 		81
v -70.4 		4.3 		28.9
v 68.171 		6.1 		162.8
v -72.5 		3.3 		31
v -72.5 		3.3 		31.8
v -72.5 		4.3 		31.8
v -72.5 		4.3 		31
v 10.4 		4.3 		81.8
v -70.4 		4.3 		31
v -70.4 		4.3 		31.8
v 9.6 		4.3 		81.8
v 10.4 		3.3 		78.9
v 9.6 		3.3 		78.9
v -70.4 		-5.7 		31
v -70.4 		-5.7 		31.8
v 68.171 		5.997 		162.761
v 68.1107 		5.912 		162.658
v 67.584 		5.9159 		162.6719
v -69.6 		-5.7 		31
v 68.1968 		5.9098 		162.6548
v 68.171 		5.9116 		162.6564
v 68.171 		5.908 		162.652
v -69.6 		-5.7 		31.8
v 10.4 		3.3 		73.9
v 10.4 		4.3 		73.9
v 9.6 		4.3 		73.9
v 9.6 		3.3 		73.9
v 0.4 		-5.7 		41.8
v 0.4 		-5.7 		41
v 10.4 		-5.7 		81
v 9.6 		-5.7 		81
v 10.4 		3.3 		38.9
v 10.4 		4.3 		38.9
v 10.4 		4.3 		33.9
v 10.4 		3.3 		33.9
v 10.4 		-5.7 		81.8
v 9.6 		-5.7 		81.8
v 9.6 		4.3 		38.9
v 9.6 		3.3 		38.9
v 9.6 		3.3 		33.9
v 9.6 		4.3 		33.9
v 7.5 		4.3 		81
v 7.5 		4.3 		81.8
v 7.5 		3.3 		81
v 7.5 		3.3 		81.8
v 0.4 		3.3 		38.9
v 0.4 		4.3 		38.9
v 0.4 		4.3 		33.9
v 0.4 		3.3 		33.9
v 0.4 		3.3 		78.9
v 0.4 		4.3 		78.9
v 0.4 		4.3 		81
v 69.6 		4.3 		161.6
v 2.5 		3.3 		81
v 62.5 		3.3 		31.8
v 62.5 		3.3 		31
v 2.5 		4.3 		81
v 2.5 		3.3 		81.8
v 66.686 		6.151 		162.79
v 2.5 		4.3 		81.8
v 62.5 		4.3 		31
v 62.5 		4.3 		31.8
v 0.4 		4.3 		81.8
v 66.686 		6.283 		162.676
v 65.943 		6.292 		162.652
v 59.6 		4.3 		28.9
v 60.4 		4.3 		28.9
v 0.4 		3.3 		73.9
v 57.5 		4.3 		31.8
v 57.5 		4.3 		31
v 0.4 		4.3 		73.9
v 60.4 		4.3 		31.8
v 60.4 		4.3 		31
v 0.4 		-5.7 		81
v 59.6 		4.3 		31
v 0.4 		-5.7 		81.8
v 59.6 		4.3 		31.8
v 12.5 		4.3 		71
v 12.5 		3.3 		71
v 57.5 		3.3 		31
v 57.5 		3.3 		31.8
v 12.5 		3.3 		71.8
v 12.5 		4.3 		71.8
v 10.4 		4.3 		71
v 9.6 		4.3 		71
v -29.6 		4.3 		51.8
v 10.4 		4.3 		71.8
v 9.6 		4.3 		71.8
v 60.4 		3.3 		28.9
v 59.6 		3.3 		28.9
v -32.5 		3.3 		51
v -32.5 		3.3 		51.8
v 60.4 		-5.7 		31
v 60.4 		-5.7 		31.8
v 10.4 		3.3 		68.9
v 10.4 		4.3 		68.9
v -30.4 		-5.7 		51
v 9.6 		4.3 		68.9
v -29.6 		-5.7 		51
v 9.6 		3.3 		68.9
v 59.6 		-5.7 		31
v -30.4 		-5.7 		51.8
v 59.6 		-5.7 		31.8
v 10.4 		-5.7 		71
v 9.6 		-5.7 		71
v -29.6 		-5.7 		51.8
v 52.5 		4.3 		31
v 52.5 		4.3 		31.8
v 10.4 		-5.7 		71.8
v -0.4 		4.3 		48.9
v -0.4 		3.3 		48.9
v 49.6 		4.3 		28.9
v 50.4 		4.3 		28.9
v 9.6 		-5.7 		71.8
v 50.4 		4.3 		31
v 49.6 		4.3 		31
v -0.4 		3.3 		43.9
v -0.4 		4.3 		43.9
v -0.4 		4.3 		41.8
v 7.5 		4.3 		71
v 7.5 		4.3 		71.8
v 7.5 		3.3 		71.8
v 50.4 		4.3 		31.8
v 7.5 		3.3 		71
v 49.6 		4.3 		31.8
v -2.5 		4.3 		41.8
v -2.5 		3.3 		41.8
v -0.4 		4.3 		41
v 0.4 		4.3 		71.8
v -2.5 		3.3 		41
v -2.5 		4.3 		41
v 52.5 		3.3 		31.8
v 2.5 		3.3 		71.8
v 2.5 		4.3 		71.8
v 52.5 		3.3 		31
v 2.5 		3.3 		71
v 2.5 		4.3 		71
v 0.4 		4.3 		71
v -7.5 		3.3 		41.8
v -7.5 		3.3 		41
v -7.5 		4.3 		41
v -7.5 		4.3 		41.8
v 0.4 		3.3 		68.9
v 0.4 		4.3 		68.9
v -0.4 		-5.7 		41.8
v 50.4 		3.3 		28.9
v 49.6 		3.3 		28.9
v -0.4 		-5.7 		41
v 0.4 		-5.7 		71.8
v 0.4 		-5.7 		71
v -9.6 		3.3 		48.9
v -9.6 		4.3 		48.9
v -10.4 		3.3 		48.9
v 50.4 		-5.7 		31
v -10.4 		4.3 		48.9
v 81.353 		6.223 		65.114
v 49.6 		-5.7 		31
v 81.276 		6.283 		64.371
v -9.6 		4.3 		41.8
v -9.6 		4.3 		43.9
v -10.4 		4.3 		43.9
v -10.4 		4.3 		41.8
v 81.252 		6.292 		63.629
v 50.4 		-5.7 		31.8
v -9.6 		4.3 		41
v -10.4 		4.3 		41
v 49.6 		-5.7 		31.8
v 62.5 		3.3 		21.8
v 62.5 		3.3 		21
v 81.2738 		6.2797 		63.5148
v -9.6 		3.3 		43.9
v 62.5 		4.3 		21
v 62.5 		4.3 		21.8
v 81.2536 		6.2853 		63.488
v 81.2404 		6.2889 		65.536
v -10.4 		3.3 		43.9
v 57.5 		4.3 		21.8
v 57.5 		4.3 		21
v 60.4 		4.3 		23.9
v 59.6 		4.3 		23.9
v 60.4 		4.3 		21
v 59.6 		4.3 		21
v -77.5 		4.3 		31.8
v -77.5 		4.3 		31
v -77.5 		3.3 		31.8
v -12.5 		3.3 		41
v -77.5 		3.3 		31
v -12.5 		3.3 		41.8
v -12.5 		4.3 		41.8
v -12.5 		4.3 		41
v 77.5 		3.3 		131
v 77.5 		4.3 		131
v -9.6 		-5.7 		41.8
v -10.4 		-5.7 		41.8
v -9.6 		-5.7 		41
v -81.314 		6.263 		31.057
v -10.4 		-5.7 		41
v -81.363 		6.214 		31.057
v 80.2 		-5.7 		131
v -0.4 		4.3 		38.9
v -0.4 		3.3 		38.9
v 70.4 		4.3 		131
v 72.5 		4.3 		131
v 72.5 		3.3 		131
v -0.4 		3.3 		33.9
v -0.4 		4.3 		33.9
v 70.4 		3.3 		128.9
v 70.4 		4.3 		128.9
v -80.2 		6.1 		31.8
v -9.6 		3.3 		33.9
v -9.6 		3.3 		38.9
v -81 		5.7 		31.8
v 67.5 		3.3 		131
v 67.5 		4.3 		131
v 69.6 		4.3 		131
v -80.2 		5.7 		31.8
v -9.6 		4.3 		33.9
v -9.6 		4.3 		38.9
v -10.4 		3.3 		33.9
v -10.4 		3.3 		38.9
v -81.335 		5.959 		31.8
v -81.2 		5.9 		31.8
v -10.4 		4.3 		33.9
v -81.396 		6.126 		31.8
v -10.4 		4.3 		38.9
v -49.6 		-5.7 		121
v -49.6 		-5.7 		121.8
v -50.4 		-5.7 		121
v -19.6 		3.3 		48.9
v -50.4 		-5.7 		121.8
v -20.4 		3.3 		48.9
v -20.4 		4.3 		48.9
v -19.6 		4.3 		48.9
v -29.6 		4.3 		143.9
v -29.6 		3.3 		143.9
v -30.4 		4.3 		143.9
v -19.6 		4.3 		43.9
v -20.4 		4.3 		43.9
v -30.4 		3.3 		143.9
v -17.5 		4.3 		41.8
v -17.5 		4.3 		41
v -20.4 		4.3 		41
v -59.6 		4.3 		121
v -19.6 		4.3 		41
v -57.5 		4.3 		121
v -59.6 		4.3 		121.8
v -57.5 		4.3 		121.8
v -27.5 		4.3 		141
v -27.5 		3.3 		141
v -27.5 		4.3 		141.8
v -59.6 		4.3 		118.9
v -27.5 		3.3 		141.8
v -20.4 		4.3 		41.8
v -60.4 		4.3 		121
v -60.4 		4.3 		121.8
v -19.6 		4.3 		41.8
v -29.6 		4.3 		141
v -30.4 		4.3 		141
v -60.4 		4.3 		118.9
v -19.6 		3.3 		43.9
v -20.4 		3.3 		43.9
v -32.5 		4.3 		141
v -29.6 		4.3 		141.8
v -57.5 		3.3 		121
v -57.5 		3.3 		121.8
v -32.5 		4.3 		141.8
v -17.5 		3.3 		41.8
v -30.4 		4.3 		141.8
v -17.5 		3.3 		41
v -59.6 		3.3 		118.9
v -32.5 		3.3 		141
v -60.4 		3.3 		118.9
v -32.5 		3.3 		141.8
v -22.5 		3.3 		41
v -22.5 		3.3 		41.8
v -22.5 		4.3 		41.8
v -22.5 		4.3 		41
v -62.5 		3.3 		121
v -62.5 		4.3 		121
v -29.6 		-5.7 		141
v -30.4 		-5.7 		141
v -62.5 		4.3 		121.8
v -62.5 		3.3 		121.8
v -20.4 		-5.7 		41
v -29.6 		-5.7 		141.8
v -19.6 		-5.7 		41
v -30.4 		-5.7 		141.8
v -59.6 		-5.7 		121
v -59.6 		-5.7 		121.8
v -19.6 		3.3 		138.9
v -60.4 		-5.7 		121
v -60.4 		-5.7 		121.8
v -80.2 		4.3 		31.8
v 65.536 		5.9066 		162.6324
v 67.429 		6.117 		162.795
v -80.2 		4.3 		31
v -39.6 		4.3 		111
v -40.4 		4.3 		111
v -37.5 		4.3 		111
v -39.6 		4.3 		111.8
v -37.5 		4.3 		111.8
v -39.6 		4.3 		113.9
v -40.4 		4.3 		111.8
v -40.4 		4.3 		113.9
v 65.536 		5.923 		162.6615
v 69.6 		4.3 		128.9
v 69.6 		3.3 		128.9
v 69.6 		3.3 		123.9
v 69.6 		4.3 		123.9
v 70.4 		4.3 		123.9
v 66.871 		5.951 		162.731
v 70.4 		3.3 		123.9
v 67.429 		5.917 		162.676
v 69.6 		-5.7 		131
v 70.4 		-5.7 		131
v -81.387 		6.168 		29.943
v 65.943 		5.943 		162.72
v 80.2 		4.3 		121
v 77.5 		3.3 		121
v 77.5 		4.3 		121
v 66.686 		5.908 		162.652
v 80.2 		4.3 		121.8
v 77.5 		4.3 		121.8
v 77.5 		3.3 		121.8
v 80.2 		-5.7 		121
v 80.2 		-5.7 		121.8
v 69.6 		4.3 		158.9
v 69.6 		3.3 		158.9
v 70.4 		4.3 		121
v 72.5 		4.3 		121
v 72.5 		3.3 		121
v -81.395 		6.057 		29.2
v 70.4 		4.3 		121.8
v 72.5 		4.3 		121.8
v 72.5 		3.3 		121.8
v 69.6 		-5.7 		161.6
v 70.4 		-5.7 		161.6
v 70.4 		3.3 		118.9
v 70.4 		4.3 		118.9
v -81.376 		6.009 		30.314
v 70.4 		4.3 		151.8
v 72.5 		4.3 		151.8
v 70.4 		4.3 		153.9
v 72.5 		3.3 		151.8
v -81.353 		5.971 		29.571
v 67.5 		3.3 		121
v 67.5 		4.3 		121
v 69.6 		4.3 		121
v 70.4 		3.3 		153.9
v -81.29 		5.927 		30.129
v 67.5 		4.3 		121.8
v 69.6 		4.3 		121.8
v 67.5 		3.3 		121.8
v 67.5 		4.3 		151.8
v 69.6 		4.3 		151.8
v 67.5 		3.3 		151.8
v 69.6 		4.3 		118.9
v 69.6 		3.3 		118.9
v 69.6 		3.3 		153.9
v 69.6 		4.3 		153.9
v 70.4 		4.3 		151
v 70.4 		4.3 		148.9
v 70.4 		3.3 		148.9
v -81.398 		6.117 		29.571
v 69.6 		-5.7 		121
v 69.6 		-5.7 		121.8
v 72.5 		4.3 		151
v 72.5 		3.3 		151
v 70.4 		-5.7 		121
v 70.4 		-5.7 		121.8
v 67.5 		3.3 		151
v 67.5 		4.3 		151
v 69.6 		4.3 		151
v 69.6 		4.3 		148.9
v 69.6 		3.3 		148.9
v 81.32 		6.257 		111.8
v -19.6 		4.3 		138.9
v 81.389 		6.146 		111.8
v 69.6 		-5.7 		151
v -20.4 		4.3 		138.9
v 70.4 		-5.7 		151
v -20.4 		3.3 		138.9
v 69.6 		-5.7 		151.8
v 70.4 		-5.7 		151.8
v 60.4 		4.3 		21.8
v 59.6 		4.3 		21.8
v 81.381 		6.184 		145.857
v 81.39 		6.151 		147.343
v 59.6 		3.3 		23.9
v 60.4 		3.3 		23.9
v 81.381 		6.016 		111.8
v 81.243 		6.295 		146.229
v 81.313 		5.939 		111.8
v 57.5 		3.3 		21
v 81.323 		6.254 		146.136
v 57.5 		3.3 		21.8
v -17.5 		3.3 		131.8
v -17.5 		4.3 		131.8
v -19.6 		4.3 		131.8
v 81 		5.7 		111.8
v 81.2 		5.9 		111.8
v -19.6 		4.3 		133.9
v -19.6 		3.3 		133.9
v -20.4 		3.3 		133.9
v -20.4 		4.3 		133.9
v -20.4 		4.3 		131.8
v -22.5 		4.3 		131.8
v -22.5 		3.3 		131.8
v 80.2 		5.7 		111.8
v 80.2 		6.1 		111.8
v -19.6 		-5.7 		131.8
v -20.4 		-5.7 		131.8
v 80.2 		4.3 		111.8
v 81.357 		5.983 		146.229
v 80.2 		4.3 		111
v 60.4 		3.3 		18.9
v 59.6 		3.3 		18.9
v 59.6 		4.3 		18.9
v 60.4 		4.3 		18.9
v 60.4 		-5.7 		21
v 59.6 		-5.7 		21
v 60.4 		-5.7 		21.8
v 59.6 		-5.7 		21.8
v 81.32 		5.943 		111.057
v 52.5 		4.3 		21
v 52.5 		4.3 		21.8
v 81.37 		6.196 		143.536
v 50.4 		4.3 		23.9
v 49.6 		4.3 		23.9
v 50.4 		4.3 		21
v 49.6 		4.3 		21
v 81.296 		6.27 		144.743
v 81.314 		6.263 		143.629
v 50.4 		4.3 		21.8
v 49.6 		4.3 		21.8
v 49.6 		3.3 		23.9
v 50.4 		3.3 		23.9
v 52.5 		3.3 		21
v 52.5 		3.3 		21.8
v -29.6 		3.3 		138.9
v -29.6 		4.3 		138.9
v -30.4 		4.3 		138.9
v -30.4 		3.3 		138.9
v -27.5 		3.3 		131.8
v -27.5 		4.3 		131.8
v -81.259 		6.289 		27.343
v -81.385 		6.167 		28.086
v -20.4 		-5.7 		41.8
v -19.6 		-5.7 		41.8
v 77.5 		3.3 		111
v 77.5 		4.3 		111
v 77.5 		4.3 		111.8
v 77.5 		3.3 		111.8
v -29.6 		3.3 		48.9
v -30.4 		3.3 		48.9
v -30.4 		4.3 		48.9
v -29.6 		4.3 		48.9
v 81.235 		6.297 		110.314
v 81.283 		6.278 		109.571
v -27.5 		3.3 		41
v -27.5 		3.3 		41.8
v 81.373 		6.2 		108.829
v -27.5 		4.3 		41.8
v -27.5 		4.3 		41
v 81.363 		6.214 		110.314
v -29.6 		4.3 		43.9
v -30.4 		4.3 		43.9
v -32.5 		4.3 		41.8
v -32.5 		4.3 		41
v -30.4 		4.3 		41
v -29.6 		4.3 		41
v -30.4 		4.3 		41.8
v -29.6 		4.3 		41.8
v 50.4 		3.3 		18.9
v 49.6 		3.3 		18.9
v 49.6 		4.3 		18.9
v 50.4 		4.3 		18.9
v -30.4 		3.3 		43.9
v -29.6 		3.3 		43.9
v -37.5 		3.3 		111
v 50.4 		-5.7 		21
v -37.5 		3.3 		111.8
v -32.5 		3.3 		41
v -32.5 		3.3 		41.8
v -39.6 		3.3 		113.9
v -81.387 		6.032 		26.971
v -40.4 		3.3 		113.9
v -39.6 		3.3 		108.9
v -81.346 		5.966 		28.086
v -39.6 		4.3 		108.9
v -40.4 		4.3 		108.9
v -40.4 		3.3 		108.9
v -81.235 		5.903 		28.086
v -30.4 		-5.7 		41
v -29.6 		-5.7 		41
v -39.6 		-5.7 		111
v -40.4 		-5.7 		111
v -30.4 		-5.7 		41.8
v -39.6 		-5.7 		111.8
v -40.4 		-5.7 		111.8
v -29.6 		-5.7 		41.8
v -19.6 		3.3 		38.9
v -19.6 		3.3 		33.9
v -20.4 		3.3 		33.9
v -20.4 		3.3 		38.9
v -42.5 		3.3 		111
v -42.5 		4.3 		111
v -81.4 		6.1 		27.343
v -47.5 		4.3 		111
v -47.5 		3.3 		111
v -19.6 		4.3 		38.9
v -20.4 		4.3 		38.9
v -42.5 		4.3 		111.8
v -47.5 		4.3 		111.8
v -42.5 		3.3 		111.8
v -47.5 		3.3 		111.8
v -19.6 		4.3 		33.9
v -20.4 		4.3 		33.9
v -39.6 		4.3 		103.9
v -39.6 		3.3 		103.9
v -40.4 		4.3 		103.9
v -40.4 		3.3 		103.9
v -29.6 		3.3 		38.9
v -29.6 		3.3 		33.9
v -30.4 		3.3 		33.9
v -30.4 		3.3 		38.9
v -29.6 		4.3 		38.9
v -30.4 		4.3 		38.9
v -39.6 		4.3 		98.9
v -39.6 		4.3 		101
v -40.4 		4.3 		98.9
v -40.4 		4.3 		101
v -37.5 		4.3 		101
v -39.6 		4.3 		101.8
v -37.5 		4.3 		101.8
v -29.6 		4.3 		33.9
v -30.4 		4.3 		33.9
v -40.4 		4.3 		101.8
v -39.6 		3.3 		98.9
v -40.4 		3.3 		63.9
v -39.6 		3.3 		63.9
v -40.4 		3.3 		98.9
v -39.6 		4.3 		63.9
v -40.4 		4.3 		63.9
v -81.381 		6.184 		26.6
v -37.5 		3.3 		61.8
v -37.5 		3.3 		101
v -29.6 		4.3 		131.8
v -29.6 		4.3 		133.9
v -29.6 		3.3 		133.9
v -37.5 		3.3 		101.8
v -30.4 		3.3 		133.9
v -30.4 		4.3 		133.9
v -30.4 		4.3 		131.8
v -81.332 		5.953 		26.414
v -32.5 		4.3 		131.8
v -32.5 		3.3 		131.8
v -81.372 		6.001 		24.743
v -39.6 		-5.7 		101
v -40.4 		-5.7 		101
v -29.6 		-5.7 		131.8
v -39.6 		-5.7 		101.8
v -40.4 		-5.7 		101.8
v -30.4 		-5.7 		131.8
v -39.6 		3.3 		158.9
v -39.6 		4.3 		158.9
v -39.6 		4.3 		161.6
v -40.4 		4.3 		161.6
v -40.4 		4.3 		158.9
v -40.4 		3.3 		158.9
v 49.6 		-5.7 		21
v 81.392 		6.152 		63.629
v 50.4 		-5.7 		21.8
v 81.2974 		6.2669 		63.488
v 49.6 		-5.7 		21.8
v -39.6 		-5.7 		161.6
v -40.4 		-5.7 		161.6
v 47.5 		3.3 		31
v 42.5 		3.3 		31
v 42.5 		3.3 		31.8
v 47.5 		3.3 		31.8
v -39.6 		4.3 		151.8
v -37.5 		4.3 		151.8
v 47.5 		4.3 		31.8
v 47.5 		4.3 		31
v -37.5 		3.3 		151.8
v -39.6 		4.3 		153.9
v -39.6 		3.3 		153.9
v -40.4 		4.3 		151.8
v -40.4 		4.3 		153.9
v 42.5 		4.3 		31.8
v 42.5 		4.3 		31
v -40.4 		3.3 		153.9
v 81.388 		6.038 		64.186
v -39.6 		3.3 		148.9
v -39.6 		4.3 		148.9
v -39.6 		4.3 		151
v 37.5 		4.3 		31.8
v 37.5 		4.3 		31
v -42.5 		3.3 		101
v -42.5 		4.3 		101
v -40.4 		4.3 		148.9
v -40.4 		4.3 		151
v 39.6 		4.3 		28.9
v 40.4 		4.3 		28.9
v -40.4 		3.3 		148.9
v -47.5 		4.3 		101
v -47.5 		3.3 		101
v 40.4 		4.3 		31
v 39.6 		4.3 		31
v -42.5 		4.3 		101.8
v -47.5 		4.3 		101.8
v -37.5 		4.3 		151
v -37.5 		3.3 		151
v -42.5 		3.3 		101.8
v -47.5 		3.3 		101.8
v 40.4 		4.3 		31.8
v 39.6 		4.3 		31.8
v -49.6 		4.3 		111
v -39.6 		-5.7 		151
v -50.4 		4.3 		111
v -39.6 		-5.7 		151.8
v 37.5 		3.3 		31
v 37.5 		3.3 		31.8
v -52.5 		4.3 		111
v -40.4 		-5.7 		151
v -49.6 		4.3 		111.8
v -40.4 		-5.7 		151.8
v -49.6 		4.3 		113.9
v -50.4 		4.3 		111.8
v -50.4 		4.3 		113.9
v -52.5 		4.3 		111.8
v 81.398 		6.083 		145.114
v 40.4 		3.3 		28.9
v 39.6 		3.3 		28.9
v -52.5 		3.3 		111
v -49.6 		3.3 		113.9
v -50.4 		3.3 		113.9
v 81.27 		5.915 		145.393
v -52.5 		3.3 		111.8
v 40.4 		-5.7 		31
v 39.6 		-5.7 		31
v -49.6 		3.3 		108.9
v -49.6 		4.3 		108.9
v -50.4 		4.3 		108.9
v -50.4 		3.3 		108.9
v 40.4 		-5.7 		31.8
v 39.6 		-5.7 		31.8
v 47.5 		3.3 		21
v 42.5 		3.3 		21
v 42.5 		3.3 		21.8
v 47.5 		3.3 		21.8
v 47.5 		4.3 		21.8
v 47.5 		4.3 		21
v 81.378 		6.179 		142.143
v 42.5 		4.3 		21.8
v 42.5 		4.3 		21
v 81.328 		6.252 		142.7
v 37.5 		4.3 		21.8
v 37.5 		4.3 		21
v 40.4 		4.3 		23.9
v 39.6 		4.3 		23.9
v 40.4 		4.3 		21
v 40.4 		4.3 		21.8
v 81.395 		6.057 		142.514
v 39.6 		4.3 		21
v 81.235 		6.297 		62.143
v 81.2607 		6.2833 		62.3907
v 81.2584 		6.284 		62.7411
v 80.2 		4.3 		141.8
v 39.6 		4.3 		21.8
v 81.291 		6.275 		61.586
v 81.2779 		6.2786 		61.9326
v 81.2691 		6.2817 		63.4173
v 81.276 		5.917 		142.886
v 39.6 		3.3 		23.9
v 40.4 		3.3 		23.9
v 37.5 		3.3 		21
v 37.5 		3.3 		21.8
v 81.2713 		6.2804 		63.3897
v -47.5 		4.3 		151
v -47.5 		3.3 		151
v -42.5 		3.3 		151
v -42.5 		4.3 		151
v -47.5 		4.3 		151.8
v -42.5 		4.3 		151.8
v -47.5 		3.3 		151.8
v -42.5 		3.3 		151.8
v 40.4 		3.3 		18.9
v 39.6 		3.3 		18.9
v 81.312 		6.256 		62.886
v -39.6 		4.3 		143.9
v -39.6 		3.3 		143.9
v 39.6 		4.3 		18.9
v 40.4 		4.3 		18.9
v -40.4 		4.3 		143.9
v -40.4 		3.3 		143.9
v 40.4 		-5.7 		21
v 40.4 		-5.7 		21.8
v -39.6 		4.3 		141
v -40.4 		4.3 		141
v 39.6 		-5.7 		21
v -37.5 		4.3 		141
v -39.6 		4.3 		141.8
v -37.5 		4.3 		141.8
v 39.6 		-5.7 		21.8
v 81.264 		5.912 		63.257
v -40.4 		4.3 		141.8
v 60.4 		3.3 		13.9
v 59.6 		3.3 		13.9
v 60.4 		4.3 		13.9
v 59.6 		4.3 		13.9
v -37.5 		3.3 		141
v 62.5 		3.3 		11.8
v 62.5 		3.3 		11
v -37.5 		3.3 		141.8
v 62.5 		4.3 		11.8
v 62.5 		4.3 		11
v -37.5 		4.3 		61.8
v -40.4 		4.3 		61.8
v 81.398 		6.117 		62.886
v -39.6 		4.3 		61.8
v -37.5 		3.3 		61
v -37.5 		4.3 		61
v -39.6 		3.3 		58.9
v -40.4 		3.3 		58.9
v -39.6 		4.3 		58.9
v -40.4 		4.3 		58.9
v -40.4 		4.3 		61
v -39.6 		4.3 		61
v 80.2 		4.3 		61.8
v -81.398 		6.111 		26.043
v -40.4 		-5.7 		61
v 81.243 		5.905 		61.771
v -40.4 		-5.7 		61.8
v 81.327 		5.955 		62.05
v -39.6 		-5.7 		61
v -39.6 		-5.7 		61.8
v -80.2 		-5.7 		31
v -42.5 		3.3 		61
v -47.5 		3.3 		61
v -47.5 		3.3 		61.8
v -42.5 		3.3 		61.8
v -49.6 		-5.7 		111
v -50.4 		-5.7 		111
v -80.2 		-5.7 		31.8
v -47.5 		4.3 		61.8
v -47.5 		4.3 		61
v -49.6 		-5.7 		111.8
v -50.4 		-5.7 		111.8
v -69.6 		3.3 		23.9
v -69.6 		4.3 		23.9
v -67.5 		3.3 		21.8
v -42.5 		4.3 		61.8
v -42.5 		4.3 		61
v -67.5 		3.3 		21
v -59.6 		4.3 		111
v -57.5 		4.3 		111
v -59.6 		4.3 		111.8
v -67.5 		4.3 		21.8
v -57.5 		4.3 		111.8
v -67.5 		4.3 		21
v -69.6 		4.3 		21
v -39.6 		3.3 		53.9
v -40.4 		3.3 		53.9
v -59.6 		4.3 		113.9
v -69.6 		4.3 		21.8
v -60.4 		4.3 		111
v -60.4 		4.3 		111.8
v -60.4 		4.3 		113.9
v -72.5 		3.3 		21
v -72.5 		3.3 		21.8
v -39.6 		-5.7 		141
v -40.4 		-5.7 		141
v -72.5 		4.3 		21.8
v -72.5 		4.3 		21
v -70.4 		3.3 		23.9
v -57.5 		3.3 		111
v -70.4 		4.3 		23.9
v -57.5 		3.3 		111.8
v -39.6 		-5.7 		141.8
v -70.4 		4.3 		21
v -70.4 		4.3 		21.8
v -40.4 		-5.7 		141.8
v -59.6 		3.3 		113.9
v -69.6 		3.3 		18.9
v -70.4 		3.3 		18.9
v -42.5 		3.3 		141
v -42.5 		4.3 		141
v -47.5 		4.3 		141
v -47.5 		3.3 		141
v -60.4 		3.3 		113.9
v -70.4 		4.3 		18.9
v -69.6 		4.3 		18.9
v -42.5 		4.3 		141.8
v -47.5 		4.3 		141.8
v -42.5 		3.3 		141.8
v -62.5 		3.3 		111
v -62.5 		4.3 		111
v -70.4 		-5.7 		21
v -47.5 		3.3 		141.8
v -62.5 		4.3 		111.8
v -70.4 		-5.7 		21.8
v -62.5 		3.3 		111.8
v -39.6 		3.3 		138.9
v -39.6 		4.3 		138.9
v -59.6 		3.3 		108.9
v -59.6 		4.3 		108.9
v -69.6 		-5.7 		21
v -60.4 		4.3 		108.9
v -40.4 		4.3 		138.9
v -60.4 		3.3 		108.9
v -40.4 		3.3 		138.9
v -69.6 		-5.7 		21.8
v -59.6 		-5.7 		111
v -77.5 		4.3 		21.8
v -37.5 		3.3 		131.8
v -77.5 		4.3 		21
v -37.5 		4.3 		131.8
v -39.6 		4.3 		131.8
v -77.5 		3.3 		21.8
v -59.6 		-5.7 		111.8
v -77.5 		3.3 		21
v -60.4 		-5.7 		111
v -39.6 		4.3 		133.9
v -39.6 		3.3 		133.9
v -60.4 		-5.7 		111.8
v -40.4 		4.3 		131.8
v -81.28 		6.282 		23.257
v -40.4 		3.3 		133.9
v -40.4 		4.3 		133.9
v -49.6 		4.3 		103.9
v -49.6 		3.3 		103.9
v -50.4 		4.3 		103.9
v -39.6 		-5.7 		131.8
v -50.4 		3.3 		103.9
v -81.345 		6.233 		24.186
v -40.4 		-5.7 		131.8
v -81.346 		6.234 		22.886
v -49.6 		4.3 		98.9
v -49.6 		4.3 		101
v -50.4 		4.3 		98.9
v -50.4 		4.3 		101
v -42.5 		4.3 		131.8
v -47.5 		4.3 		131.8
v -42.5 		3.3 		131.8
v -47.5 		3.3 		131.8
v -52.5 		4.3 		101
v -49.6 		4.3 		101.8
v -52.5 		4.3 		101.8
v -50.4 		4.3 		101.8
v -49.6 		6.276 		162.691
v -49.6 		6.152 		162.792
v -50.343 		6.278 		162.683
v -81.387 		6.168 		23.443
v -52.5 		3.3 		101
v -52.5 		3.3 		101.8
v -49.6 		3.3 		98.9
v -50.4 		3.3 		98.9
v -49.6 		5.9 		162.6
v -49.6 		5.7 		162.4
v -49.6 		6.083 		162.799
v -49.6 		5.959 		162.741
v 59.6 		4.3 		8.9
v 60.4 		4.3 		8.9
v 57.5 		4.3 		11.8
v 57.5 		4.3 		11
v 60.4 		4.3 		11
v -49.6 		-5.7 		101
v 60.4 		4.3 		11.8
v -50.4 		-5.7 		101
v -50.9 		5.923 		162.685
v -49.6 		-5.7 		101.8
v 59.6 		4.3 		11
v -51.086 		5.986 		162.763
v -50.4 		-5.7 		101.8
v 59.6 		4.3 		11.8
v -59.6 		4.3 		103.9
v -59.6 		3.3 		103.9
v 60.4 		3.3 		8.9
v 59.6 		3.3 		8.9
v 57.5 		3.3 		11
v 57.5 		3.3 		11.8
v 60.4 		-5.7 		11
v 77.5 		4.3 		61.8
v 77.5 		3.3 		61.8
v 60.4 		-5.7 		11.8
v -49.6 		4.3 		161.6
v -50.4 		4.3 		161.6
v 81.283 		6.278 		60.471
v 81.252 		6.292 		59.914
v 81.2733 		6.2801 		59.4677
v 81.2718 		6.2814 		59.392
v 81.2732 		6.2804 		59.392
v 59.6 		-5.7 		11
v -49.6 		6.1 		161.6
v -49.6 		5.7 		161.6
v 59.6 		-5.7 		11.8
v 49.6 		3.3 		13.9
v 50.4 		3.3 		13.9
v 81.2721 		6.2802 		59.392
v 50.4 		4.3 		13.9
v 49.6 		4.3 		13.9
v 81.36 		6.217 		60.843
v 52.5 		4.3 		11
v 52.5 		4.3 		11.8
v 49.6 		4.3 		8.9
v -51.457 		6.169 		162.778
v 50.4 		4.3 		8.9
v 50.4 		4.3 		11
v 49.6 		4.3 		11
v 50.4 		4.3 		11.8
v -51.829 		6.041 		162.789
v 49.6 		4.3 		11.8
v -51.829 		5.917 		162.676
v 80.2 		4.3 		61
v 52.5 		3.3 		11
v 52.5 		3.3 		11.8
v 50.4 		3.3 		8.9
v 49.6 		3.3 		8.9
v 81.276 		5.917 		60.657
v 50.4 		-5.7 		11
v 49.6 		-5.7 		11
v 50.4 		-5.7 		11.8
v 81.336 		6.245 		58.15
v -52.571 		5.933 		162.706
v 49.6 		-5.7 		11.8
v 81.264 		6.288 		58.986
v -52.571 		6.109 		162.798
v 64.457 		6.214 		0.037
v 81.2732 		6.2806 		59.3536
v -60.4 		4.3 		103.9
v -60.4 		3.3 		103.9
v -59.6 		4.3 		98.9
v -59.6 		4.3 		101
v -60.4 		4.3 		98.9
v -60.4 		4.3 		101
v -57.5 		4.3 		101
v 65.014 		6.27 		0.106
v -59.6 		4.3 		101.8
v -57.5 		4.3 		101.8
v -60.4 		4.3 		101.8
v -59.6 		3.3 		98.9
v -60.4 		3.3 		98.9
v -57.5 		3.3 		101
v 65.2 		5.987 		0.039
v -57.5 		3.3 		101.8
v 64.457 		6.083 		0.005
v -62.5 		3.3 		101
v -62.5 		4.3 		101
v -62.5 		4.3 		101.8
v -62.5 		3.3 		101.8
v 63.714 		5.917 		0.124
v -49.6 		3.3 		158.9
v -49.6 		4.3 		158.9
v -59.6 		-5.7 		101
v -50.4 		4.3 		158.9
v -50.4 		3.3 		158.9
v -60.4 		-5.7 		101
v -59.6 		-5.7 		101.8
v -60.4 		-5.7 		101.8
v -2.5 		3.3 		91
v -2.5 		3.3 		91.8
v -2.5 		4.3 		91.8
v -2.5 		4.3 		91
v -0.4 		4.3 		91
v -0.4 		4.3 		91.8
v -0.4 		3.3 		93.9
v -0.4 		4.3 		93.9
v 62.971 		6.017 		0.022
v -7.5 		3.3 		91
v -7.5 		3.3 		91.8
v -7.5 		4.3 		91
v -7.5 		4.3 		91.8
v -0.4 		-5.7 		91
v -0.4 		-5.7 		91.8
v 81.368 		6.207 		140.286
v 81.398 		6.117 		110.5
v 61.486 		6.159 		0.011
v 81.388 		6.168 		139.914
v 81.398 		6.083 		109.571
v 81.34 		5.96 		109.943
v 80.2 		4.3 		141
v 81.355 		5.976 		140.843
v 81.268 		5.913 		109.943
v 59.6 		4.3 		3.9
v 60.4 		4.3 		3.9
v 59.629 		6.291 		0.144
v 81.395 		6.066 		141.029
v 81.395 		6.139 		109.2
v 59.6 		4.3 		1.2
v 60.4 		4.3 		1.2
v 60 		6.041 		0.011
v 60 		5.954 		0.066
v 81.355 		5.983 		139.775
v 81.259 		6.289 		106.6
v 81.341 		6.241 		106.6
v 81.362 		6.213 		107.714
v 60 		6.143 		0.007
v 57.771 		6.192 		0.033
v 81.398 		6.126 		139.543
v 58.886 		6.156 		0.009
v 58.514 		6.263 		0.086
v 80.2 		6.1 		139.264
v 81.398 		6.083 		108.086
v 77.5 		3.3 		141
v 77.5 		4.3 		141
v 77.5 		4.3 		141.8
v 77.5 		3.3 		141.8
v 80.2 		-5.7 		141
v 59.257 		5.911 		0.141
v 80.2 		-5.7 		141.8
v 58.514 		6.1 		0
v 69.6 		3.3 		143.9
v 69.6 		4.3 		143.9
v 59.257 		6.057 		0.007
v 70.4 		4.3 		143.9
v 70.4 		3.3 		143.9
v 57.771 		6.065 		0.003
v 80.2 		-5.7 		111
v 70.4 		4.3 		141
v 80.2 		-5.7 		111.8
v 72.5 		4.3 		141
v 72.5 		3.3 		141
v 70.4 		4.3 		141.8
v 72.5 		4.3 		141.8
v 59.257 		5.966 		0.054
v 72.5 		3.3 		141.8
v 70.4 		4.3 		111
v 72.5 		4.3 		111
v 72.5 		3.3 		111
v 67.5 		3.3 		141
v 67.5 		4.3 		141
v 69.6 		4.3 		141
v 70.4 		4.3 		111.8
v 72.5 		4.3 		111.8
v 70.4 		4.3 		113.9
v 67.5 		4.3 		141.8
v 69.6 		4.3 		141.8
v 67.5 		3.3 		141.8
v 72.5 		3.3 		111.8
v 70.4 		3.3 		113.9
v 67.5 		3.3 		111
v 67.5 		4.3 		111
v 69.6 		4.3 		111
v 69.6 		-5.7 		141
v 70.4 		-5.7 		141
v 67.5 		4.3 		111.8
v 69.6 		4.3 		111.8
v 67.5 		3.3 		111.8
v 69.6 		-5.7 		141.8
v 70.4 		-5.7 		141.8
v 69.6 		3.3 		113.9
v 69.6 		4.3 		113.9
v 69.6 		4.3 		108.9
v 69.6 		3.3 		108.9
v 81.283 		6.278 		137.871
v 70.4 		4.3 		108.9
v 70.4 		3.3 		108.9
v 69.6 		-5.7 		111
v 70.4 		-5.7 		111
v 81.357 		6.214 		138.521
v 69.6 		-5.7 		111.8
v 70.4 		-5.7 		111.8
v 81.328 		6.252 		104.929
v 81.367 		6.206 		105.857
v -81.394 		6.066 		23.629
v -81.396 		6.074 		24.371
v 81.314 		6.263 		105.857
v 81.32 		5.943 		138.429
v 81.276 		5.917 		139.171
v 81.393 		6.057 		139.171
v 81.395 		6.134 		105.486
v 81.398 		6.083 		105.114
v 81.388 		6.036 		106.414
v 81.276 		5.919 		105.95
v -81.265 		5.915 		22.979
v 81.306 		5.933 		137.686
v -81.353 		5.971 		22.886
v -81.381 		6.016 		22.886
v 81.286 		6.277 		103.861
v 81.398 		6.117 		137.686
v 81.395 		6.057 		138.057
v -9.6 		4.3 		91
v -10.4 		4.3 		91
v -9.6 		4.3 		91.8
v -9.6 		4.3 		93.9
v -10.4 		4.3 		93.9
v -10.4 		4.3 		91.8
v -81.398 		6.117 		22.886
v 81.314 		6.263 		136.943
v -9.6 		3.3 		93.9
v -10.4 		3.3 		93.9
v -81.345 		6.23 		21.864
v -12.5 		3.3 		91
v -12.5 		4.3 		91
v -12.5 		4.3 		91.8
v -12.5 		3.3 		91.8
v 81.276 		5.917 		135.643
v 81.333 		5.955 		136.386
v 81.388 		6.036 		135.271
v -81.346 		5.966 		22.143
v -81.396 		6.074 		22.143
v 81.398 		6.117 		135.457
v -80.2 		4.3 		21.8
v 81.37 		6.198 		134.807
v 81.28 		6.28 		135.132
v -9.6 		-5.7 		91
v -10.4 		-5.7 		91
v -9.6 		-5.7 		91.8
v -10.4 		-5.7 		91.8
v -0.4 		4.3 		88.9
v -0.4 		4.3 		83.9
v -0.4 		3.3 		88.9
v -80.2 		4.3 		21
v -39.6 		4.3 		53.9
v -40.4 		4.3 		53.9
v 77.5 		4.3 		61
v 77.5 		3.3 		61
v 80.2 		-5.7 		61
v -37.5 		4.3 		51
v -37.5 		4.3 		51.8
v -81.397 		6.135 		21.4
v -40.4 		4.3 		51
v -39.6 		4.3 		51
v 80.2 		-5.7 		61.8
v -40.4 		4.3 		51.8
v 72.5 		3.3 		61.8
v -39.6 		4.3 		51.8
v 72.5 		4.3 		61.8
v 70.4 		3.3 		63.9
v 70.4 		4.3 		63.9
v -37.5 		3.3 		51
v -37.5 		3.3 		51.8
v 70.4 		4.3 		61.8
v -81.386 		6.161 		18.707
v 67.5 		3.3 		61.8
v 67.5 		4.3 		61.8
v 69.6 		3.3 		63.9
v 69.6 		4.3 		63.9
v 69.6 		4.3 		61.8
v 70.4 		3.3 		58.9
v -40.4 		-5.7 		51
v 70.4 		4.3 		58.9
v 72.5 		3.3 		61
v -39.6 		-5.7 		51
v 72.5 		4.3 		61
v 70.4 		4.3 		61
v -81.379 		6.017 		19.821
v -40.4 		-5.7 		51.8
v 67.5 		3.3 		61
v -81.399 		6.098 		20.379
v 67.5 		4.3 		61
v -39.6 		-5.7 		51.8
v 69.6 		3.3 		58.9
v 69.6 		4.3 		58.9
v 69.6 		4.3 		61
v -42.5 		3.3 		51
v -47.5 		3.3 		51
v -47.5 		3.3 		51.8
v -42.5 		3.3 		51.8
v 70.4 		-5.7 		61
v -47.5 		4.3 		51.8
v -47.5 		4.3 		51
v -81.252 		5.908 		19.914
v 69.6 		-5.7 		61
v 70.4 		-5.7 		61.8
v -42.5 		4.3 		51.8
v -42.5 		4.3 		51
v 69.6 		-5.7 		61.8
v 81.391 		6.156 		55.829
v -52.5 		3.3 		61.8
v -52.5 		4.3 		61.8
v -50.4 		3.3 		63.9
v -49.6 		3.3 		63.9
v 81.341 		6.241 		56.2
v -49.6 		4.3 		63.9
v -50.4 		4.3 		63.9
v -0.4 		3.3 		83.9
v -50.4 		4.3 		61.8
v -80.2 		6.1 		16.384
v -49.6 		4.3 		61.8
v -9.6 		4.3 		83.9
v -9.6 		3.3 		83.9
v -9.6 		3.3 		88.9
v -52.5 		3.3 		61
v -81.398 		6.083 		17.686
v -52.5 		4.3 		61
v -49.6 		3.3 		58.9
v -50.4 		3.3 		58.9
v 81.252 		6.292 		57.314
v -50.4 		4.3 		58.9
v -49.6 		4.3 		58.9
v -50.4 		4.3 		61
v -49.6 		4.3 		61
v -81.259 		5.911 		17.686
v -50.4 		-5.7 		61
v -49.6 		-5.7 		61
v -50.4 		-5.7 		61.8
v -81.285 		6.277 		17.686
v -49.6 		-5.7 		61.8
v -57.5 		3.3 		61.8
v -57.5 		4.3 		61.8
v -60.4 		3.3 		63.9
v -59.6 		3.3 		63.9
v -59.6 		4.3 		63.9
v -60.4 		4.3 		63.9
v -60.4 		4.3 		61.8
v 81.374 		6.005 		56.014
v -59.6 		4.3 		61.8
v -80.2 		-5.7 		21
v -62.5 		3.3 		61.8
v 81.357 		5.98 		57.314
v -62.5 		4.3 		61.8
v -59.6 		3.3 		58.9
v -80.2 		-5.7 		21.8
v -60.4 		3.3 		58.9
v -60.4 		4.3 		58.9
v -59.6 		4.3 		58.9
v 81.4 		6.1 		55.457
v -57.5 		3.3 		61
v -69.6 		3.3 		13.9
v -70.4 		3.3 		13.9
v -57.5 		4.3 		61
v -60.4 		4.3 		61
v -69.6 		4.3 		13.9
v -70.4 		4.3 		13.9
v -59.6 		4.3 		61
v -69.6 		3.3 		8.9
v 81.398 		6.117 		56.943
v -69.6 		4.3 		8.9
v -67.5 		3.3 		11.8
v -62.5 		3.3 		61
v -67.5 		3.3 		11
v -62.5 		4.3 		61
v -67.5 		4.3 		11.8
v -67.5 		4.3 		11
v -69.6 		4.3 		11
v -60.4 		-5.7 		61
v -69.6 		4.3 		11.8
v -60.4 		-5.7 		61.8
v -72.5 		3.3 		11
v -72.5 		3.3 		11.8
v -59.6 		-5.7 		61
v -72.5 		4.3 		11.8
v -72.5 		4.3 		11
v -70.4 		3.3 		8.9
v -59.6 		-5.7 		61.8
v -70.4 		4.3 		8.9
v 81.283 		6.278 		55.271
v -70.4 		4.3 		11
v -70.4 		4.3 		11.8
v -49.6 		3.3 		53.9
v -50.4 		3.3 		53.9
v -49.6 		4.3 		53.9
v -50.4 		4.3 		53.9
v -70.4 		-5.7 		11
v -70.4 		-5.7 		11.8
v -52.5 		4.3 		51.8
v -52.5 		4.3 		51
v -50.4 		4.3 		51
v -49.6 		4.3 		51
v -69.6 		-5.7 		11
v -50.4 		4.3 		51.8
v -69.6 		-5.7 		11.8
v -49.6 		4.3 		51.8
v -81.259 		6.289 		16.2
v -52.5 		3.3 		51
v -52.5 		3.3 		51.8
v -81.276 		6.283 		15.271
v -9.6 		4.3 		88.9
v -10.4 		4.3 		83.9
v -10.4 		4.3 		88.9
v -10.4 		3.3 		83.9
v -10.4 		3.3 		88.9
v -54.986 		6.005 		162.774
v -53.5 		5.925 		162.689
v -81.385 		6.167 		15.457
v -19.6 		4.3 		91
v -20.4 		4.3 		91
v -53.314 		5.986 		162.763
v -17.5 		4.3 		91
v -19.6 		4.3 		91.8
v -17.5 		4.3 		91.8
v -19.6 		4.3 		93.9
v -20.4 		4.3 		91.8
v -20.4 		4.3 		93.9
v -17.5 		3.3 		91
v -17.5 		3.3 		91.8
v -19.6 		3.3 		93.9
v -20.4 		3.3 		93.9
v -54.057 		6.066 		162.788
v -81.383 		6.024 		14.714
v -22.5 		3.3 		91
v -22.5 		4.3 		91
v -81.363 		5.986 		15.457
v -22.5 		4.3 		91.8
v -22.5 		3.3 		91.8
v -20.4 		-5.7 		91
v -19.6 		-5.7 		91
v -81.252 		5.908 		15.457
v -19.6 		-5.7 		91.8
v -20.4 		-5.7 		91.8
v -27.5 		4.3 		91
v -27.5 		3.3 		91
v -27.5 		4.3 		91.8
v -56.657 		5.956 		162.732
v -57.029 		6.057 		162.793
v -27.5 		3.3 		91.8
v -56.286 		6.104 		162.797
v -81.33 		5.952 		16.2
v 81.373 		6.01 		104.371
v 81.397 		6.07 		103.071
v -56.286 		5.917 		162.676
v -81.3 		6.265 		12.486
v 81.276 		5.917 		103.629
v -81.283 		6.274 		13.879
v -56.657 		6.184 		162.779
v -81.381 		6.184 		12.486
v -81.39 		6.16 		13.6
v 81.267 		6.285 		101.214
v 80.2 		4.3 		101.8
v 81.264 		5.912 		101.957
v -49.6 		-5.7 		161.6
v -50.4 		-5.7 		161.6
v -49.6 		4.3 		151.8
v -81.253 		5.909 		13.693
v -49.6 		4.3 		153.9
v -49.6 		3.3 		153.9
v -81.381 		6.016 		13.971
v -52.5 		4.3 		151.8
v -50.4 		4.3 		151.8
v -50.4 		4.3 		153.9
v -52.5 		3.3 		151.8
v -50.4 		3.3 		153.9
v 59.6 		3.3 		3.9
v 60.4 		3.3 		3.9
v -49.6 		3.3 		148.9
v -49.6 		4.3 		148.9
v -49.6 		4.3 		151
v -50.4 		4.3 		148.9
v -50.4 		4.3 		151
v -50.4 		3.3 		148.9
v 81.398 		6.083 		101.4
v -52.5 		3.3 		151
v -52.5 		4.3 		151
v 60.4 		-5.7 		1.2
v -49.6 		-5.7 		151
v -49.6 		-5.7 		151.8
v -50.4 		-5.7 		151
v 59.6 		-5.7 		1.2
v -50.4 		-5.7 		151.8
v 57.214 		6.285 		0.131
v 81.396 		6.126 		100.657
v -57.771 		5.994 		162.767
v 55.543 		6.239 		0.061
v -57.771 		6.091 		162.798
v -59.257 		6.159 		162.789
v -59.257 		6.057 		162.793
v -29.6 		4.3 		91
v -30.4 		4.3 		91
v -58.143 		5.924 		162.684
v -32.5 		4.3 		91
v -29.6 		4.3 		91.8
v -29.6 		4.3 		93.9
v 57.214 		5.994 		0.033
v -30.4 		4.3 		91.8
v -30.4 		4.3 		93.9
v -32.5 		4.3 		91.8
v -29.6 		3.3 		93.9
v -30.4 		3.3 		93.9
v -32.5 		3.3 		91
v 56.286 		5.917 		0.124
v -32.5 		3.3 		91.8
v 57.029 		5.933 		0.094
v -30.4 		-5.7 		91
v -29.6 		-5.7 		91
v -29.6 		-5.7 		91.8
v -60.743 		6.1 		162.8
v -60 		6.091 		162.798
v -30.4 		-5.7 		91.8
v -20.4 		4.3 		83.9
v -19.6 		4.3 		83.9
v -19.6 		4.3 		88.9
v -20.4 		4.3 		88.9
v -20.4 		3.3 		83.9
v -20.4 		3.3 		88.9
v -19.6 		3.3 		83.9
v -19.6 		3.3 		88.9
v -60.279 		5.97 		162.745
v 54.8 		6.289 		0.141
v -30.4 		4.3 		83.9
v -29.6 		4.3 		83.9
v -29.6 		4.3 		88.9
v -30.4 		4.3 		88.9
v -30.4 		3.3 		83.9
v -30.4 		3.3 		88.9
v 81.355 		5.986 		54.946
v 53.686 		6.098 		0.002
v 53.314 		5.998 		0.032
v -50.4 		-5.7 		51
v -49.6 		-5.7 		51
v -50.4 		-5.7 		51.8
v -49.6 		-5.7 		51.8
v -60.4 		3.3 		53.9
v -59.6 		3.3 		53.9
v -59.6 		4.3 		53.9
v -60.4 		4.3 		53.9
v 81.274 		6.283 		52.3
v -57.5 		4.3 		51
v -57.5 		4.3 		51.8
v -60.4 		4.3 		51
v -60.4 		4.3 		51.8
v -59.6 		4.3 		51
v 81.357 		6.215 		53.043
v -59.6 		4.3 		51.8
v -57.5 		3.3 		51
v -57.5 		3.3 		51.8
v 49.6 		4.3 		3.9
v 50.4 		4.3 		3.9
v 51.829 		6.183 		0.022
v -62.5 		3.3 		51
v -62.5 		3.3 		51.8
v 80.2 		4.3 		51.8
v -62.5 		4.3 		51.8
v -62.5 		4.3 		51
v 52.2 		6.27 		0.104
v 81.349 		5.975 		53.043
v 81.398 		6.085 		52.95
v 81.341 		5.959 		135.086
v 81.381 		6.016 		133.971
v 81.363 		5.986 		133.229
v 52.571 		5.98 		0.043
v 51.829 		5.986 		0.037
v 81.393 		6.143 		51.743
v 81.26 		5.914 		134.343
v 81.252 		6.292 		51
v 81.357 		6.215 		51
v 50.343 		6.17 		0.02
v 51.086 		6.184 		0.019
v 81 		5.7 		51
v 81.389 		6.054 		51
v 81.313 		5.939 		51
v 81.2 		5.9 		51
v 49.6 		6.183 		0.022
v 49.6 		6.276 		0.109
v 81.393 		6.119 		132.579
v 80.2 		6.1 		51
v 80.2 		5.7 		51
v 80.2 		4.3 		51
v -81.341 		5.959 		13.971
v 81.334 		5.954 		131.743
v 77.5 		4.3 		51
v 77.5 		4.3 		51.8
v 77.5 		3.3 		51
v 77.5 		3.3 		51.8
v 81.252 		5.908 		131.743
v 80.2 		-5.7 		51
v -81.381 		6.016 		12.486
v 80.2 		-5.7 		51.8
v 69.6 		3.3 		53.9
v 70.4 		3.3 		53.9
v 70.4 		4.3 		53.9
v 69.6 		4.3 		53.9
v 80.2 		4.3 		131.8
v 72.5 		3.3 		51
v 72.5 		3.3 		51.8
v 72.5 		4.3 		51.8
v 72.5 		4.3 		51
v 70.4 		4.3 		51
v 70.4 		4.3 		51.8
v 49.6 		6.1 		1.2
v 49.6 		5.7 		1.2
v 67.5 		3.3 		51
v 67.5 		3.3 		51.8
v 49.6 		4.3 		1.2
v 77.5 		4.3 		131.8
v 77.5 		3.3 		131.8
v 67.5 		4.3 		51.8
v 67.5 		4.3 		51
v 69.6 		4.3 		51
v 50.4 		4.3 		1.2
v 69.6 		4.3 		51.8
v 80.2 		-5.7 		131.8
v 70.4 		-5.7 		51
v 50.343 		6.017 		0.022
v 51.086 		5.987 		0.039
v 49.6 		5.919 		0.116
v 69.6 		4.3 		138.9
v 69.6 		3.3 		138.9
v 70.4 		-5.7 		51.8
v 70.4 		4.3 		138.9
v 70.4 		3.3 		138.9
v 69.6 		-5.7 		51
v 70.4 		4.3 		133.9
v 70.4 		4.3 		131.8
v 69.6 		-5.7 		51.8
v 72.5 		4.3 		131.8
v 70.4 		3.3 		133.9
v 72.5 		3.3 		131.8
v 80.2 		4.3 		41
v 80.2 		4.3 		41.8
v 49.6 		6.016 		0.019
v 77.5 		4.3 		41.8
v 77.5 		4.3 		41
v 77.5 		3.3 		41
v 49.6 		6.065 		0.003
v 77.5 		3.3 		41.8
v 69.6 		4.3 		131.8
v 67.5 		4.3 		131.8
v 67.5 		3.3 		131.8
v 69.6 		3.3 		133.9
v 69.6 		4.3 		133.9
v 49.6 		5.7 		0.4
v 49.6 		5.9 		0.2
v 80.2 		-5.7 		41
v 69.6 		-5.7 		131.8
v 70.4 		-5.7 		131.8
v 80.2 		-5.7 		41.8
v 64.086 		6.184 		162.779
v -81.342 		5.964 		13.043
v 70.4 		3.3 		48.9
v 69.6 		3.3 		48.9
v 69.6 		4.3 		48.9
v 70.4 		4.3 		48.9
v 65.2 		6.289 		162.659
v 70.4 		3.3 		43.9
v 70.4 		4.3 		43.9
v 72.5 		3.3 		41
v 72.5 		3.3 		41.8
v 72.5 		4.3 		41.8
v 72.5 		4.3 		41
v 70.4 		4.3 		41
v 70.4 		4.3 		41.8
v 67.5 		3.3 		41
v 67.5 		3.3 		41.8
v 65.246 		5.918 		162.6678
v 65.2181 		5.919 		162.6677
v 65.0485 		5.9195 		162.67
v 64.086 		5.922 		162.683
v 65.2 		5.911 		162.659
v 67.5 		4.3 		41.8
v 67.5 		4.3 		41
v 69.6 		3.3 		43.9
v 69.6 		4.3 		43.9
v 69.6 		4.3 		41
v 69.6 		4.3 		41.8
v -60.4 		-5.7 		51
v -60.4 		-5.7 		51.8
v 70.4 		-5.7 		41
v 69.6 		-5.7 		41
v -59.6 		-5.7 		51
v 70.4 		-5.7 		41.8
v -59.6 		-5.7 		51.8
v 49.6 		3.3 		3.9
v 50.4 		3.3 		3.9
v 69.6 		-5.7 		41.8
v -39.6 		3.3 		48.9
v -40.4 		3.3 		48.9
v -40.4 		4.3 		48.9
v -39.6 		4.3 		48.9
v 70.4 		3.3 		38.9
v 70.4 		3.3 		33.9
v 69.6 		3.3 		33.9
v 69.6 		3.3 		38.9
v -77.5 		4.3 		11.8
v -77.5 		4.3 		11
v -77.5 		3.3 		11
v -77.5 		3.3 		11.8
v -37.5 		4.3 		41
v -37.5 		4.3 		41.8
v 69.6 		4.3 		38.9
v 70.4 		4.3 		38.9
v -39.6 		4.3 		43.9
v -40.4 		4.3 		43.9
v -40.4 		4.3 		41
v -39.6 		4.3 		41
v 70.4 		4.3 		33.9
v 69.6 		4.3 		33.9
v -40.4 		4.3 		41.8
v -81.346 		6.234 		11.743
v -81.363 		6.214 		11
v -39.6 		4.3 		41.8
v 81.334 		6.246 		31.8
v -37.5 		3.3 		41
v -37.5 		3.3 		41.8
v 81.363 		6.214 		31.057
v -40.4 		3.3 		43.9
v -39.6 		3.3 		43.9
v -29.6 		3.3 		83.9
v -29.6 		3.3 		88.9
v -40.4 		-5.7 		41
v -39.6 		-5.7 		41
v -80.2 		4.3 		11.8
v -40.4 		-5.7 		41.8
v -81.271 		5.918 		11.743
v -39.6 		-5.7 		41.8
v -0.4 		4.3 		78.9
v -0.4 		4.3 		81
v -0.4 		4.3 		81.8
v -2.5 		4.3 		81.8
v -42.5 		3.3 		41
v -2.5 		4.3 		81
v -47.5 		3.3 		41
v -47.5 		3.3 		41.8
v -42.5 		3.3 		41.8
v -47.5 		4.3 		41.8
v -2.5 		3.3 		81
v -47.5 		4.3 		41
v -2.5 		3.3 		81.8
v -0.4 		3.3 		78.9
v -42.5 		4.3 		41.8
v -42.5 		4.3 		41
v -7.5 		3.3 		81
v -7.5 		4.3 		81
v -7.5 		3.3 		81.8
v -7.5 		4.3 		81.8
v -39.6 		3.3 		38.9
v -39.6 		3.3 		33.9
v -40.4 		3.3 		33.9
v -40.4 		3.3 		38.9
v -0.4 		4.3 		73.9
v -0.4 		3.3 		73.9
v -80.2 		6.1 		11
v -39.6 		4.3 		38.9
v -80.2 		5.7 		11
v -40.4 		4.3 		38.9
v -0.4 		-5.7 		81
v -0.4 		-5.7 		81.8
v -81.394 		6.087 		11
v -9.6 		4.3 		78.9
v -9.6 		4.3 		81
v -39.6 		4.3 		33.9
v -40.4 		4.3 		33.9
v -81.357 		5.98 		11
v -81 		5.7 		11
v -81.2 		5.9 		11
v 81.383 		6.024 		100.657
v -49.6 		3.3 		48.9
v -50.4 		3.3 		48.9
v -10.4 		4.3 		81
v -10.4 		4.3 		78.9
v -80.2 		4.3 		11
v -59.6 		4.3 		161.6
v -60.4 		4.3 		161.6
v 50.4 		-5.7 		1.2
v -9.6 		4.3 		81.8
v -10.4 		4.3 		81.8
v 80.2 		4.3 		101
v 49.6 		-5.7 		1.2
v -9.6 		3.3 		78.9
v -10.4 		3.3 		78.9
v 47.5 		3.3 		11
v 42.5 		3.3 		11
v 42.5 		3.3 		11.8
v 47.5 		3.3 		11.8
v 42.5 		4.3 		11.8
v 42.5 		4.3 		11
v -80.2 		-5.7 		11
v 81.335 		6.242 		100.1
v -12.5 		3.3 		81
v -12.5 		4.3 		81
v 47.5 		4.3 		11.8
v 47.5 		4.3 		11
v -12.5 		4.3 		81.8
v -12.5 		3.3 		81.8
v -80.2 		-5.7 		11.8
v -9.6 		4.3 		73.9
v -9.6 		3.3 		73.9
v 39.6 		3.3 		13.9
v 40.4 		3.3 		13.9
v -10.4 		3.3 		73.9
v -10.4 		4.3 		73.9
v 40.4 		4.3 		13.9
v 39.6 		4.3 		13.9
v 81.252 		5.908 		98.429
v 81.2496 		5.9076 		98.304
v -9.6 		-5.7 		81
v -69.6 		4.3 		3.9
v -10.4 		-5.7 		81
v 37.5 		4.3 		11.8
v 37.5 		4.3 		11
v 81 		5.7 		31.8
v -9.6 		-5.7 		81.8
v -66.871 		6.258 		0.084
v 39.6 		4.3 		8.9
v -10.4 		-5.7 		81.8
v 40.4 		4.3 		8.9
v 81.2 		5.9 		31.8
v 40.4 		4.3 		11
v 81.313 		5.939 		31.8
v 40.4 		4.3 		11.8
v 81.398 		6.109 		31.8
v -2.5 		4.3 		71.8
v -0.4 		4.3 		71.8
v -0.4 		4.3 		71
v -2.5 		4.3 		71
v -2.5 		3.3 		71.8
v -2.5 		3.3 		71
v 39.6 		4.3 		11
v 39.6 		4.3 		11.8
v -7.5 		3.3 		71.8
v -7.5 		4.3 		71.8
v 37.5 		3.3 		11
v 37.5 		3.3 		11.8
v 63.714 		5.994 		162.767
v 65.2 		5.9197 		162.6677
v 65.2 		6.041 		162.789
v -59.6 		3.3 		158.9
v -59.6 		4.3 		158.9
v -60.4 		4.3 		158.9
v -60.4 		3.3 		158.9
v 40.4 		3.3 		8.9
v 39.6 		3.3 		8.9
v -61.486 		6.292 		162.652
v -67.429 		6.214 		0.037
v -62.229 		5.911 		162.659
v 81.337 		5.957 		99.729
v -62.11 		5.9178 		162.6671
v -61.6218 		5.9211 		162.6795
v -61.486 		5.922 		162.683
v -62.6106 		5.9192 		162.6725
v -62.3016 		5.9183 		162.6692
v -62.214 		5.9171 		162.6644
v -62.2368 		5.9174 		162.6657
v 80.2 		6.1 		31.8
v 80.2 		5.7 		31.8
v 80.2 		4.3 		31.8
v 81.389 		6.041 		31.057
v 81.252 		5.908 		99.914
v -62.971 		5.986 		162.763
v -63.343 		5.924 		162.684
v -66.314 		6.104 		0.003
v 40.4 		-5.7 		11
v 81.32 		5.943 		31.057
v 40.4 		-5.7 		11.8
v -61.857 		6.062 		162.794
v -68.914 		6.283 		0.124
v 39.6 		-5.7 		11
v 81.381 		6.016 		99.914
v 80.2 		4.3 		31
v 39.6 		-5.7 		11.8
v -61.486 		6.246 		162.734
v 81.294 		6.272 		29.943
v -68.543 		6.151 		0.009
v 81.334 		6.246 		30.686
v -69.6 		4.3 		1.2
v -68.914 		5.919 		0.116
v -68.543 		5.979 		0.05
v -7.5 		3.3 		71
v -7.5 		4.3 		71
v 81.398 		6.083 		30.314
v 39.6 		4.3 		1.2
v 40.4 		4.3 		1.2
v 40.4 		4.3 		3.9
v 39.6 		4.3 		3.9
v 39.6 		3.3 		3.9
v 40.4 		3.3 		3.9
v -0.4 		4.3 		68.9
v -0.4 		3.3 		68.9
v -0.4 		-5.7 		71.8
v -0.4 		-5.7 		71
v 81.361 		5.987 		30.314
v 77.5 		3.3 		101
v 77.5 		4.3 		101
v -9.6 		4.3 		71.8
v 77.5 		4.3 		101.8
v 77.5 		3.3 		101.8
v -10.4 		4.3 		71.8
v -50.4 		4.3 		48.9
v -49.6 		4.3 		48.9
v 80.2 		-5.7 		101
v -9.6 		4.3 		71
v -10.4 		4.3 		71
v 80.2 		-5.7 		101.8
v -52.5 		4.3 		41.8
v -52.5 		4.3 		41
v -49.6 		4.3 		43.9
v -50.4 		4.3 		43.9
v 63.488 		5.9084 		162.6449
v -50.4 		4.3 		41
v -49.6 		4.3 		41
v 63.488 		5.9094 		162.6461
v -50.4 		4.3 		41.8
v 69.6 		3.3 		103.9
v 69.6 		4.3 		103.9
v -49.6 		4.3 		41.8
v 70.4 		4.3 		103.9
v 70.4 		3.3 		103.9
v -12.5 		3.3 		71
v -12.5 		4.3 		71
v -52.5 		3.3 		41
v -52.5 		3.3 		41.8
v -12.5 		4.3 		71.8
v -12.5 		3.3 		71.8
v 70.4 		4.3 		101
v 70.4 		4.3 		98.9
v -69.6 		3.3 		3.9
v 70.4 		3.3 		98.9
v -9.6 		3.3 		68.9
v 72.5 		4.3 		101
v 72.5 		3.3 		101
v -9.6 		4.3 		68.9
v -70.4 		4.3 		3.9
v -10.4 		3.3 		68.9
v 70.4 		4.3 		101.8
v 72.5 		4.3 		101.8
v -10.4 		4.3 		68.9
v 72.5 		3.3 		101.8
v -70.4 		6.276 		0.109
v -9.6 		-5.7 		71.8
v -10.4 		-5.7 		71.8
v 67.5 		3.3 		101
v 67.5 		4.3 		101
v 69.6 		4.3 		101
v -70.4 		6.214 		0.037
v -9.6 		-5.7 		71
v -69.657 		6.263 		0.086
v 67.5 		4.3 		101.8
v 69.6 		4.3 		101.8
v 67.5 		3.3 		101.8
v -10.4 		-5.7 		71
v 61.486 		5.908 		162.652
v 61.4636 		5.9122 		162.6596
v 40.4 		-5.7 		1.2
v 61.44 		5.9122 		162.6597
v -19.6 		4.3 		81
v -17.5 		4.3 		81
v -17.5 		4.3 		81.8
v -19.6 		4.3 		81.8
v 39.6 		-5.7 		1.2
v 62.229 		6.289 		162.659
v -19.6 		4.3 		78.9
v -20.4 		4.3 		81
v -20.4 		4.3 		81.8
v 29.6 		4.3 		28.9
v 30.4 		4.3 		28.9
v 32.5 		4.3 		31
v 32.5 		4.3 		31.8
v -20.4 		4.3 		78.9
v 30.4 		4.3 		31
v 30.4 		4.3 		31.8
v 62.6 		6.252 		162.728
v -17.5 		3.3 		81
v 29.6 		4.3 		31
v -17.5 		3.3 		81.8
v -70.4 		6.1 		1.2
v 29.6 		4.3 		31.8
v -70.4 		5.7 		1.2
v -19.6 		3.3 		78.9
v -70.4 		4.3 		1.2
v 32.5 		3.3 		31.8
v 32.5 		3.3 		31
v -20.4 		3.3 		78.9
v -69.657 		6.005 		0.034
v -22.5 		3.3 		81
v -22.5 		4.3 		81
v -22.5 		4.3 		81.8
v -22.5 		3.3 		81.8
v 30.4 		3.3 		28.9
v 29.6 		3.3 		28.9
v -69.657 		5.908 		0.148
v -19.6 		4.3 		73.9
v -19.6 		3.3 		73.9
v 27.5 		3.3 		31
v 27.5 		3.3 		31.8
v -20.4 		3.3 		73.9
v -20.4 		4.3 		73.9
v 27.5 		4.3 		31.8
v 27.5 		4.3 		31
v 61.44 		6.1 		161.6
v -19.6 		-5.7 		81
v -19.6 		-5.7 		81.8
v 60.557 		5.912 		162.664
v -20.4 		-5.7 		81
v 30.4 		-5.7 		31
v -20.4 		-5.7 		81.8
v 30.4 		-5.7 		31.8
v -69.657 		6.126 		0.004
v 69.6 		4.3 		98.9
v 69.6 		3.3 		98.9
v 59.814 		6.19 		162.772
v -27.5 		4.3 		81
v -27.5 		3.3 		81
v 60 		6.109 		162.798
v -27.5 		3.3 		81.8
v -27.5 		4.3 		81.8
v -49.6 		3.3 		43.9
v -50.4 		3.3 		43.9
v 69.6 		-5.7 		101
v 70.4 		-5.7 		101
v -29.6 		4.3 		81
v 69.6 		-5.7 		101.8
v -29.6 		4.3 		81.8
v 70.4 		-5.7 		101.8
v -29.6 		4.3 		78.9
v -32.5 		4.3 		81
v -30.4 		4.3 		81
v -30.4 		4.3 		81.8
v -32.5 		4.3 		81.8
v -30.4 		4.3 		78.9
v -50.4 		-5.7 		41
v -49.6 		-5.7 		41
v -29.6 		3.3 		78.9
v -50.4 		-5.7 		41.8
v 81.381 		6.016 		96.943
v -32.5 		3.3 		81
v 81.395 		6.057 		98.057
v -49.6 		-5.7 		41.8
v -32.5 		3.3 		81.8
v 81.2395 		5.9061 		97.7754
v 81.235 		5.903 		97.686
v 81.2389 		5.906 		97.6696
v 81.2456 		5.907 		97.5081
v -59.6 		3.3 		48.9
v -60.4 		3.3 		48.9
v -30.4 		3.3 		78.9
v -60.4 		4.3 		48.9
v -59.6 		4.3 		48.9
v 81.381 		6.016 		28.829
v 81.2391 		5.9069 		97.6955
v -59.6 		4.3 		43.9
v -60.4 		4.3 		43.9
v -57.5 		4.3 		41.8
v -57.5 		4.3 		41
v -60.4 		4.3 		41
v -59.6 		4.3 		41
v -29.6 		4.3 		73.9
v -29.6 		3.3 		73.9
v -60.4 		4.3 		41.8
v -30.4 		3.3 		73.9
v -30.4 		4.3 		73.9
v -59.6 		4.3 		41.8
v 81.363 		5.986 		29.571
v -29.6 		-5.7 		81
v -29.6 		-5.7 		81.8
v -59.6 		3.3 		43.9
v -60.4 		3.3 		43.9
v -30.4 		-5.7 		81
v -30.4 		-5.7 		81.8
v -57.5 		3.3 		41
v -57.5 		3.3 		41.8
v -19.6 		4.3 		71
v -20.4 		4.3 		71
v -17.5 		4.3 		71
v 81.276 		5.917 		96.943
v -17.5 		4.3 		71.8
v -19.6 		4.3 		71.8
v -62.5 		3.3 		41
v -62.5 		3.3 		41.8
v 77.5 		4.3 		31
v 77.5 		4.3 		31.8
v 77.5 		3.3 		31
v 77.5 		3.3 		31.8
v -20.4 		4.3 		71.8
v -62.5 		4.3 		41.8
v -62.5 		4.3 		41
v -60.4 		-5.7 		41
v -17.5 		3.3 		71
v 81.275 		6.281 		27.761
v -59.6 		-5.7 		41
v -17.5 		3.3 		71.8
v -60.4 		-5.7 		41.8
v -59.6 		-5.7 		41.8
v -49.6 		3.3 		38.9
v -49.6 		3.3 		33.9
v -50.4 		3.3 		33.9
v -50.4 		3.3 		38.9
v -70.4 		5.919 		0.116
v -70.4 		5.9 		0.2
v -70.4 		6.083 		0.002
v -70.4 		6.016 		0.019
v -70.4 		5.7 		0.4
v -49.6 		4.3 		38.9
v -50.4 		4.3 		38.9
v 81.284 		6.277 		96.246
v -49.6 		4.3 		33.9
v -50.4 		4.3 		33.9
v 29.6 		-5.7 		31
v 61.3 		5.943 		162.715
v -59.6 		3.3 		38.9
v -59.6 		3.3 		33.9
v -60.4 		3.3 		33.9
v -60.4 		3.3 		38.9
v 29.6 		-5.7 		31.8
v 22.5 		3.3 		31.8
v 22.5 		3.3 		31
v -59.6 		4.3 		38.9
v -60.4 		4.3 		38.9
v 22.5 		4.3 		31
v 22.5 		4.3 		31.8
v 59.6 		4.3 		161.6
v 60.4 		4.3 		161.6
v -22.5 		3.3 		71
v -22.5 		4.3 		71
v -59.6 		4.3 		33.9
v -22.5 		4.3 		71.8
v -22.5 		3.3 		71.8
v -60.4 		4.3 		33.9
v 19.6 		4.3 		28.9
v 20.4 		4.3 		28.9
v 17.5 		4.3 		31.8
v 17.5 		4.3 		31
v 20.4 		4.3 		31
v 20.4 		4.3 		31.8
v -19.6 		4.3 		68.9
v -20.4 		4.3 		68.9
v -19.6 		3.3 		68.9
v 59.164 		5.927 		162.688
v -20.4 		3.3 		68.9
v -0.4 		4.3 		31.8
v 19.6 		4.3 		31
v 58.7 		6.283 		162.672
v -2.5 		4.3 		31.8
v -2.5 		3.3 		31.8
v 19.6 		4.3 		31.8
v -0.4 		4.3 		31
v -0.4 		4.3 		28.9
v -0.4 		3.3 		28.9
v -20.4 		-5.7 		71
v -19.6 		-5.7 		71
v -2.5 		3.3 		31
v -2.5 		4.3 		31
v 59.257 		6.041 		162.789
v 20.4 		3.3 		28.9
v 19.6 		3.3 		28.9
v -19.6 		-5.7 		71.8
v 17.5 		3.3 		31
v 17.5 		3.3 		31.8
v -20.4 		-5.7 		71.8
v -7.5 		3.3 		31.8
v -7.5 		3.3 		31
v -27.5 		4.3 		71
v -27.5 		3.3 		71
v -7.5 		4.3 		31
v -7.5 		4.3 		31.8
v -27.5 		3.3 		71.8
v -27.5 		4.3 		71.8
v -29.6 		4.3 		71
v -0.4 		-5.7 		31.8
v -30.4 		4.3 		71
v -0.4 		-5.7 		31
v -32.5 		4.3 		71
v -29.6 		4.3 		71.8
v -9.6 		4.3 		31.8
v -10.4 		4.3 		31.8
v -30.4 		4.3 		71.8
v 81.276 		5.917 		28.086
v -32.5 		4.3 		71.8
v -9.6 		4.3 		28.9
v -9.6 		4.3 		31
v -10.4 		4.3 		28.9
v 20.4 		-5.7 		31
v -10.4 		4.3 		31
v 20.4 		-5.7 		31.8
v -32.5 		3.3 		71
v 19.6 		-5.7 		31
v -9.6 		3.3 		28.9
v -32.5 		3.3 		71.8
v 19.6 		-5.7 		31.8
v 81.397 		6.065 		27.343
v -10.4 		3.3 		28.9
v 30.4 		4.3 		23.9
v 29.6 		4.3 		23.9
v -29.6 		4.3 		68.9
v -30.4 		4.3 		68.9
v 32.5 		4.3 		21.8
v 32.5 		4.3 		21
v -29.6 		3.3 		68.9
v -30.4 		3.3 		68.9
v 30.4 		4.3 		21
v 30.4 		4.3 		21.8
v -12.5 		3.3 		31
v -12.5 		3.3 		31.8
v 29.6 		4.3 		21
v -12.5 		4.3 		31.8
v -12.5 		4.3 		31
v -30.4 		-5.7 		71
v -29.6 		-5.7 		71
v 29.6 		4.3 		21.8
v 30.4 		3.3 		23.9
v 29.6 		3.3 		23.9
v -29.6 		-5.7 		71.8
v 81.2582 		5.913 		27.2525
v -9.6 		-5.7 		31.8
v 81.2562 		5.9126 		27.1624
v 81.252 		5.908 		27.157
v -10.4 		-5.7 		31.8
v 81.2644 		5.9144 		26.624
v -9.6 		-5.7 		31
v -10.4 		-5.7 		31
v 32.5 		3.3 		21.8
v 32.5 		3.3 		21
v -0.4 		3.3 		23.9
v -0.4 		4.3 		23.9
v -0.4 		4.3 		21.8
v -70.4 		3.3 		3.9
v -2.5 		4.3 		21.8
v -2.5 		3.3 		21.8
v 27.5 		3.3 		21
v -0.4 		4.3 		21
v 27.5 		3.3 		21.8
v -2.5 		3.3 		21
v -2.5 		4.3 		21
v 27.5 		4.3 		21.8
v 27.5 		4.3 		21
v 30.4 		3.3 		18.9
v 29.6 		3.3 		18.9
v -70.4 		-5.7 		1.2
v -7.5 		3.3 		21.8
v -7.5 		3.3 		21
v 29.6 		4.3 		18.9
v 30.4 		4.3 		18.9
v -69.6 		-5.7 		1.2
v -7.5 		4.3 		21
v -7.5 		4.3 		21.8
v -81 		5.7 		0.4
v -0.4 		4.3 		18.9
v -0.4 		3.3 		18.9
v -80.2 		5.7 		1.2
v 81.395 		6.061 		95.829
v -80.2 		-5.7 		1.2
v -0.4 		-5.7 		21.8
v -0.4 		-5.7 		21
v -30.4 		-5.7 		71.8
v -9.6 		4.3 		21.8
v -9.6 		4.3 		23.9
v -10.4 		4.3 		23.9
v -10.4 		4.3 		21.8
v -9.6 		4.3 		21
v -10.4 		4.3 		21
v -39.6 		4.3 		91
v -40.4 		4.3 		91
v -37.5 		4.3 		91
v -9.6 		3.3 		23.9
v -39.6 		4.3 		91.8
v -37.5 		4.3 		91.8
v -10.4 		3.3 		23.9
v 81.252 		6.292 		25.857
v 81.2577 		6.2841 		25.9867
v -39.6 		4.3 		93.9
v -40.4 		4.3 		91.8
v 81.373 		6.2 		25.114
v -40.4 		4.3 		93.9
v 81.2616 		6.2787 		26.0765
v 81.2597 		6.28 		25.9358
v -12.5 		3.3 		21
v -12.5 		3.3 		21.8
v -37.5 		3.3 		91
v 81.361 		6.213 		92.486
v 81.353 		6.229 		25.114
v -12.5 		4.3 		21.8
v -12.5 		4.3 		21
v -37.5 		3.3 		91.8
v 30.4 		-5.7 		21
v 30.4 		-5.7 		21.8
v -39.6 		3.3 		93.9
v 81.289 		6.275 		92.95
v -40.4 		3.3 		93.9
v 29.6 		-5.7 		21
v -39.6 		-5.7 		91
v -40.4 		-5.7 		91
v 29.6 		-5.7 		21.8
v -39.6 		-5.7 		91.8
v 22.5 		3.3 		21.8
v 22.5 		3.3 		21
v -40.4 		-5.7 		91.8
v 22.5 		4.3 		21
v 22.5 		4.3 		21.8
v 81.397 		6.065 		25.857
v 20.4 		4.3 		23.9
v 19.6 		4.3 		23.9
v -42.5 		3.3 		91
v -42.5 		4.3 		91
v 17.5 		4.3 		21.8
v 17.5 		4.3 		21
v -47.5 		4.3 		91
v -47.5 		3.3 		91
v 20.4 		4.3 		21
v 81.398 		6.083 		92.857
v 81.276 		5.917 		25.114
v -42.5 		4.3 		91.8
v -47.5 		4.3 		91.8
v -42.5 		3.3 		91.8
v -47.5 		3.3 		91.8
v -9.6 		3.3 		18.9
v 81.276 		5.917 		25.857
v -9.6 		4.3 		18.9
v -10.4 		3.3 		18.9
v -10.4 		4.3 		18.9
v -39.6 		4.3 		83.9
v -39.6 		3.3 		83.9
v -9.6 		-5.7 		21.8
v -39.6 		3.3 		88.9
v -39.6 		4.3 		88.9
v -10.4 		-5.7 		21.8
v -40.4 		4.3 		83.9
v -40.4 		4.3 		88.9
v -9.6 		-5.7 		21
v -40.4 		3.3 		83.9
v -40.4 		3.3 		88.9
v -10.4 		-5.7 		21
v 81.368 		5.993 		92.857
v -20.4 		4.3 		28.9
v -19.6 		4.3 		28.9
v -17.5 		4.3 		31
v -17.5 		4.3 		31.8
v -20.4 		4.3 		31
v -49.6 		4.3 		91
v -20.4 		4.3 		31.8
v -50.4 		4.3 		91
v -52.5 		4.3 		91
v -19.6 		4.3 		31
v -49.6 		4.3 		91.8
v -49.6 		4.3 		93.9
v -19.6 		4.3 		31.8
v -52.5 		4.3 		91.8
v -50.4 		4.3 		91.8
v -50.4 		4.3 		93.9
v 81.395 		6.108 		24.929
v -19.6 		3.3 		28.9
v -20.4 		3.3 		28.9
v 81.259 		5.911 		92.579
v -49.6 		3.3 		93.9
v -17.5 		3.3 		31.8
v -17.5 		3.3 		31
v -50.4 		3.3 		93.9
v 81.334 		6.246 		91.743
v 81.334 		6.246 		91
v -52.5 		3.3 		91
v -52.5 		3.3 		91.8
v 57.4 		5.931 		162.698
v -22.5 		3.3 		31
v -22.5 		3.3 		31.8
v 19.6 		4.3 		21
v 20.4 		4.3 		21.8
v -49.6 		-5.7 		91
v -50.4 		-5.7 		91
v 19.6 		4.3 		21.8
v -49.6 		-5.7 		91.8
v 19.6 		3.3 		23.9
v 20.4 		3.3 		23.9
v 58.514 		5.986 		162.763
v -50.4 		-5.7 		91.8
v 17.5 		3.3 		21
v 17.5 		3.3 		21.8
v -59.6 		4.3 		91
v -60.4 		4.3 		91
v -57.5 		4.3 		91
v 20.4 		3.3 		18.9
v -59.6 		4.3 		91.8
v -57.5 		4.3 		91.8
v 19.6 		3.3 		18.9
v 19.6 		4.3 		18.9
v 20.4 		4.3 		18.9
v -59.6 		4.3 		93.9
v 59.6 		4.3 		158.9
v 59.6 		3.3 		158.9
v -60.4 		4.3 		91.8
v -60.4 		4.3 		93.9
v 60.4 		3.3 		158.9
v 60.4 		4.3 		158.9
v 20.4 		-5.7 		21
v 19.6 		-5.7 		21
v 59.6 		-5.7 		161.6
v 80.2 		4.3 		91.8
v 60.4 		-5.7 		161.6
v -57.5 		3.3 		91
v 20.4 		-5.7 		21.8
v -57.5 		3.3 		91.8
v 62.5 		4.3 		151.8
v 19.6 		-5.7 		21.8
v 62.5 		3.3 		151.8
v 12.5 		3.3 		31.8
v 12.5 		3.3 		31
v -59.6 		3.3 		93.9
v 81.389 		6.041 		91.743
v 57.5 		4.3 		151.8
v 59.6 		4.3 		151.8
v 57.5 		3.3 		151.8
v -60.4 		3.3 		93.9
v 12.5 		4.3 		31
v 12.5 		4.3 		31.8
v 59.6 		3.3 		153.9
v 59.6 		4.3 		153.9
v 10.4 		4.3 		28.9
v 10.4 		4.3 		31
v 60.4 		4.3 		153.9
v 60.4 		4.3 		151.8
v 9.6 		4.3 		31
v -62.5 		3.3 		91
v 9.6 		4.3 		28.9
v -62.5 		4.3 		91
v 60.4 		3.3 		153.9
v -62.5 		4.3 		91.8
v -62.5 		3.3 		91.8
v 10.4 		4.3 		31.8
v 9.6 		4.3 		31.8
v 62.5 		4.3 		151
v 62.5 		3.3 		151
v -59.6 		-5.7 		91
v -60.4 		-5.7 		91
v 59.6 		4.3 		151
v 59.6 		4.3 		148.9
v 59.6 		3.3 		148.9
v 10.4 		3.3 		28.9
v -59.6 		-5.7 		91.8
v 60.4 		4.3 		151
v 60.4 		4.3 		148.9
v 60.4 		3.3 		148.9
v -60.4 		-5.7 		91.8
v -22.5 		4.3 		31.8
v -22.5 		4.3 		31
v 57.5 		3.3 		151
v 57.5 		4.3 		151
v 9.6 		3.3 		28.9
v -49.6 		4.3 		83.9
v -49.6 		3.3 		83.9
v -49.6 		3.3 		88.9
v -49.6 		4.3 		88.9
v 81.314 		5.937 		91.743
v -50.4 		4.3 		83.9
v 59.6 		-5.7 		151
v -50.4 		4.3 		88.9
v 59.6 		-5.7 		151.8
v -50.4 		3.3 		83.9
v -50.4 		3.3 		88.9
v 60.4 		-5.7 		151
v -20.4 		-5.7 		31
v 60.4 		-5.7 		151.8
v 81.398 		6.091 		91
v -20.4 		-5.7 		31.8
v 81.2 		5.9 		91
v -59.6 		4.3 		83.9
v -59.6 		3.3 		83.9
v -19.6 		-5.7 		31
v -59.6 		3.3 		88.9
v -59.6 		4.3 		88.9
v -60.4 		4.3 		83.9
v -19.6 		-5.7 		31.8
v -60.4 		4.3 		88.9
v 80.2 		-5.7 		31
v -60.4 		3.3 		83.9
v -60.4 		3.3 		88.9
v -27.5 		3.3 		31.8
v -27.5 		3.3 		31
v 81 		5.7 		91
v 80.2 		-5.7 		31.8
v -27.5 		4.3 		31
v -27.5 		4.3 		31.8
v 81.313 		5.939 		91
v 70.4 		3.3 		28.9
v -30.4 		4.3 		28.9
v -29.6 		4.3 		28.9
v -32.5 		4.3 		31.8
v -32.5 		4.3 		31
v 70.4 		4.3 		28.9
v -39.6 		4.3 		81
v -37.5 		4.3 		81
v -30.4 		4.3 		31
v 72.5 		3.3 		31.8
v 72.5 		3.3 		31
v -37.5 		4.3 		81.8
v -39.6 		4.3 		81.8
v 72.5 		4.3 		31
v 72.5 		4.3 		31.8
v -39.6 		4.3 		78.9
v 70.4 		4.3 		31
v 80.2 		5.7 		91
v 80.2 		6.1 		91
v 70.4 		4.3 		31.8
v -40.4 		4.3 		81
v -40.4 		4.3 		81.8
v 10.4 		-5.7 		31
v -40.4 		4.3 		78.9
v 9.6 		-5.7 		31
v 69.6 		3.3 		28.9
v 69.6 		4.3 		28.9
v 80.2 		4.3 		91
v -37.5 		3.3 		81
v 67.5 		3.3 		31
v 67.5 		3.3 		31.8
v 10.4 		-5.7 		31.8
v -37.5 		3.3 		81.8
v 9.6 		-5.7 		31.8
v 67.5 		4.3 		31.8
v 67.5 		4.3 		31
v 69.6 		4.3 		31
v 69.6 		4.3 		31.8
v -39.6 		3.3 		78.9
v 7.5 		4.3 		31.8
v 7.5 		3.3 		31.8
v 7.5 		3.3 		31
v 7.5 		4.3 		31
v -40.4 		3.3 		78.9
v 70.4 		-5.7 		31
v 2.5 		3.3 		31.8
v 2.5 		3.3 		31
v 70.4 		-5.7 		31.8
v 2.5 		4.3 		31
v 2.5 		4.3 		31.8
v 77.5 		3.3 		91
v 77.5 		4.3 		91
v 0.4 		4.3 		31.8
v -39.6 		4.3 		73.9
v -39.6 		3.3 		73.9
v 77.5 		4.3 		91.8
v 77.5 		3.3 		91.8
v 69.6 		-5.7 		31
v -40.4 		3.3 		73.9
v -40.4 		4.3 		73.9
v 0.4 		3.3 		28.9
v 0.4 		4.3 		28.9
v 0.4 		4.3 		31
v 69.6 		-5.7 		31.8
v 80.2 		-5.7 		91
v -39.6 		-5.7 		81
v -39.6 		-5.7 		81.8
v 80.2 		-5.7 		91.8
v 56.286 		6.283 		162.676
v -40.4 		-5.7 		81
v -40.4 		-5.7 		81.8
v 0.4 		-5.7 		31.8
v 0.4 		-5.7 		31
v 70.4 		4.3 		91
v 56.286 		5.911 		162.659
v -42.5 		3.3 		81
v 12.5 		3.3 		21.8
v -42.5 		4.3 		81
v 12.5 		3.3 		21
v -47.5 		4.3 		81
v -47.5 		3.3 		81
v 72.5 		4.3 		91
v 72.5 		3.3 		91
v 12.5 		4.3 		21
v 12.5 		4.3 		21.8
v -42.5 		4.3 		81.8
v 70.4 		4.3 		93.9
v -42.5 		3.3 		81.8
v 70.4 		4.3 		91.8
v -47.5 		3.3 		81.8
v -47.5 		4.3 		81.8
v 72.5 		4.3 		91.8
v 70.4 		3.3 		93.9
v -30.4 		4.3 		31.8
v 72.5 		3.3 		91.8
v -29.6 		4.3 		31
v 69.6 		4.3 		91
v -29.6 		4.3 		31.8
v 67.5 		3.3 		91
v 67.5 		4.3 		91
v -39.6 		4.3 		71
v -40.4 		4.3 		71
v 57.029 		6.017 		162.778
v 67.5 		4.3 		91.8
v 69.6 		4.3 		91.8
v 56.286 		6.117 		162.795
v 67.5 		3.3 		91.8
v -32.5 		3.3 		31
v -32.5 		3.3 		31.8
v -37.5 		4.3 		71
v -37.5 		4.3 		71.8
v 69.6 		3.3 		93.9
v -39.6 		4.3 		71.8
v 69.6 		4.3 		93.9
v 69.6 		-5.7 		91
v 55.543 		5.961 		162.739
v 70.4 		-5.7 		91
v -40.4 		4.3 		71.8
v 69.6 		-5.7 		91.8
v -29.6 		3.3 		28.9
v -30.4 		3.3 		28.9
v 70.4 		-5.7 		91.8
v -37.5 		3.3 		71
v -37.5 		3.3 		71.8
v -30.4 		-5.7 		31
v 69.6 		3.3 		83.9
v 69.6 		4.3 		83.9
v -30.4 		-5.7 		31.8
v 69.6 		4.3 		88.9
v 69.6 		3.3 		88.9
v -39.6 		4.3 		68.9
v -40.4 		4.3 		68.9
v -39.6 		3.3 		68.9
v -40.4 		3.3 		68.9
v 70.4 		4.3 		83.9
v 70.4 		4.3 		88.9
v -29.6 		-5.7 		31
v 70.4 		3.3 		83.9
v 70.4 		3.3 		88.9
v -40.4 		-5.7 		71
v -29.6 		-5.7 		31.8
v -39.6 		-5.7 		71
v -19.6 		4.3 		23.9
v -20.4 		4.3 		23.9
v -17.5 		4.3 		21.8
v -17.5 		4.3 		21
v -20.4 		4.3 		21
v -19.6 		4.3 		21
v -39.6 		-5.7 		71.8
v 54.429 		6.196 		162.769
v 80.2 		-5.7 		81
v 80.2 		4.3 		81
v -40.4 		-5.7 		71.8
v 77.5 		4.3 		81
v 77.5 		3.3 		81
v -20.4 		4.3 		21.8
v 80.2 		4.3 		81.8
v 80.2 		-5.7 		81.8
v 77.5 		4.3 		81.8
v 77.5 		3.3 		81.8
v -19.6 		4.3 		21.8
v -42.5 		3.3 		71
v -42.5 		4.3 		71
v -47.5 		4.3 		71
v -47.5 		3.3 		71
v -42.5 		4.3 		71.8
v -42.5 		3.3 		71.8
v -19.6 		3.3 		23.9
v -20.4 		3.3 		23.9
v -47.5 		3.3 		71.8
v -47.5 		4.3 		71.8
v 54.8 		5.911 		162.659
v -17.5 		3.3 		21.8
v -17.5 		3.3 		21
v 70.4 		4.3 		81
v 72.5 		4.3 		81
v 72.5 		3.3 		81
v 72.5 		3.3 		81.8
v 72.5 		4.3 		81.8
v 70.4 		4.3 		81.8
v -49.6 		4.3 		81
v -49.6 		4.3 		81.8
v -49.6 		4.3 		78.9
v 70.4 		3.3 		78.9
v 70.4 		4.3 		78.9
v 54.057 		5.922 		162.683
v -52.5 		4.3 		81
v -50.4 		4.3 		81
v -50.4 		4.3 		81.8
v -52.5 		4.3 		81.8
v -50.4 		4.3 		78.9
v -22.5 		3.3 		21
v -22.5 		3.3 		21.8
v 53.314 		5.908 		162.652
v 67.5 		3.3 		81
v 67.5 		4.3 		81
v 69.6 		4.3 		81
v 53.6823 		5.9149 		162.6674
v 53.6367 		5.9153 		162.6684
v 69.6 		4.3 		81.8
v 67.5 		4.3 		81.8
v 67.5 		3.3 		81.8
v -22.5 		4.3 		21.8
v -22.5 		4.3 		21
v 10.4 		4.3 		21
v -49.6 		3.3 		78.9
v 9.6 		4.3 		21
v 69.6 		4.3 		78.9
v 69.6 		3.3 		78.9
v -52.5 		3.3 		81
v 10.4 		4.3 		21.8
v 10.4 		4.3 		23.9
v 9.6 		4.3 		23.9
v 9.6 		4.3 		21.8
v -52.5 		3.3 		81.8
v 69.6 		3.3 		73.9
v 69.6 		4.3 		73.9
v 70.4 		4.3 		73.9
v 70.4 		3.3 		73.9
v -50.4 		3.3 		78.9
v 69.6 		-5.7 		81
v 69.6 		-5.7 		81.8
v 10.4 		3.3 		23.9
v 70.4 		-5.7 		81
v 9.6 		3.3 		23.9
v 70.4 		-5.7 		81.8
v -49.6 		4.3 		73.9
v -49.6 		3.3 		73.9
v 53.314 		6.074 		162.796
v -50.4 		3.3 		73.9
v -50.4 		4.3 		73.9
v 54.057 		6.083 		162.795
v 10.4 		3.3 		18.9
v 10.4 		4.3 		18.9
v 54.8 		6.041 		162.789
v 54.057 		5.986 		162.763
v 81.367 		6.206 		71.8
v -49.6 		-5.7 		81
v 9.6 		4.3 		18.9
v 9.6 		3.3 		18.9
v -49.6 		-5.7 		81.8
v -50.4 		-5.7 		81
v 10.4 		-5.7 		21
v -50.4 		-5.7 		81.8
v 9.6 		-5.7 		21
v 10.4 		-5.7 		21.8
v 81.2008 		6.2998 		71.68
v -59.6 		4.3 		81
v -57.5 		4.3 		81
v 9.6 		-5.7 		21.8
v -57.5 		4.3 		81.8
v -59.6 		4.3 		81.8
v -59.6 		4.3 		78.9
v -60.4 		4.3 		81
v -60.4 		4.3 		81.8
v -60.4 		4.3 		78.9
v -19.6 		3.3 		18.9
v -20.4 		3.3 		18.9
v -57.5 		3.3 		81
v -20.4 		4.3 		18.9
v -19.6 		4.3 		18.9
v -57.5 		3.3 		81.8
v 81 		5.7 		71.8
v 80.2 		5.7 		71.8
v 81.2 		5.9 		71.8
v 81.389 		6.062 		71.8
v -59.6 		3.3 		78.9
v -20.4 		-5.7 		21
v 80.2 		6.1 		71.8
v -19.6 		-5.7 		21
v -60.4 		3.3 		78.9
v -20.4 		-5.7 		21.8
v 51.829 		6.159 		162.789
v -19.6 		-5.7 		21.8
v -62.5 		3.3 		81
v -62.5 		4.3 		81
v 51.829 		6.283 		162.676
v -27.5 		3.3 		21.8
v -27.5 		3.3 		21
v -62.5 		4.3 		81.8
v -62.5 		3.3 		81.8
v -27.5 		4.3 		21
v -27.5 		4.3 		21.8
v -59.6 		4.3 		73.9
v -59.6 		3.3 		73.9
v -29.6 		4.3 		23.9
v -30.4 		4.3 		23.9
v -60.4 		3.3 		73.9
v -60.4 		4.3 		73.9
v 80.2 		4.3 		71.8
v -32.5 		4.3 		21.8
v -32.5 		4.3 		21
v -30.4 		4.3 		21
v -30.4 		4.3 		21.8
v -59.6 		-5.7 		81
v -59.6 		-5.7 		81.8
v -60.4 		-5.7 		81
v -60.4 		-5.7 		81.8
v 81.334 		6.246 		71.057
v 81.387 		6.149 		70.082
v -29.6 		4.3 		21
v -49.6 		4.3 		71
v -50.4 		4.3 		71
v -29.6 		4.3 		21.8
v 52.663 		5.9213 		162.6814
v 52.5953 		5.9197 		162.6779
v 52.5843 		5.9198 		162.6781
v 52.571 		5.9201 		162.6788
v -30.4 		3.3 		23.9
v -52.5 		4.3 		71
v -29.6 		3.3 		23.9
v -49.6 		4.3 		71.8
v 52.571 		5.9201 		162.6788
v 52.584 		5.9198 		162.6781
v 52.5949 		5.9197 		162.6779
v 52.6624 		5.9212 		162.6814
v 52.571 		5.917 		162.676
v -50.4 		4.3 		71.8
v -52.5 		4.3 		71.8
v -32.5 		3.3 		21
v -32.5 		3.3 		21.8
v 81.26 		6.29 		70.686
v 81.267 		6.285 		70.314
v -52.5 		3.3 		71
v -52.5 		3.3 		71.8
v 81.214 		6.2962 		69.632
v -29.6 		3.3 		18.9
v -30.4 		3.3 		18.9
v 52.5457 		5.9204 		162.6795
v 52.546 		5.9204 		162.6794
v -30.4 		4.3 		18.9
v -29.6 		4.3 		18.9
v -49.6 		4.3 		68.9
v -50.4 		4.3 		68.9
v -49.6 		3.3 		68.9
v -30.4 		-5.7 		21
v -50.4 		3.3 		68.9
v -30.4 		-5.7 		21.8
v 51.829 		5.922 		162.683
v -50.4 		-5.7 		71
v -29.6 		-5.7 		21
v -49.6 		-5.7 		71
v -29.6 		-5.7 		21.8
v -49.6 		-5.7 		71.8
v -0.4 		3.3 		13.9
v -0.4 		4.3 		13.9
v -50.4 		-5.7 		71.8
v 80.2 		4.3 		71
v -0.4 		4.3 		11.8
v -59.6 		4.3 		71
v -60.4 		4.3 		71
v -2.5 		4.3 		11.8
v -2.5 		3.3 		11.8
v -57.5 		4.3 		71
v -0.4 		4.3 		11
v -0.4 		4.3 		8.9
v -0.4 		3.3 		8.9
v -57.5 		4.3 		71.8
v -59.6 		4.3 		71.8
v -2.5 		3.3 		11
v -2.5 		4.3 		11
v -60.4 		4.3 		71.8
v -57.5 		3.3 		71
v -7.5 		3.3 		11.8
v -7.5 		3.3 		11
v -7.5 		4.3 		11
v 52.571 		6.041 		162.789
v -7.5 		4.3 		11.8
v -57.5 		3.3 		71.8
v 51.829 		6.017 		162.778
v -0.4 		-5.7 		11.8
v -0.4 		-5.7 		11
v -62.5 		3.3 		71
v -62.5 		4.3 		71
v -62.5 		4.3 		71.8
v -62.5 		3.3 		71.8
v -9.6 		3.3 		13.9
v -9.6 		4.3 		13.9
v -10.4 		3.3 		13.9
v 81.367 		5.994 		71.057
v -10.4 		4.3 		13.9
v -59.6 		4.3 		68.9
v -60.4 		4.3 		68.9
v -59.6 		3.3 		68.9
v -60.4 		3.3 		68.9
v -9.6 		4.3 		11.8
v -10.4 		4.3 		11.8
v -60.4 		-5.7 		71
v -9.6 		4.3 		8.9
v -9.6 		4.3 		11
v -10.4 		4.3 		8.9
v -10.4 		4.3 		11
v -59.6 		-5.7 		71
v -59.6 		-5.7 		71.8
v -60.4 		-5.7 		71.8
v -9.6 		3.3 		8.9
v 81.276 		5.917 		70.314
v -69.6 		4.3 		131
v -67.5 		4.3 		131
v -67.5 		3.3 		131
v -10.4 		3.3 		8.9
v -69.6 		3.3 		128.9
v -69.6 		4.3 		128.9
v -12.5 		3.3 		11
v -12.5 		3.3 		11.8
v 49.6 		6.184 		162.781
v 49.6 		6.241 		162.741
v -12.5 		4.3 		11.8
v -12.5 		4.3 		11
v -72.5 		3.3 		131
v -72.5 		4.3 		131
v -70.4 		4.3 		131
v 81.341 		5.959 		70.314
v -9.6 		-5.7 		11.8
v -10.4 		-5.7 		11.8
v 51.086 		6.239 		162.739
v -70.4 		4.3 		128.9
v -70.4 		3.3 		128.9
v -9.6 		-5.7 		11
v -10.4 		-5.7 		11
v -69.6 		4.3 		123.9
v -69.6 		3.3 		123.9
v -70.4 		4.3 		123.9
v -70.4 		3.3 		123.9
v 49.6 		5.986 		162.763
v 49.6 		5.7 		162.4
v 49.6 		5.9 		162.6
v -0.4 		-5.7 		1.2
v -0.4 		4.3 		1.2
v -0.4 		4.3 		3.9
v -0.4 		3.3 		3.9
v 50.343 		6.017 		162.778
v 50.343 		6.117 		162.799
v 50.343 		5.908 		162.652
v -9.6 		4.3 		3.9
v -10.4 		4.3 		3.9
v 51.086 		5.917 		162.676
v -9.6 		6.2 		0.027
v -9.6 		6.241 		0.059
v 77.5 		3.3 		71
v 77.5 		4.3 		71
v 77.5 		4.3 		71.8
v 77.5 		3.3 		71.8
v -9.6 		6.1 		1.2
v -9.6 		5.7 		1.2
v 81.349 		6.224 		68.225
v -9.6 		4.3 		1.2
v -9.6 		5.9 		0.2
v -9.6 		5.986 		0.037
v -9.6 		6.048 		0.008
v -9.6 		5.7 		0.4
v 81.264 		6.288 		69.014
v 49.6 		4.3 		161.6
v -10.9 		6.277 		0.115
v 50.4 		4.3 		161.6
v 81.2272 		6.2925 		67.584
v 49.6 		6.1 		161.6
v 49.6 		5.7 		161.6
v -10.4 		4.3 		1.2
v 49.6 		4.3 		158.9
v 49.6 		3.3 		158.9
v -11.829 		5.922 		0.117
v 50.4 		3.3 		158.9
v 50.4 		4.3 		158.9
v -10.343 		5.937 		0.086
v 49.6 		-5.7 		161.6
v 50.4 		-5.7 		161.6
v 81.381 		6.016 		69.571
v 81.363 		5.986 		68.829
v 81.276 		5.917 		68.829
v 81.252 		5.908 		69.571
v -9.6 		3.3 		3.9
v 81.325 		5.945 		69.2
v -10.4 		3.3 		3.9
v 81.398 		6.117 		68.829
v -12.571 		6.041 		0.011
v -13.314 		6.074 		0.004
v 81.398 		6.083 		68.086
v -14.057 		6.083 		0.005
v -14.057 		5.961 		0.061
v -12.571 		5.959 		0.059
v 81.373 		6.2 		67.343
v 81.341 		6.241 		67.343
v -13.314 		5.922 		0.117
v 81.2327 		6.291 		66.7268
v -16.286 		6.083 		0.002
v -15.914 		6.016 		0.021
v 81.393 		6.068 		65.95
v -16.286 		5.917 		0.124
v -14.8 		5.911 		0.141
v 80.2 		-5.7 		71
v -9.6 		-5.7 		1.2
v 80.2 		-5.7 		71.8
v -10.4 		-5.7 		1.2
v 70.4 		4.3 		71
v -20.4 		3.3 		13.9
v 72.5 		4.3 		71
v 72.5 		3.3 		71
v -19.6 		3.3 		13.9
v 72.5 		3.3 		71.8
v 72.5 		4.3 		71.8
v 70.4 		4.3 		71.8
v -19.6 		4.3 		13.9
v -20.4 		4.3 		13.9
v -20.4 		4.3 		8.9
v -19.6 		4.3 		8.9
v -17.5 		4.3 		11
v -17.5 		4.3 		11.8
v 69.6 		4.3 		71
v -20.4 		4.3 		11
v 67.5 		4.3 		71
v -20.4 		4.3 		11.8
v 67.5 		3.3 		71
v 69.6 		4.3 		71.8
v 67.5 		4.3 		71.8
v 67.5 		3.3 		71.8
v -19.6 		4.3 		11
v -19.6 		4.3 		11.8
v 70.4 		3.3 		68.9
v 69.6 		3.3 		68.9
v -19.6 		3.3 		8.9
v -20.4 		3.3 		8.9
v 69.6 		4.3 		68.9
v 70.4 		4.3 		68.9
v -17.5 		3.3 		11.8
v 70.4 		-5.7 		71
v -17.5 		3.3 		11
v 69.6 		-5.7 		71
v 69.6 		-5.7 		71.8
v 70.4 		-5.7 		71.8
v 62.5 		4.3 		131
v 62.5 		3.3 		131
v -22.5 		3.3 		11
v -22.5 		3.3 		11.8
v -22.5 		4.3 		11.8
v -22.5 		4.3 		11
v 57.5 		3.3 		131
v 57.5 		4.3 		131
v 59.6 		4.3 		131
v -20.4 		-5.7 		11
v 59.6 		4.3 		128.9
v 59.6 		3.3 		128.9
v -20.4 		-5.7 		11.8
v 60.4 		4.3 		131
v 60.4 		3.3 		128.9
v 60.4 		4.3 		128.9
v -19.6 		-5.7 		11
v -19.6 		-5.7 		11.8
v 59.6 		3.3 		123.9
v 59.6 		4.3 		123.9
v 60.4 		4.3 		123.9
v -30.4 		3.3 		13.9
v -29.6 		3.3 		13.9
v 60.4 		3.3 		123.9
v -29.6 		4.3 		13.9
v -30.4 		4.3 		13.9
v 59.6 		-5.7 		131
v 60.4 		-5.7 		131
v -27.5 		3.3 		11
v -27.5 		3.3 		11.8
v -27.5 		4.3 		11.8
v -27.5 		4.3 		11
v 49.6 		4.3 		131
v 49.6 		4.3 		128.9
v 49.6 		3.3 		128.9
v -32.5 		4.3 		11.8
v -32.5 		4.3 		11
v 50.4 		4.3 		131
v 52.5 		4.3 		131
v 52.5 		3.3 		131
v -30.4 		4.3 		8.9
v -29.6 		4.3 		8.9
v -30.4 		4.3 		11
v -29.6 		4.3 		11
v 50.4 		3.3 		128.9
v 50.4 		4.3 		128.9
v -30.4 		4.3 		11.8
v -29.6 		4.3 		11.8
v 49.6 		3.3 		123.9
v 49.6 		4.3 		123.9
v 50.4 		4.3 		123.9
v 50.4 		3.3 		123.9
v -32.5 		3.3 		11
v -32.5 		3.3 		11.8
v 49.6 		-5.7 		131
v 50.4 		-5.7 		131
v 62.5 		4.3 		121
v 62.5 		3.3 		121
v 62.5 		4.3 		121.8
v -29.6 		3.3 		8.9
v -30.4 		3.3 		8.9
v 62.5 		3.3 		121.8
v 57.5 		4.3 		121
v 59.6 		4.3 		121
v -30.4 		-5.7 		11
v 57.5 		4.3 		121.8
v 59.6 		4.3 		121.8
v -29.6 		-5.7 		11
v 59.6 		4.3 		118.9
v 60.4 		4.3 		121
v -30.4 		-5.7 		11.8
v 60.4 		4.3 		121.8
v -29.6 		-5.7 		11.8
v 60.4 		4.3 		118.9
v 57.5 		3.3 		121
v -20.4 		4.3 		3.9
v -19.6 		4.3 		3.9
v 57.5 		3.3 		121.8
v -17.029 		6.191 		0.024
v -18.143 		6.288 		0.136
v 59.6 		3.3 		118.9
v 60.4 		3.3 		118.9
v -16.657 		6.282 		0.127
v 59.6 		-5.7 		121
v 59.6 		-5.7 		121.8
v 60.4 		-5.7 		121
v 60.4 		-5.7 		121.8
v -17.029 		5.977 		0.054
v 49.6 		4.3 		121
v 49.6 		4.3 		121.8
v 49.6 		4.3 		118.9
v 50.4 		4.3 		121
v 52.5 		4.3 		121
v 50.4 		4.3 		121.8
v 52.5 		4.3 		121.8
v 50.4 		4.3 		118.9
v 52.5 		3.3 		121
v 52.5 		3.3 		121.8
v 49.6 		3.3 		118.9
v 50.4 		3.3 		118.9
v 49.6 		-5.7 		121
v 49.6 		-5.7 		121.8
v 50.4 		-5.7 		121
v 50.4 		-5.7 		121.8
# 7157 vertices

g group_0_11909273

usemtl color_11909273
s 0

f 3 	4 	2
f 4 	7 	5
f 6 	14 	5
f 4 	5 	2
f 6 	5 	8
f 24 	8 	5
f 24 	5 	10
f 7 	10 	5
f 4 	3 	10
f 4 	10 	7
f 11 	12 	13
f 11 	13 	20
f 14 	15 	12
f 14 	12 	11
f 14 	16 	15
f 13 	12 	15
f 13 	15 	16
f 18 	19 	14
f 6 	18 	14
f 19 	18 	8
f 6 	8 	18
f 6452 	19 	8
f 2 	148 	21
f 20 	13 	85
f 53 	85 	13
f 2 	21 	3
f 14 	23 	16
f 14 	19 	23
f 26 	42 	25
f 26 	25 	28
f 26 	28 	27
f 36 	52 	5212
f 34 	33 	35
f 34 	35 	36
f 5212 	34 	36
f 45 	40 	37
f 34 	39 	33
f 37 	40 	41
f 37 	41 	42
f 40 	45 	41
f 39 	43 	35
f 39 	35 	33
f 43 	42 	27
f 39 	37 	43
f 37 	42 	43
f 26 	27 	42
f 37 	48 	45
f 29 	474 	44
f 39 	34 	49
f 41 	46 	42
f 41 	45 	46
f 42 	51 	25
f 52 	36 	43
f 35 	43 	36
f 27 	28 	43
f 52 	43 	28
f 81 	45 	48
f 42 	46 	51
f 77 	51 	46
f 6477 	51 	6495
f 6477 	25 	51
f 89 	23 	51
f 54 	66 	53
f 23 	89 	16
f 474 	29 	32
f 54 	53 	56
f 54 	56 	55
f 13 	16 	53
f 56 	53 	16
f 72 	77 	45
f 46 	45 	77
f 62 	7086 	61
f 60 	64 	72
f 224 	66 	221
f 59 	221 	66
f 128 	7086 	373
f 65 	374 	63
f 60 	67 	68
f 60 	68 	64
f 375 	373 	61
f 62 	61 	373
f 54 	55 	67
f 60 	59 	67
f 59 	66 	67
f 54 	67 	66
f 375 	61 	374
f 63 	374 	61
f 68 	72 	64
f 71 	69 	70
f 55 	56 	67
f 90 	69 	71
f 385 	70 	69
f 81 	127 	60
f 71 	73 	74
f 60 	72 	81
f 72 	45 	81
f 90 	71 	74
f 61 	91 	63
f 68 	67 	77
f 78 	79 	76
f 76 	91 	78
f 72 	68 	77
f 73 	79 	78
f 73 	78 	74
f 76 	71 	384
f 79 	73 	76
f 73 	71 	76
f 70 	384 	71
f 78 	82 	74
f 83 	192 	82
f 794 	87 	88
f 66 	85 	53
f 86 	78 	249
f 88 	87 	7129
f 67 	89 	77
f 51 	77 	89
f 83 	82 	86
f 83 	86 	84
f 67 	56 	89
f 56 	16 	89
f 86 	82 	78
f 7017 	6982 	446
f 90 	74 	242
f 242 	74 	82
f 76 	63 	91
f 249 	78 	91
f 93 	37 	92
f 39 	95 	92
f 39 	92 	37
f 97 	200 	96
f 95 	39 	98
f 49 	98 	39
f 100 	7142 	99
f 93 	92 	95
f 93 	95 	98
f 117 	93 	98
f 99 	7154 	97
f 7154 	248 	97
f 102 	116 	101
f 102 	101 	7055
f 416 	9 	415
f 97 	96 	103
f 97 	103 	105
f 107 	109 	108
f 100 	99 	106
f 100 	106 	104
f 94 	9 	416
f 106 	99 	97
f 106 	97 	105
f 108 	109 	120
f 111 	112 	108
f 108 	120 	111
f 48 	93 	120
f 113 	6317 	115
f 112 	114 	116
f 112 	116 	108
f 114 	117 	116
f 119 	393 	75
f 117 	98 	121
f 119 	94 	393
f 112 	111 	117
f 112 	117 	114
f 93 	117 	111
f 5689 	101 	121
f 94 	119 	17
f 108 	116 	7067
f 7067 	116 	102
f 111 	120 	93
f 37 	93 	48
f 116 	117 	121
f 49 	121 	98
f 116 	121 	101
f 7136 	119 	7133
f 30 	31 	58
f 30 	58 	123
f 110 	118 	122
f 113 	6323 	6315
f 22 	17 	119
f 80 	59 	125
f 124 	125 	59
f 113 	6233 	6323
f 126 	124 	60
f 59 	60 	124
f 126 	60 	127
f 6233 	113 	115
f 125 	124 	126
f 125 	126 	127
f 113 	427 	115
f 137 	125 	127
f 110 	113 	118
f 131 	132 	128
f 128 	138 	131
f 7129 	130 	129
f 132 	135 	134
f 133 	7091 	134
f 7091 	128 	134
f 132 	134 	128
f 133 	134 	136
f 139 	136 	134
f 7129 	87 	130
f 139 	120 	136
f 109 	136 	120
f 139 	134 	137
f 135 	137 	134
f 81 	139 	127
f 132 	131 	137
f 132 	137 	135
f 137 	131 	125
f 131 	138 	125
f 80 	125 	138
f 137 	127 	139
f 120 	139 	81
f 120 	81 	48
f 142 	143 	11
f 142 	11 	20
f 145 	142 	213
f 213 	142 	20
f 11 	143 	2
f 146 	2 	143
f 146 	148 	2
f 141 	149 	6353
f 147 	179 	150
f 148 	150 	214
f 214 	21 	148
f 143 	142 	148
f 143 	148 	146
f 145 	144 	147
f 145 	147 	150
f 151 	141 	140
f 148 	142 	145
f 148 	145 	150
f 151 	149 	141
f 153 	154 	155
f 152 	149 	151
f 158 	156 	157
f 164 	156 	158
f 154 	157 	156
f 154 	156 	155
f 153 	158 	157
f 153 	157 	154
f 161 	449 	153
f 6981 	6976 	158
f 158 	153 	6981
f 153 	155 	161
f 162 	165 	163
f 149 	152 	118
f 158 	6976 	164
f 166 	167 	162
f 167 	5881 	216
f 168 	170 	169
f 162 	171 	172
f 162 	172 	166
f 171 	162 	188
f 163 	188 	162
f 202 	170 	168
f 171 	173 	172
f 171 	222 	173
f 174 	175 	169
f 167 	166 	172
f 167 	172 	173
f 169 	210 	174
f 174 	210 	155
f 175 	178 	179
f 175 	179 	169
f 147 	144 	179
f 144 	194 	179
f 169 	179 	187
f 178 	181 	179
f 180 	182 	171
f 156 	164 	214
f 179 	181 	214
f 175 	174 	181
f 175 	181 	178
f 180 	208 	182
f 155 	156 	174
f 181 	174 	156
f 7155 	249 	91
f 214 	150 	179
f 188 	184 	186
f 187 	189 	190
f 183 	191 	192
f 183 	192 	185
f 215 	184 	188
f 187 	190 	207
f 186 	193 	195
f 186 	195 	188
f 194 	196 	189
f 194 	189 	187
f 193 	197 	195
f 196 	194 	198
f 213 	198 	194
f 282 	331 	197
f 195 	197 	217
f 190 	189 	196
f 190 	196 	198
f 186 	184 	197
f 186 	197 	193
f 198 	233 	190
f 201 	202 	187
f 203 	204 	188
f 145 	213 	194
f 145 	194 	144
f 96 	200 	103
f 205 	103 	200
f 187 	207 	201
f 249 	105 	205
f 215 	188 	204
f 187 	179 	194
f 202 	169 	187
f 168 	169 	202
f 84 	86 	205
f 163 	203 	188
f 195 	171 	188
f 171 	195 	180
f 209 	180 	195
f 202 	201 	170
f 204 	203 	165
f 163 	165 	203
f 170 	201 	999
f 165 	5506 	204
f 83 	84 	205
f 200 	185 	205
f 206 	199 	200
f 199 	185 	200
f 185 	192 	205
f 83 	205 	192
f 217 	208 	195
f 170 	999 	210
f 170 	210 	169
f 183 	185 	211
f 209 	195 	208
f 233 	275 	190
f 161 	155 	210
f 191 	212 	192
f 209 	208 	180
f 181 	156 	214
f 191 	183 	211
f 191 	211 	212
f 162 	216 	165
f 5524 	165 	216
f 199 	225 	185
f 1048 	161 	210
f 162 	167 	216
f 85 	277 	20
f 21 	214 	164
f 218 	219 	244
f 217 	649 	632
f 80 	220 	59
f 221 	59 	220
f 160 	5884 	222
f 103 	205 	105
f 171 	182 	222
f 220 	80 	219
f 228 	206 	200
f 249 	205 	86
f 159 	5524 	216
f 66 	224 	227
f 226 	277 	227
f 66 	227 	85
f 277 	85 	227
f 5510 	272 	230
f 219 	218 	223
f 219 	223 	226
f 228 	225 	206
f 199 	206 	225
f 221 	220 	227
f 221 	227 	224
f 227 	220 	219
f 227 	219 	226
f 228 	599 	225
f 395 	80 	138
f 239 	766 	751
f 185 	239 	211
f 230 	229 	231
f 230 	231 	232
f 5515 	5510 	232
f 230 	232 	5510
f 212 	211 	751
f 234 	251 	233
f 235 	337 	237
f 601 	228 	248
f 200 	248 	228
f 213 	277 	198
f 601 	599 	228
f 234 	233 	238
f 234 	238 	236
f 211 	239 	751
f 238 	233 	198
f 212 	752 	242
f 192 	212 	242
f 4962 	235 	241
f 185 	225 	239
f 239 	225 	599
f 230 	241 	229
f 192 	242 	82
f 240 	246 	247
f 240 	247 	237
f 258 	245 	243
f 7155 	106 	249
f 235 	237 	247
f 231 	229 	247
f 229 	241 	247
f 235 	247 	241
f 248 	622 	601
f 243 	245 	250
f 243 	250 	251
f 245 	258 	250
f 251 	234 	252
f 236 	252 	234
f 223 	218 	252
f 218 	244 	252
f 251 	252 	244
f 251 	244 	243
f 235 	4962 	4963
f 237 	255 	240
f 5217 	5232 	5215
f 254 	5215 	311
f 237 	268 	255
f 273 	381 	244
f 241 	230 	272
f 243 	271 	258
f 274 	247 	259
f 246 	259 	247
f 254 	253 	256
f 254 	256 	257
f 244 	219 	273
f 254 	257 	5215
f 5222 	5215 	257
f 250 	260 	251
f 246 	240 	255
f 246 	255 	259
f 259 	255 	305
f 251 	260 	275
f 261 	263 	264
f 261 	264 	262
f 250 	258 	260
f 5515 	232 	274
f 231 	247 	232
f 274 	232 	247
f 255 	268 	305
f 275 	233 	251
f 236 	238 	252
f 277 	252 	238
f 223 	252 	226
f 226 	252 	277
f 254 	267 	253
f 1345 	260 	258
f 265 	269 	270
f 265 	270 	264
f 256 	253 	270
f 253 	267 	270
f 264 	270 	267
f 264 	267 	262
f 273 	219 	80
f 260 	1345 	275
f 261 	262 	276
f 207 	190 	275
f 306 	276 	262
f 238 	198 	277
f 215 	5522 	274
f 263 	278 	264
f 280 	184 	329
f 215 	329 	184
f 263 	261 	276
f 263 	276 	278
f 280 	279 	281
f 280 	281 	282
f 283 	123 	284
f 58 	284 	123
f 285 	265 	264
f 280 	282 	197
f 280 	197 	184
f 284 	287 	288
f 284 	288 	283
f 311 	302 	267
f 286 	359 	289
f 290 	291 	292
f 267 	254 	311
f 290 	292 	308
f 286 	293 	305
f 269 	294 	270
f 270 	294 	312
f 290 	6268 	291
f 295 	296 	293
f 295 	293 	286
f 285 	294 	265
f 269 	265 	294
f 308 	283 	290
f 288 	290 	283
f 296 	305 	293
f 270 	312 	257
f 256 	270 	257
f 280 	295 	279
f 300 	262 	298
f 286 	289 	299
f 281 	279 	299
f 279 	295 	299
f 286 	299 	295
f 297 	284 	310
f 287 	284 	297
f 262 	300 	306
f 298 	262 	301
f 267 	301 	262
f 288 	287 	297
f 288 	297 	290
f 301 	267 	302
f 304 	297 	303
f 310 	303 	297
f 300 	298 	301
f 300 	301 	302
f 328 	289 	360
f 359 	360 	289
f 6290 	297 	304
f 305 	326 	286
f 264 	278 	307
f 289 	328 	315
f 296 	295 	309
f 295 	329 	309
f 259 	309 	274
f 305 	296 	309
f 310 	284 	58
f 259 	305 	309
f 313 	314 	6280
f 299 	331 	282
f 282 	281 	299
f 316 	289 	315
f 313 	317 	318
f 313 	318 	314
f 328 	1935 	315
f 299 	289 	319
f 316 	319 	289
f 482 	276 	306
f 320 	299 	319
f 316 	315 	320
f 316 	320 	319
f 324 	323 	327
f 324 	327 	325
f 326 	305 	268
f 1922 	315 	1935
f 274 	309 	329
f 330 	322 	321
f 330 	321 	325
f 295 	280 	329
f 299 	320 	331
f 1937 	331 	320
f 313 	330 	317
f 217 	197 	331
f 330 	332 	318
f 330 	318 	317
f 382 	268 	354
f 325 	327 	332
f 325 	332 	330
f 328 	383 	1935
f 365 	314 	332
f 274 	329 	215
f 1937 	217 	331
f 335 	235 	334
f 335 	337 	235
f 322 	333 	336
f 322 	336 	321
f 237 	337 	338
f 349 	354 	338
f 268 	237 	338
f 335 	334 	338
f 335 	338 	337
f 334 	349 	338
f 324 	339 	340
f 324 	340 	323
f 324 	325 	339
f 342 	343 	341
f 327 	323 	340
f 341 	343 	353
f 343 	334 	353
f 235 	266 	334
f 321 	336 	325
f 344 	345 	3983
f 327 	358 	348
f 341 	3977 	345
f 346 	342 	345
f 342 	341 	345
f 322 	330 	333
f 344 	347 	345
f 318 	332 	314
f 351 	350 	332
f 345 	349 	346
f 343 	342 	346
f 343 	346 	349
f 343 	349 	334
f 350 	351 	352
f 350 	352 	348
f 352 	327 	348
f 353 	334 	266
f 351 	332 	327
f 351 	327 	352
f 345 	354 	349
f 268 	338 	354
f 365 	332 	350
f 356 	357 	286
f 286 	326 	356
f 326 	382 	356
f 368 	356 	382
f 327 	340 	358
f 357 	359 	286
f 336 	355 	325
f 369 	383 	372
f 357 	356 	360
f 357 	360 	359
f 360 	356 	372
f 368 	372 	356
f 361 	333 	330
f 330 	313 	361
f 313 	6279 	361
f 363 	364 	362
f 365 	468 	6332
f 363 	382 	364
f 345 	347 	354
f 382 	354 	347
f 350 	430 	365
f 367 	368 	363
f 207 	275 	1358
f 363 	368 	382
f 213 	20 	277
f 369 	370 	367
f 369 	367 	363
f 369 	372 	370
f 368 	367 	370
f 368 	370 	372
f 373 	375 	128
f 371 	390 	374
f 374 	395 	375
f 128 	375 	138
f 395 	138 	375
f 374 	65 	371
f 369 	363 	4001
f 362 	4001 	363
f 369 	376 	377
f 2677 	383 	377
f 379 	243 	378
f 122 	177 	110
f 388 	394 	379
f 376 	4010 	377
f 380 	378 	244
f 243 	244 	378
f 122 	118 	177
f 364 	382 	347
f 380 	244 	381
f 381 	273 	395
f 379 	378 	380
f 379 	380 	381
f 372 	383 	360
f 328 	360 	383
f 384 	385 	386
f 369 	377 	383
f 326 	268 	382
f 385 	69 	386
f 70 	385 	384
f 388 	389 	384
f 384 	394 	388
f 75 	393 	404
f 390 	371 	65
f 390 	391 	392
f 390 	392 	395
f 391 	389 	388
f 391 	388 	392
f 384 	390 	76
f 389 	391 	384
f 391 	390 	384
f 65 	76 	390
f 379 	381 	388
f 392 	388 	381
f 384 	386 	394
f 271 	379 	394
f 243 	379 	271
f 374 	390 	395
f 392 	381 	395
f 273 	80 	395
f 416 	393 	94
f 452 	6981 	153
f 409 	6981 	452
f 410 	408 	396
f 398 	458 	402
f 404 	399 	403
f 406 	152 	151
f 400 	403 	399
f 398 	402 	407
f 396 	398 	407
f 406 	151 	140
f 412 	408 	411
f 410 	411 	408
f 451 	397 	409
f 452 	451 	409
f 398 	396 	408
f 406 	118 	152
f 177 	118 	406
f 406 	413 	177
f 393 	431 	404
f 414 	9 	466
f 387 	1334 	401
f 401 	417 	387
f 418 	387 	417
f 9 	414 	415
f 412 	420 	408
f 421 	1050 	1094
f 420 	410 	422
f 417 	419 	421
f 417 	421 	418
f 396 	422 	410
f 1041 	1092 	419
f 1041 	419 	401
f 417 	401 	419
f 429 	416 	415
f 407 	422 	396
f 387 	418 	421
f 1094 	1047 	421
f 411 	420 	412
f 420 	411 	410
f 423 	425 	426
f 423 	426 	366
f 439 	426 	425
f 430 	350 	428
f 348 	428 	350
f 467 	428 	348
f 432 	430 	428
f 432 	428 	433
f 429 	400 	399
f 427 	177 	176
f 427 	110 	177
f 427 	113 	110
f 393 	416 	431
f 428 	438 	433
f 416 	429 	431
f 439 	432 	433
f 439 	433 	438
f 432 	439 	430
f 447 	400 	429
f 427 	176 	486
f 404 	431 	429
f 435 	434 	440
f 435 	440 	438
f 443 	426 	439
f 439 	438 	443
f 438 	440 	443
f 436 	443 	440
f 436 	440 	437
f 429 	399 	404
f 422 	444 	420
f 408 	420 	648
f 794 	795 	87
f 7063 	130 	445
f 87 	445 	130
f 407 	402 	422
f 552 	422 	402
f 444 	422 	566
f 429 	703 	447
f 452 	153 	449
f 449 	448 	452
f 448 	1217 	452
f 398 	408 	397
f 408 	409 	397
f 448 	453 	454
f 456 	449 	455
f 453 	456 	455
f 453 	455 	454
f 456 	453 	449
f 448 	449 	453
f 1002 	454 	455
f 398 	1109 	1067
f 459 	460 	457
f 459 	458 	460
f 460 	458 	457
f 458 	457 	552
f 460 	613 	457
f 402 	458 	552
f 457 	458 	398
f 457 	398 	593
f 460 	457 	593
f 450 	403 	400
f 435 	461 	462
f 435 	462 	434
f 437 	464 	465
f 437 	465 	436
f 428 	467 	438
f 450 	400 	447
f 438 	467 	461
f 438 	461 	435
f 425 	423 	439
f 440 	434 	462
f 440 	676 	464
f 440 	464 	437
f 366 	426 	443
f 678 	366 	443
f 436 	465 	443
f 678 	443 	465
f 804 	467 	358
f 348 	358 	467
f 498 	442 	441
f 278 	276 	482
f 470 	472 	482
f 475 	476 	477
f 475 	477 	473
f 44 	474 	478
f 480 	472 	477
f 472 	470 	477
f 473 	477 	470
f 473 	470 	469
f 478 	47 	44
f 478 	57 	47
f 480 	482 	472
f 474 	481 	478
f 405 	441 	479
f 306 	492 	482
f 441 	442 	507
f 475 	473 	483
f 441 	406 	140
f 507 	479 	441
f 478 	481 	57
f 476 	484 	477
f 477 	484 	495
f 476 	475 	483
f 476 	483 	484
f 405 	406 	441
f 485 	480 	477
f 477 	495 	485
f 482 	480 	485
f 278 	482 	485
f 469 	487 	488
f 177 	486 	176
f 470 	489 	487
f 470 	487 	469
f 486 	405 	479
f 489 	470 	490
f 406 	405 	486
f 486 	413 	406
f 488 	487 	489
f 488 	489 	490
f 486 	479 	507
f 469 	488 	491
f 177 	413 	486
f 470 	492 	490
f 540 	486 	507
f 424 	493 	474
f 470 	482 	492
f 473 	494 	483
f 278 	485 	307
f 495 	307 	485
f 474 	493 	531
f 32 	424 	474
f 441 	442 	497
f 496 	497 	442
f 497 	498 	441
f 500 	515 	499
f 496 	498 	497
f 534 	502 	311
f 498 	497 	984
f 500 	499 	502
f 500 	502 	501
f 300 	302 	499
f 502 	499 	302
f 504 	5985 	528
f 442 	498 	496
f 441 	471 	442
f 506 	6065 	5993
f 498 	471 	529
f 496 	471 	498
f 496 	442 	471
f 504 	503 	505
f 504 	505 	506
f 5993 	5985 	504
f 5993 	504 	506
f 510 	511 	509
f 510 	509 	508
f 507 	442 	496
f 504 	510 	503
f 496 	498 	507
f 498 	984 	507
f 508 	513 	514
f 508 	514 	515
f 497 	527 	984
f 507 	984 	540
f 516 	515 	501
f 500 	501 	515
f 505 	503 	516
f 503 	510 	516
f 515 	516 	510
f 515 	510 	508
f 501 	502 	516
f 534 	506 	516
f 528 	523 	510
f 508 	526 	519
f 508 	519 	513
f 510 	504 	528
f 532 	515 	520
f 514 	520 	515
f 512 	517 	518
f 514 	513 	519
f 514 	519 	520
f 532 	499 	515
f 521 	427 	486
f 534 	516 	502
f 302 	311 	502
f 521 	1110 	427
f 505 	516 	506
f 509 	522 	508
f 521 	1129 	1110
f 511 	510 	523
f 523 	522 	511
f 509 	511 	522
f 508 	522 	526
f 530 	527 	529
f 527 	525 	529
f 524 	529 	525
f 524 	1020 	533
f 520 	556 	532
f 527 	525 	533
f 525 	524 	533
f 300 	499 	306
f 306 	499 	532
f 497 	498 	525
f 524 	525 	498
f 506 	534 	6065
f 527 	497 	525
f 518 	517 	531
f 493 	518 	531
f 311 	5232 	534
f 536 	548 	535
f 548 	565 	535
f 536 	537 	549
f 564 	47 	57
f 529 	524 	530
f 537 	538 	549
f 490 	492 	538
f 529 	471 	530
f 536 	535 	538
f 536 	538 	537
f 524 	498 	529
f 538 	535 	488
f 538 	488 	490
f 520 	519 	553
f 529 	530 	1020
f 544 	545 	542
f 544 	542 	541
f 540 	521 	486
f 540 	543 	521
f 481 	546 	539
f 544 	547 	553
f 541 	634 	548
f 544 	549 	550
f 544 	550 	547
f 474 	546 	481
f 544 	541 	549
f 541 	548 	549
f 536 	549 	548
f 474 	531 	546
f 529 	1020 	524
f 550 	553 	547
f 542 	558 	541
f 592 	595 	551
f 519 	526 	553
f 551 	595 	5817
f 555 	551 	554
f 604 	554 	551
f 550 	549 	556
f 604 	655 	554
f 602 	555 	554
f 549 	567 	556
f 602 	551 	555
f 553 	550 	556
f 520 	553 	556
f 492 	567 	538
f 561 	541 	558
f 545 	544 	559
f 559 	558 	545
f 542 	545 	558
f 512 	560 	517
f 560 	512 	557
f 558 	1767 	561
f 544 	562 	559
f 544 	553 	562
f 526 	562 	553
f 548 	638 	565
f 488 	535 	491
f 491 	535 	565
f 532 	556 	567
f 549 	538 	567
f 491 	565 	680
f 532 	567 	492
f 532 	492 	306
f 469 	491 	571
f 572 	469 	571
f 648 	566 	568
f 531 	573 	583
f 571 	491 	570
f 491 	616 	570
f 531 	517 	573
f 517 	560 	573
f 572 	576 	473
f 572 	473 	469
f 564 	557 	563
f 560 	557 	564
f 583 	573 	564
f 560 	564 	573
f 576 	578 	473
f 574 	648 	568
f 577 	494 	578
f 494 	473 	578
f 570 	569 	575
f 570 	575 	577
f 552 	580 	422
f 572 	571 	578
f 572 	578 	576
f 578 	571 	570
f 578 	570 	577
f 563 	579 	564
f 564 	481 	539
f 57 	481 	564
f 546 	583 	584
f 583 	564 	584
f 568 	566 	422
f 564 	546 	584
f 570 	582 	569
f 531 	583 	546
f 568 	422 	580
f 581 	585 	586
f 581 	586 	587
f 568 	580 	663
f 663 	574 	568
f 546 	564 	539
f 582 	589 	575
f 582 	575 	569
f 588 	590 	589
f 582 	581 	589
f 581 	587 	589
f 588 	589 	587
f 590 	601 	589
f 588 	601 	590
f 595 	579 	597
f 398 	1160 	591
f 551 	602 	592
f 581 	594 	585
f 398 	1056 	593
f 596 	457 	458
f 581 	615 	594
f 660 	595 	592
f 596 	459 	457
f 458 	459 	596
f 586 	598 	587
f 563 	597 	579
f 459 	596 	613
f 459 	613 	460
f 587 	598 	619
f 594 	598 	585
f 586 	585 	598
f 579 	595 	660
f 460 	593 	459
f 588 	587 	599
f 619 	599 	587
f 575 	589 	577
f 589 	622 	577
f 592 	602 	603
f 601 	588 	599
f 554 	603 	602
f 1067 	1054 	398
f 618 	603 	554
f 1056 	600 	593
f 1046 	598 	594
f 592 	603 	605
f 657 	605 	603
f 600 	596 	593
f 459 	593 	596
f 160 	655 	604
f 581 	606 	607
f 604 	551 	160
f 582 	608 	606
f 582 	606 	581
f 608 	582 	609
f 607 	606 	608
f 607 	608 	609
f 611 	655 	614
f 611 	614 	612
f 655 	222 	614
f 581 	607 	615
f 208 	632 	182
f 680 	609 	616
f 655 	611 	618
f 617 	618 	611
f 552 	457 	613
f 615 	1163 	1046
f 554 	655 	618
f 582 	570 	616
f 613 	596 	610
f 617 	625 	618
f 239 	599 	619
f 596 	600 	610
f 494 	577 	622
f 623 	617 	621
f 617 	611 	621
f 589 	601 	622
f 620 	624 	621
f 621 	624 	657
f 491 	680 	616
f 620 	644 	624
f 494 	622 	248
f 621 	625 	623
f 621 	657 	625
f 625 	617 	623
f 398 	591 	1109
f 561 	628 	541
f 629 	541 	628
f 625 	603 	618
f 613 	580 	552
f 630 	631 	632
f 561 	677 	627
f 628 	561 	627
f 208 	217 	632
f 612 	631 	630
f 629 	634 	541
f 632 	631 	614
f 612 	614 	631
f 614 	182 	632
f 636 	637 	630
f 548 	634 	638
f 638 	635 	680
f 639 	640 	637
f 612 	630 	611
f 637 	640 	630
f 627 	626 	633
f 627 	633 	635
f 1104 	610 	600
f 637 	636 	639
f 629 	628 	638
f 629 	638 	634
f 638 	628 	627
f 638 	627 	635
f 611 	630 	640
f 639 	641 	640
f 639 	636 	641
f 643 	659 	642
f 644 	645 	640
f 640 	652 	644
f 611 	640 	621
f 620 	621 	640
f 645 	620 	640
f 609 	680 	647
f 645 	644 	620
f 643 	642 	647
f 643 	647 	646
f 444 	566 	648
f 647 	642 	607
f 647 	607 	609
f 1937 	636 	649
f 640 	641 	652
f 648 	420 	444
f 630 	632 	649
f 653 	654 	651
f 653 	651 	650
f 652 	1912 	817
f 182 	614 	222
f 625 	657 	603
f 650 	656 	658
f 650 	658 	659
f 1937 	649 	217
f 655 	160 	222
f 626 	653 	633
f 661 	633 	653
f 653 	650 	661
f 650 	659 	661
f 646 	661 	659
f 646 	659 	643
f 680 	635 	661
f 657 	1914 	605
f 680 	661 	647
f 646 	647 	661
f 660 	592 	662
f 605 	662 	592
f 50 	579 	664
f 674 	654 	653
f 696 	664 	660
f 579 	660 	664
f 50 	664 	696
f 650 	675 	665
f 650 	665 	656
f 648 	663 	1082
f 1914 	657 	666
f 626 	627 	653
f 679 	659 	668
f 658 	668 	659
f 1082 	669 	648
f 644 	666 	624
f 408 	648 	669
f 658 	656 	665
f 658 	665 	668
f 679 	642 	659
f 633 	661 	635
f 671 	700 	670
f 651 	673 	650
f 648 	574 	663
f 674 	673 	654
f 651 	654 	673
f 439 	468 	430
f 365 	430 	468
f 439 	423 	468
f 650 	673 	675
f 440 	462 	676
f 2098 	670 	814
f 1671 	464 	676
f 653 	627 	677
f 668 	1214 	679
f 465 	1668 	678
f 607 	642 	615
f 615 	642 	679
f 754 	340 	753
f 339 	753 	340
f 680 	565 	638
f 325 	355 	339
f 582 	616 	609
f 660 	684 	696
f 1231 	615 	679
f 695 	696 	672
f 670 	695 	672
f 683 	686 	687
f 711 	683 	687
f 688 	690 	692
f 69 	90 	692
f 90 	712 	692
f 688 	692 	712
f 722 	733 	726
f 684 	685 	696
f 386 	69 	692
f 691 	697 	693
f 698 	699 	688
f 701 	670 	700
f 685 	672 	696
f 688 	712 	698
f 695 	670 	701
f 686 	699 	698
f 686 	698 	687
f 699 	686 	688
f 686 	683 	688
f 1415 	688 	683
f 704 	683 	702
f 711 	702 	683
f 757 	703 	466
f 697 	691 	689
f 466 	703 	414
f 707 	741 	706
f 712 	767 	698
f 709 	698 	767
f 710 	697 	705
f 708 	707 	706
f 708 	706 	709
f 687 	698 	706
f 709 	706 	698
f 706 	764 	687
f 765 	762 	697
f 703 	429 	415
f 765 	697 	710
f 415 	414 	703
f 765 	705 	788
f 242 	767 	90
f 702 	711 	714
f 714 	1429 	702
f 718 	716 	717
f 735 	716 	718
f 450 	447 	715
f 1441 	717 	716
f 705 	765 	710
f 1441 	718 	717
f 447 	703 	715
f 718 	719 	720
f 735 	718 	720
f 713 	714 	721
f 724 	725 	721
f 719 	725 	724
f 719 	724 	720
f 2398 	779 	794
f 725 	719 	721
f 719 	718 	721
f 723 	722 	727
f 729 	776 	728
f 681 	682 	727
f 723 	727 	682
f 738 	944 	724
f 721 	738 	724
f 731 	729 	728
f 731 	728 	732
f 720 	724 	728
f 732 	728 	724
f 720 	940 	735
f 720 	728 	940
f 691 	736 	689
f 721 	714 	738
f 711 	738 	714
f 689 	736 	737
f 730 	780 	450
f 732 	724 	944
f 736 	694 	733
f 734 	737 	736
f 691 	693 	736
f 693 	694 	736
f 726 	733 	694
f 711 	764 	738
f 780 	403 	450
f 744 	743 	746
f 744 	746 	745
f 450 	715 	730
f 739 	741 	746
f 743 	739 	746
f 747 	742 	743
f 742 	739 	743
f 708 	746 	707
f 707 	746 	741
f 763 	758 	739
f 742 	755 	739
f 763 	739 	755
f 764 	706 	741
f 711 	687 	764
f 734 	736 	748
f 715 	749 	730
f 736 	740 	748
f 744 	751 	743
f 697 	689 	737
f 745 	746 	752
f 737 	705 	697
f 746 	767 	752
f 752 	751 	745
f 744 	745 	751
f 737 	800 	705
f 737 	734 	800
f 212 	751 	752
f 708 	709 	746
f 786 	749 	750
f 753 	682 	754
f 681 	754 	682
f 747 	743 	756
f 743 	766 	756
f 742 	747 	756
f 742 	756 	755
f 682 	753 	723
f 803 	723 	753
f 758 	759 	739
f 804 	754 	727
f 681 	727 	754
f 741 	760 	761
f 761 	770 	764
f 764 	741 	761
f 760 	759 	758
f 760 	758 	761
f 741 	739 	759
f 741 	759 	760
f 757 	715 	703
f 761 	758 	769
f 1052 	755 	756
f 693 	1120 	2374
f 743 	751 	766
f 242 	752 	767
f 1052 	756 	766
f 746 	709 	767
f 715 	750 	749
f 788 	762 	765
f 712 	90 	767
f 715 	757 	750
f 758 	763 	769
f 770 	944 	764
f 797 	87 	795
f 768 	771 	770
f 768 	770 	769
f 768 	783 	771
f 761 	769 	770
f 858 	445 	797
f 776 	773 	772
f 776 	772 	777
f 773 	778 	791
f 770 	771 	783
f 783 	768 	781
f 782 	831 	780
f 784 	791 	778
f 790 	730 	786
f 773 	776 	783
f 781 	773 	783
f 784 	778 	781
f 778 	773 	781
f 731 	783 	729
f 729 	783 	776
f 786 	730 	749
f 772 	773 	787
f 777 	789 	776
f 776 	789 	940
f 777 	772 	787
f 777 	787 	789
f 940 	728 	776
f 730 	790 	780
f 726 	1243 	722
f 786 	782 	780
f 790 	786 	780
f 768 	769 	781
f 783 	944 	770
f 1180 	697 	762
f 792 	784 	781
f 731 	732 	783
f 762 	798 	807
f 762 	807 	1180
f 786 	805 	785
f 785 	782 	786
f 404 	403 	780
f 793 	800 	740
f 75 	404 	780
f 7133 	75 	780
f 740 	736 	793
f 780 	832 	779
f 796 	797 	795
f 775 	797 	796
f 775 	796 	774
f 799 	832 	831
f 800 	793 	798
f 9 	832 	466
f 801 	750 	757
f 734 	748 	800
f 788 	705 	800
f 800 	748 	740
f 762 	800 	798
f 800 	762 	788
f 802 	757 	466
f 801 	757 	802
f 799 	801 	802
f 727 	722 	1243
f 804 	727 	1656
f 5911 	6003 	355
f 801 	799 	831
f 753 	339 	355
f 803 	753 	355
f 358 	754 	804
f 340 	754 	358
f 461 	1645 	462
f 1644 	462 	1645
f 1656 	1645 	467
f 793 	1111 	806
f 750 	801 	805
f 829 	805 	801
f 806 	798 	793
f 805 	786 	750
f 807 	798 	806
f 846 	855 	6947
f 2739 	2672 	812
f 1914 	809 	662
f 684 	660 	809
f 662 	809 	660
f 815 	822 	814
f 667 	809 	666
f 1914 	666 	809
f 644 	652 	817
f 666 	817 	667
f 816 	667 	817
f 816 	809 	667
f 666 	644 	817
f 819 	823 	818
f 671 	820 	700
f 822 	815 	823
f 825 	814 	822
f 826 	814 	825
f 813 	814 	826
f 670 	824 	671
f 818 	823 	815
f 670 	827 	824
f 3784 	825 	822
f 822 	3811 	3784
f 822 	3787 	3811
f 671 	827 	820
f 824 	827 	671
f 831 	782 	830
f 832 	780 	831
f 828 	3825 	811
f 829 	801 	830
f 801 	831 	830
f 834 	864 	828
f 834 	828 	812
f 811 	812 	828
f 808 	834 	812
f 819 	941 	823
f 802 	466 	832
f 819 	828 	864
f 799 	802 	832
f 855 	834 	808
f 782 	785 	829
f 829 	830 	782
f 795 	794 	833
f 835 	836 	837
f 837 	4450 	853
f 835 	837 	853
f 785 	805 	829
f 838 	839 	836
f 838 	836 	835
f 838 	840 	839
f 838 	854 	840
f 837 	836 	839
f 837 	839 	840
f 841 	842 	835
f 835 	853 	841
f 794 	779 	833
f 832 	833 	779
f 835 	846 	838
f 842 	843 	835
f 843 	844 	845
f 843 	845 	846
f 845 	847 	846
f 1793 	795 	1820
f 844 	848 	847
f 844 	847 	845
f 843 	848 	844
f 843 	851 	852
f 850 	775 	849
f 774 	849 	775
f 851 	842 	841
f 851 	841 	852
f 851 	843 	842
f 846 	835 	843
f 795 	1593 	796
f 857 	849 	796
f 774 	796 	849
f 886 	841 	911
f 852 	841 	886
f 775 	850 	797
f 858 	797 	850
f 781 	943 	792
f 874 	869 	856
f 808 	6941 	855
f 445 	87 	797
f 7121 	445 	858
f 7121 	858 	850
f 911 	841 	853
f 843 	852 	856
f 4463 	911 	853
f 941 	819 	935
f 864 	834 	863
f 864 	871 	819
f 866 	867 	864
f 866 	864 	863
f 868 	861 	862
f 868 	862 	865
f 846 	847 	855
f 847 	866 	855
f 863 	855 	866
f 869 	870 	867
f 869 	867 	866
f 935 	819 	871
f 870 	871 	864
f 870 	864 	867
f 868 	873 	860
f 868 	860 	859
f 869 	871 	870
f 868 	865 	873
f 865 	872 	873
f 848 	869 	866
f 848 	866 	847
f 843 	856 	848
f 848 	856 	869
f 871 	869 	874
f 855 	863 	834
f 860 	876 	875
f 860 	875 	859
f 879 	880 	881
f 878 	862 	877
f 861 	877 	862
f 882 	883 	880
f 882 	880 	879
f 882 	884 	883
f 865 	862 	878
f 865 	878 	890
f 882 	911 	884
f 868 	894 	877
f 861 	868 	877
f 881 	880 	883
f 881 	883 	884
f 859 	875 	868
f 875 	894 	868
f 885 	886 	882
f 911 	882 	886
f 900 	876 	873
f 860 	873 	876
f 885 	882 	893
f 879 	887 	882
f 893 	886 	885
f 5805 	5791 	873
f 932 	878 	933
f 877 	933 	878
f 887 	892 	882
f 888 	889 	887
f 887 	908 	888
f 924 	1086 	932
f 878 	932 	890
f 889 	891 	892
f 889 	892 	887
f 893 	882 	892
f 891 	895 	892
f 892 	895 	912
f 889 	888 	895
f 889 	895 	891
f 875 	6631 	894
f 892 	896 	893
f 892 	912 	896
f 912 	856 	896
f 852 	896 	856
f 886 	893 	896
f 886 	896 	852
f 879 	898 	899
f 899 	901 	887
f 899 	887 	879
f 901 	902 	887
f 903 	904 	905
f 903 	905 	906
f 908 	887 	902
f 899 	898 	902
f 899 	902 	901
f 1121 	1136 	905
f 902 	1591 	908
f 909 	905 	904
f 909 	904 	910
f 879 	881 	907
f 1580 	916 	908
f 890 	1134 	904
f 895 	917 	912
f 909 	1121 	905
f 906 	913 	914
f 906 	914 	903
f 856 	912 	874
f 904 	903 	890
f 914 	865 	903
f 865 	890 	903
f 913 	872 	865
f 913 	865 	914
f 888 	908 	916
f 1580 	956 	916
f 872 	906 	897
f 906 	905 	897
f 913 	906 	872
f 953 	1585 	917
f 915 	918 	917
f 915 	917 	916
f 916 	917 	888
f 895 	888 	917
f 917 	918 	953
f 915 	953 	918
f 928 	920 	919
f 928 	919 	926
f 926 	923 	928
f 923 	924 	928
f 921 	928 	924
f 921 	924 	922
f 1093 	931 	928
f 921 	933 	928
f 927 	929 	1007
f 920 	931 	930
f 920 	930 	919
f 929 	927 	938
f 925 	938 	927
f 922 	932 	933
f 922 	933 	921
f 1084 	1095 	923
f 942 	941 	934
f 924 	932 	922
f 791 	784 	792
f 940 	789 	989
f 773 	791 	939
f 1193 	939 	791
f 781 	769 	943
f 763 	943 	769
f 936 	934 	941
f 935 	936 	941
f 1194 	792 	943
f 783 	732 	944
f 934 	929 	942
f 738 	764 	944
f 946 	947 	945
f 946 	948 	949
f 946 	949 	947
f 945 	950 	948
f 945 	948 	946
f 938 	937 	929
f 937 	942 	929
f 948 	950 	949
f 947 	951 	952
f 716 	735 	952
f 735 	959 	952
f 2090 	2089 	949
f 947 	949 	2089
f 947 	959 	945
f 945 	954 	950
f 958 	950 	954
f 957 	958 	954
f 957 	954 	955
f 957 	981 	958
f 989 	945 	959
f 949 	950 	960
f 958 	990 	950
f 947 	952 	959
f 940 	989 	735
f 961 	962 	2625
f 2090 	949 	964
f 962 	961 	965
f 961 	971 	965
f 2625 	962 	965
f 971 	961 	966
f 963 	966 	961
f 966 	967 	971
f 967 	960 	971
f 966 	2241 	967
f 2241 	964 	967
f 949 	960 	967
f 964 	949 	967
f 1025 	968 	965
f 2635 	965 	968
f 2638 	2635 	968
f 970 	1044 	937
f 969 	2638 	968
f 965 	971 	1025
f 960 	990 	971
f 970 	937 	938
f 970 	938 	925
f 773 	939 	787
f 787 	939 	985
f 973 	787 	985
f 925 	927 	970
f 975 	980 	974
f 972 	975 	974
f 972 	974 	973
f 972 	980 	975
f 789 	787 	973
f 789 	973 	974
f 953 	956 	935
f 976 	978 	979
f 976 	979 	977
f 1105 	1682 	942
f 957 	955 	981
f 980 	981 	955
f 998 	1000 	981
f 980 	972 	977
f 998 	981 	979
f 997 	998 	979
f 977 	979 	980
f 980 	979 	981
f 956 	1913 	935
f 976 	977 	982
f 985 	982 	977
f 915 	956 	953
f 982 	983 	978
f 982 	978 	976
f 979 	978 	983
f 915 	916 	956
f 972 	973 	977
f 985 	977 	973
f 979 	986 	1001
f 955 	954 	980
f 874 	953 	871
f 935 	871 	953
f 613 	1085 	663
f 989 	974 	980
f 663 	580 	613
f 533 	984 	527
f 987 	1217 	448
f 1279 	983 	982
f 451 	1962 	397
f 985 	1295 	982
f 1279 	982 	1295
f 543 	540 	984
f 979 	983 	986
f 448 	454 	987
f 1048 	455 	988
f 1030 	1298 	987
f 161 	1048 	988
f 954 	945 	989
f 989 	980 	954
f 451 	452 	1217
f 981 	990 	958
f 960 	950 	990
f 161 	988 	449
f 974 	989 	789
f 985 	939 	1193
f 992 	993 	991
f 991 	1030 	992
f 959 	735 	989
f 994 	995 	1023
f 993 	996 	994
f 1023 	1018 	994
f 993 	994 	991
f 994 	999 	995
f 994 	1048 	999
f 1048 	210 	999
f 999 	1023 	995
f 996 	1002 	994
f 455 	1048 	1002
f 994 	1002 	1048
f 997 	1001 	1000
f 997 	1000 	998
f 993 	992 	1002
f 993 	1002 	996
f 1002 	992 	454
f 990 	981 	1000
f 997 	979 	1001
f 1003 	1004 	991
f 1006 	1124 	527
f 530 	1006 	527
f 1003 	1026 	1004
f 530 	524 	1006
f 1008 	1009 	1005
f 1026 	1313 	1004
f 1005 	1025 	1008
f 1010 	1011 	1012
f 530 	471 	1006
f 1013 	1014 	1009
f 1013 	1009 	1008
f 1010 	1012 	1029
f 1017 	1015 	1016
f 1006 	1020 	530
f 1018 	1019 	1011
f 1018 	1011 	1010
f 1018 	1021 	1019
f 1012 	1011 	1019
f 1012 	1019 	1021
f 1013 	1017 	1014
f 1005 	1017 	2675
f 1009 	1014 	1005
f 1014 	1017 	1005
f 1016 	2675 	1017
f 1023 	1024 	1018
f 1001 	1013 	1008
f 1001 	1008 	1000
f 201 	207 	1024
f 986 	1028 	1001
f 1010 	991 	1018
f 1027 	1003 	1010
f 991 	994 	1018
f 1543 	1015 	1028
f 1017 	1028 	1015
f 1023 	999 	1024
f 1523 	2682 	1015
f 999 	201 	1024
f 1025 	1005 	968
f 969 	968 	1005
f 1029 	1026 	1010
f 1008 	1025 	1000
f 990 	1000 	1025
f 1326 	1313 	1029
f 1027 	1010 	1026
f 984 	533 	1020
f 991 	1010 	1003
f 1027 	1026 	1003
f 1013 	1001 	1028
f 1017 	1013 	1028
f 543 	984 	1020
f 1025 	971 	990
f 991 	1004 	1030
f 1330 	1356 	1012
f 942 	937 	1035
f 937 	1044 	1035
f 1034 	1036 	1046
f 1022 	521 	543
f 1035 	1038 	942
f 1037 	1039 	1036
f 1037 	1036 	1034
f 521 	1022 	1129
f 1033 	1040 	1037
f 1034 	1031 	1037
f 1031 	1032 	1037
f 1033 	1037 	1032
f 1039 	1046 	1036
f 1334 	1336 	401
f 1032 	1043 	1033
f 1035 	1044 	1042
f 1032 	1162 	1043
f 987 	454 	1030
f 992 	1030 	454
f 1051 	419 	1092
f 1044 	1569 	1042
f 1018 	1024 	1045
f 207 	1045 	1024
f 449 	988 	455
f 1039 	1037 	1049
f 387 	421 	1047
f 1165 	619 	1049
f 1037 	1165 	1049
f 598 	1049 	619
f 1569 	1044 	970
f 1046 	1039 	1049
f 1358 	1045 	207
f 419 	1051 	421
f 1050 	421 	1051
f 598 	1046 	1049
f 1040 	1052 	1037
f 1037 	1052 	1165
f 1051 	1053 	1055
f 1051 	1055 	1050
f 1873 	1007 	929
f 1054 	1056 	1108
f 1043 	1052 	1033
f 1040 	1033 	1052
f 755 	1052 	1043
f 600 	1056 	1054
f 1060 	1031 	1059
f 1053 	1051 	1062
f 1032 	1031 	1063
f 1060 	1063 	1031
f 1064 	1055 	1053
f 1064 	1053 	1062
f 1065 	1032 	1063
f 1064 	1094 	1050
f 1064 	1050 	1055
f 1194 	1162 	1170
f 1065 	1162 	1032
f 1067 	1054 	1108
f 1060 	1059 	1065
f 1060 	1065 	1063
f 1061 	1057 	1064
f 1094 	1064 	1057
f 1056 	1054 	1123
f 1067 	1123 	1054
f 1065 	1059 	1170
f 1083 	1061 	1064
f 1064 	1062 	1083
f 1068 	1069 	1031
f 1054 	1067 	600
f 1067 	1109 	600
f 926 	930 	1091
f 919 	930 	926
f 6859 	1091 	6843
f 1056 	398 	1054
f 920 	928 	931
f 1070 	1057 	1072
f 1061 	1072 	1057
f 1093 	928 	933
f 877 	894 	933
f 1123 	1127 	1056
f 1127 	1123 	591
f 1074 	1077 	1078
f 1074 	1078 	1073
f 1076 	1079 	1080
f 1076 	1080 	1075
f 1083 	1062 	1081
f 923 	1079 	1076
f 1079 	923 	1080
f 926 	1080 	923
f 1071 	1058 	1066
f 1099 	1073 	1081
f 1078 	1081 	1073
f 1091 	1571 	1075
f 1080 	926 	1075
f 1091 	1075 	926
f 1007 	1066 	927
f 1077 	1083 	1081
f 1077 	1081 	1078
f 1061 	1083 	1072
f 1058 	1071 	1640
f 1102 	1083 	1074
f 1077 	1074 	1083
f 1083 	1102 	1070
f 1083 	1070 	1072
f 924 	1098 	1086
f 923 	1076 	1084
f 890 	932 	1086
f 1088 	1089 	1090
f 1088 	1090 	1087
f 663 	1085 	1082
f 1090 	1062 	1087
f 1062 	1092 	1087
f 1062 	1090 	1081
f 1089 	1081 	1090
f 1364 	1407 	1088
f 1099 	1081 	1088
f 1089 	1088 	1081
f 930 	6843 	1091
f 6816 	6859 	6843
f 1066 	1007 	1071
f 1062 	1051 	1092
f 6861 	6844 	1093
f 6568 	6514 	1094
f 1093 	933 	894
f 1095 	1096 	1097
f 1095 	1097 	1098
f 408 	669 	1082
f 1580 	1913 	956
f 1097 	1086 	1098
f 1100 	1097 	1096
f 1100 	1096 	1101
f 4340 	1102 	1074
f 610 	1104 	613
f 1098 	1106 	1107
f 1098 	1107 	1095
f 1096 	1095 	1485
f 1095 	1107 	923
f 1084 	1485 	1095
f 923 	1107 	924
f 1106 	924 	1107
f 1106 	1098 	924
f 793 	1328 	1111
f 1118 	1116 	1115
f 1118 	1115 	1117
f 1111 	807 	806
f 1117 	1113 	1112
f 1117 	1112 	1119
f 1118 	1121 	909
f 1118 	909 	910
f 1118 	1117 	1121
f 1117 	1119 	1121
f 1067 	1108 	1109
f 1109 	1123 	1067
f 1109 	1104 	600
f 1123 	1109 	1127
f 1108 	1127 	1109
f 1113 	1125 	1126
f 1113 	1126 	1112
f 1128 	1020 	1122
f 1115 	1131 	1117
f 524 	1124 	1006
f 1117 	1125 	1113
f 1124 	1006 	471
f 1123 	1104 	1109
f 910 	904 	1118
f 1108 	1056 	1127
f 1119 	1112 	1126
f 1108 	1104 	1127
f 1006 	1124 	1020
f 1104 	1123 	1127
f 1129 	543 	1020
f 1129 	1022 	543
f 1123 	1109 	591
f 1116 	1130 	1131
f 1116 	1131 	1115
f 1227 	1129 	1020
f 1104 	1108 	1145
f 1131 	1133 	1117
f 1145 	1132 	1104
f 1130 	1116 	1118
f 1132 	1085 	1104
f 1126 	1125 	1150
f 1151 	1150 	1125
f 1131 	1130 	1475
f 1474 	1475 	1130
f 1475 	1133 	1131
f 1118 	1134 	1130
f 890 	1086 	1134
f 1487 	1130 	1134
f 1117 	1133 	1125
f 1104 	1085 	613
f 1128 	1227 	1020
f 1118 	904 	1134
f 1126 	1150 	1135
f 1147 	1462 	1150
f 6074 	6139 	1135
f 897 	905 	1136
f 591 	1160 	1137
f 1108 	1127 	1137
f 1144 	1139 	1138
f 1144 	1138 	1142
f 1144 	1147 	1141
f 1144 	1141 	1140
f 1144 	1142 	1147
f 1142 	1143 	1147
f 1139 	1148 	1149
f 1139 	1149 	1138
f 1125 	1133 	1151
f 1141 	1150 	1151
f 1141 	1151 	1140
f 591 	1137 	1127
f 1138 	1149 	1142
f 1139 	1144 	1148
f 1459 	1148 	1144
f 1140 	1151 	1144
f 1459 	1144 	1151
f 1108 	1137 	1145
f 1141 	1147 	1150
f 1132 	1212 	1085
f 1082 	1085 	1212
f 1145 	1212 	1132
f 1153 	1154 	1155
f 1153 	1155 	1152
f 1142 	1155 	1154
f 1142 	1154 	1143
f 1152 	1155 	1142
f 4195 	1157 	1153
f 1154 	1153 	1143
f 1504 	1149 	1148
f 4158 	1152 	4191
f 1142 	1156 	1152
f 4191 	1152 	1156
f 1143 	1153 	1157
f 1142 	1149 	1156
f 1 	50 	463
f 1068 	1031 	1158
f 1034 	1158 	1031
f 1158 	1034 	1159
f 1034 	1163 	1159
f 1069 	1068 	1158
f 1069 	1158 	1159
f 1202 	1069 	1159
f 1174 	1137 	1160
f 1065 	1170 	1162
f 1031 	1069 	1161
f 1198 	1226 	1069
f 755 	1043 	763
f 1162 	763 	1043
f 1160 	1223 	1230
f 1202 	1159 	1231
f 1231 	1159 	1163
f 1034 	1046 	1163
f 594 	615 	1046
f 1165 	1052 	766
f 763 	1162 	1194
f 1160 	1164 	1145
f 1231 	1163 	615
f 1145 	1166 	1146
f 1165 	766 	619
f 239 	619 	766
f 1145 	1164 	1166
f 1031 	1161 	1059
f 1168 	1167 	1169
f 1168 	1169 	1170
f 1170 	1059 	1168
f 1212 	1166 	1164
f 1189 	1181 	1171
f 1145 	1174 	1160
f 1168 	1172 	1167
f 1171 	1173 	1175
f 1171 	1175 	1176
f 1177 	1178 	1179
f 1177 	1179 	1176
f 1169 	1167 	1179
f 1167 	1172 	1179
f 1176 	1179 	1172
f 1176 	1172 	1171
f 1178 	1184 	1179
f 1177 	1184 	1178
f 1173 	1171 	1181
f 1181 	1189 	1268
f 1180 	1120 	693
f 1190 	1172 	1168
f 1175 	1182 	1176
f 1176 	1182 	1193
f 1181 	1182 	1173
f 1175 	1173 	1182
f 1182 	1181 	1268
f 1177 	1176 	1183
f 1193 	791 	1183
f 1176 	1193 	1183
f 807 	1253 	1180
f 792 	1194 	1184
f 1184 	1177 	1183
f 791 	792 	1183
f 1184 	1183 	792
f 1180 	693 	697
f 1194 	1170 	1179
f 1169 	1179 	1170
f 1186 	1171 	1185
f 1186 	1262 	1189
f 1172 	1187 	1185
f 1172 	1185 	1171
f 1180 	1200 	1120
f 1187 	1172 	1188
f 1190 	1188 	1172
f 1186 	1185 	1187
f 1186 	1187 	1188
f 1171 	1186 	1189
f 1656 	727 	1243
f 1291 	1268 	1189
f 1190 	1168 	1161
f 1168 	1059 	1161
f 1179 	1184 	1194
f 1262 	1291 	1189
f 1129 	1227 	1195
f 1194 	943 	763
f 1196 	1197 	1120
f 1199 	1205 	1198
f 1286 	1128 	1122
f 1199 	1198 	1202
f 1199 	1202 	1201
f 1202 	1198 	1069
f 1124 	1203 	527
f 1222 	1205 	1204
f 807 	1111 	1253
f 524 	1203 	1124
f 1200 	1253 	1196
f 1207 	1208 	1206
f 1207 	1206 	1204
f 1203 	1124 	471
f 1207 	1209 	1213
f 1201 	1210 	1205
f 1201 	1205 	1199
f 1211 	1209 	1210
f 1209 	1207 	1210
f 1205 	1210 	1207
f 1205 	1207 	1204
f 1203 	1020 	1124
f 1166 	1212 	1146
f 1211 	1213 	1209
f 1212 	1145 	1146
f 1204 	1225 	1219
f 1204 	1215 	1225
f 1174 	1145 	1137
f 1195 	1110 	1129
f 1213 	1228 	1207
f 665 	675 	1213
f 1201 	1202 	1210
f 1231 	1210 	1202
f 1211 	1210 	1214
f 1231 	1214 	1210
f 1213 	1211 	1214
f 1213 	1214 	665
f 668 	665 	1214
f 1278 	1082 	1212
f 1206 	1215 	1204
f 1195 	1221 	1110
f 1293 	1216 	1217
f 1208 	1207 	1218
f 1228 	1218 	1207
f 1962 	451 	1217
f 1218 	1215 	1208
f 1206 	1208 	1215
f 1217 	1216 	1962
f 1219 	1220 	1204
f 1225 	1264 	1238
f 1220 	1222 	1204
f 1205 	1222 	1224
f 1226 	1205 	1224
f 1258 	1110 	1221
f 1220 	1219 	1224
f 1220 	1224 	1222
f 1258 	427 	1110
f 1215 	2948 	1225
f 1226 	1161 	1069
f 1205 	1226 	1198
f 1947 	1160 	398
f 1228 	1213 	675
f 1231 	679 	1214
f 1229 	1471 	1232
f 1234 	1247 	1233
f 1232 	1212 	1164
f 1188 	1190 	1236
f 1190 	1265 	1236
f 1234 	1233 	1236
f 1234 	1236 	1235
f 1120 	1200 	1196
f 1236 	1233 	1186
f 1236 	1186 	1188
f 1315 	1197 	1196
f 1219 	1225 	1238
f 1239 	527 	1203
f 2375 	2548 	694
f 1251 	1265 	1241
f 726 	2548 	1243
f 1238 	1237 	1240
f 1238 	1240 	1241
f 524 	1239 	1203
f 1192 	1243 	1242
f 1192 	1242 	1191
f 1224 	1219 	1238
f 1224 	1238 	1241
f 1239 	1203 	471
f 1244 	1246 	1247
f 1244 	1247 	1245
f 1192 	1645 	1243
f 1245 	1248 	1255
f 1203 	1239 	1020
f 1249 	1250 	1248
f 1249 	1248 	1245
f 1250 	1255 	1248
f 1238 	1249 	1237
f 1249 	1251 	1240
f 1249 	1240 	1237
f 1251 	1247 	1235
f 1249 	1245 	1251
f 1245 	1247 	1251
f 1234 	1235 	1247
f 1111 	1601 	1253
f 1244 	1245 	1252
f 1246 	1254 	1247
f 1247 	1254 	1262
f 1246 	1244 	1252
f 1246 	1252 	1254
f 1262 	1233 	1247
f 1221 	1282 	1258
f 1253 	1200 	1180
f 1250 	1249 	1259
f 1249 	1264 	1259
f 1255 	1250 	1259
f 3006 	1255 	1259
f 1258 	1257 	427
f 1257 	1286 	1256
f 1258 	1281 	1257
f 1240 	1251 	1241
f 2351 	1256 	1334
f 1235 	1236 	1251
f 1227 	1128 	1281
f 1245 	1255 	1260
f 1227 	1281 	1195
f 1233 	1262 	1186
f 1249 	1238 	1264
f 1224 	1241 	1226
f 1226 	1241 	1265
f 1251 	1236 	1265
f 1266 	401 	1336
f 1190 	1161 	1265
f 1226 	1265 	1161
f 1471 	1278 	1232
f 1160 	1230 	1164
f 1182 	1269 	1193
f 1232 	1164 	1230
f 1267 	1270 	1269
f 1267 	1269 	1268
f 1232 	1230 	1229
f 1271 	527 	1239
f 1182 	1268 	1269
f 1229 	1473 	1471
f 1285 	1273 	1272
f 524 	1271 	1239
f 1271 	1239 	471
f 1128 	1286 	1281
f 1952 	409 	408
f 1274 	1277 	1276
f 1274 	1276 	1275
f 1271 	1020 	1239
f 1274 	1295 	1269
f 1517 	1297 	1277
f 1230 	1223 	1229
f 1270 	1267 	1272
f 1272 	1273 	1277
f 1277 	1274 	1272
f 1270 	1272 	1274
f 1291 	1283 	1272
f 1267 	1268 	1272
f 1291 	1272 	1268
f 1212 	1232 	1278
f 1221 	1195 	1282
f 1275 	1279 	1274
f 1280 	983 	1279
f 983 	1297 	986
f 1280 	1297 	983
f 1276 	1280 	1279
f 1276 	1279 	1275
f 1082 	1278 	1479
f 1297 	1280 	1277
f 1276 	1277 	1280
f 1270 	1274 	1269
f 1195 	1281 	1282
f 1296 	1216 	1290
f 1285 	1272 	1283
f 1298 	1292 	1217
f 525 	1286 	524
f 1283 	1287 	1288
f 1283 	1288 	1285
f 527 	1286 	525
f 1271 	1286 	527
f 1287 	1273 	1288
f 1290 	1216 	1289
f 1273 	1285 	1288
f 1307 	1325 	1290
f 1271 	524 	1286
f 1273 	1287 	1294
f 1286 	1271 	471
f 1289 	1293 	1292
f 1289 	1292 	1290
f 1216 	1293 	1289
f 1292 	1307 	1290
f 1279 	1295 	1274
f 1020 	1271 	1286
f 1193 	1269 	1295
f 1990 	1967 	1296
f 1282 	1281 	1258
f 1298 	1217 	987
f 1020 	1286 	1122
f 1295 	985 	1193
f 1299 	1310 	1300
f 1261 	1196 	1263
f 1306 	1263 	1196
f 1261 	1301 	1197
f 1261 	1197 	1196
f 1302 	1301 	1261
f 1303 	1305 	1304
f 1263 	1306 	1302
f 1263 	1302 	1261
f 1303 	1322 	1305
f 1978 	1305 	1322
f 1261 	2374 	1263
f 1307 	1308 	1304
f 820 	821 	700
f 1308 	1309 	1310
f 1308 	1310 	1304
f 1299 	1312 	1310
f 1312 	1319 	1310
f 1301 	1302 	1197
f 1302 	1306 	1197
f 1196 	1197 	1306
f 1309 	1311 	1310
f 1301 	1120 	1197
f 1298 	1327 	1292
f 1310 	1311 	1327
f 1308 	1307 	1311
f 1308 	1311 	1309
f 1311 	1307 	1292
f 1030 	1300 	1327
f 1310 	1327 	1300
f 1306 	2374 	1302
f 1301 	1302 	2374
f 1026 	1029 	1313
f 1326 	1319 	1313
f 1313 	1312 	1300
f 1299 	1300 	1312
f 1300 	1004 	1313
f 1316 	1317 	1318
f 1316 	1318 	1324
f 1314 	1302 	1315
f 1319 	1320 	1317
f 1319 	1317 	1316
f 1319 	1321 	1320
f 1326 	1321 	1319
f 1318 	1317 	1320
f 1318 	1320 	1321
f 1321 	1360 	1318
f 1322 	1323 	1316
f 1196 	1253 	1315
f 809 	1114 	684
f 1316 	1324 	1322
f 1197 	1315 	1301
f 1312 	1313 	1319
f 1304 	1310 	1319
f 1319 	1316 	1304
f 1303 	1304 	1316
f 1323 	1303 	1316
f 1301 	1315 	1302
f 1323 	1322 	1303
f 1114 	809 	816
f 1304 	1305 	1325
f 1990 	1325 	1305
f 1302 	1314 	1306
f 1885 	1306 	1314
f 1360 	1403 	1318
f 1296 	1290 	1325
f 1304 	1325 	1307
f 1293 	1217 	1292
f 1311 	1292 	1327
f 793 	736 	1328
f 1004 	1300 	1030
f 1296 	1325 	1990
f 1286 	1257 	1281
f 1030 	1327 	1298
f 1331 	1339 	1330
f 471 	1284 	1286
f 1018 	1045 	1021
f 1286 	1284 	1256
f 1331 	1330 	1333
f 1331 	1333 	1332
f 1012 	1021 	1330
f 1333 	1330 	1021
f 1337 	1412 	1335
f 1284 	1336 	1334
f 1284 	1334 	1256
f 1337 	1338 	1344
f 1348 	1339 	1335
f 1266 	1336 	1340
f 1408 	1340 	1336
f 1350 	1266 	1340
f 1341 	1342 	1338
f 1341 	1338 	1337
f 1337 	1335 	1341
f 1335 	1339 	1341
f 1339 	1331 	1341
f 1332 	1341 	1331
f 1342 	1344 	1338
f 1332 	1333 	1341
f 1408 	1336 	1284
f 258 	271 	1344
f 1337 	1344 	1355
f 1348 	1349 	1339
f 1339 	1356 	1330
f 1342 	1341 	1345
f 1341 	1358 	1345
f 1358 	275 	1345
f 1344 	1342 	1345
f 1350 	1340 	1352
f 1357 	1352 	1340
f 1345 	258 	1344
f 1341 	1333 	1358
f 1333 	1021 	1358
f 1347 	1335 	1346
f 1354 	1346 	1335
f 1347 	1348 	1335
f 1266 	1350 	1351
f 1387 	1405 	1375
f 1356 	1339 	1349
f 1347 	1346 	1349
f 1347 	1349 	1348
f 1349 	1346 	1375
f 1350 	1352 	1353
f 1350 	1353 	1351
f 695 	1402 	1445
f 1343 	1329 	700
f 1355 	1344 	271
f 1351 	1353 	1266
f 1400 	1359 	1353
f 1029 	1012 	1356
f 1358 	1021 	1045
f 394 	1432 	271
f 1041 	401 	1266
f 1359 	1041 	1266
f 1041 	1359 	1400
f 1361 	1386 	1360
f 1374 	1400 	1353
f 1087 	1365 	1088
f 1364 	1088 	1365
f 1326 	1405 	1321
f 1092 	1400 	1087
f 1361 	1360 	1363
f 1361 	1363 	1362
f 1365 	1367 	1368
f 1365 	1368 	1364
f 1363 	1360 	1321
f 1346 	1354 	1370
f 1374 	1353 	1373
f 1352 	1373 	1353
f 1357 	1398 	1352
f 1373 	1352 	1398
f 1370 	1369 	1372
f 1370 	1372 	1375
f 1376 	1374 	1373
f 1376 	1373 	1377
f 1375 	1346 	1370
f 1941 	1371 	670
f 1389 	1381 	1378
f 1392 	1382 	1379
f 1377 	1373 	1383
f 1384 	1376 	1377
f 1384 	1377 	1383
f 1370 	1380 	1369
f 1343 	1366 	1329
f 1379 	1382 	1385
f 1379 	1385 	1386
f 1384 	1374 	1376
f 700 	821 	1366
f 1381 	1383 	1378
f 821 	820 	1366
f 1382 	1392 	1385
f 1367 	1365 	1384
f 1367 	1384 	1368
f 1384 	1383 	1395
f 1381 	1395 	1383
f 1343 	700 	1366
f 1380 	1387 	1372
f 1380 	1372 	1369
f 1361 	1362 	1387
f 1380 	1379 	1387
f 1379 	1386 	1387
f 1361 	1387 	1386
f 1371 	827 	670
f 1378 	1388 	1389
f 1362 	1363 	1387
f 1371 	1366 	827
f 820 	827 	1366
f 1401 	1436 	1380
f 1391 	1393 	1394
f 1391 	1394 	1390
f 1379 	1399 	1392
f 1389 	1388 	1395
f 1354 	1401 	1370
f 1380 	1370 	1401
f 1941 	670 	1969
f 1385 	1396 	1386
f 1395 	1404 	1390
f 1394 	1395 	1390
f 1386 	1396 	1403
f 1368 	1384 	1397
f 1385 	1392 	1396
f 1389 	1395 	1381
f 1397 	1384 	1395
f 1393 	1397 	1395
f 1393 	1395 	1394
f 1407 	1364 	1397
f 1403 	1360 	1386
f 1407 	1397 	1391
f 1393 	1391 	1397
f 1372 	1387 	1375
f 1383 	1373 	1398
f 1092 	1041 	1400
f 1266 	1353 	1359
f 1400 	1374 	1384
f 1859 	1641 	1398
f 695 	701 	1402
f 1384 	1365 	1400
f 1365 	1087 	1400
f 1324 	1318 	1403
f 1395 	1388 	1404
f 1349 	1375 	1356
f 1356 	1375 	1405
f 4887 	1390 	1404
f 1387 	1363 	1405
f 1363 	1321 	1405
f 1406 	1402 	1329
f 1099 	1088 	1407
f 1368 	1397 	1364
f 1391 	4886 	1407
f 1326 	1356 	1405
f 1029 	1356 	1326
f 1409 	1410 	1335
f 1284 	1411 	1408
f 700 	1329 	1402
f 1415 	1431 	1416
f 1354 	1335 	1410
f 1412 	1409 	1335
f 1413 	1412 	1337
f 1337 	1355 	1413
f 1421 	1413 	1432
f 1408 	1444 	1414
f 1410 	1409 	1412
f 1410 	1412 	1413
f 1357 	1340 	1414
f 1408 	1414 	1340
f 1413 	1416 	1410
f 1428 	1429 	1415
f 1357 	1414 	1859
f 463 	1411 	1284
f 1388 	1378 	1641
f 1383 	1398 	1378
f 1402 	701 	700
f 1416 	1417 	1415
f 1418 	1420 	1421
f 1355 	1432 	1413
f 1420 	1417 	1416
f 1420 	1416 	1421
f 1641 	1444 	1419
f 1418 	1415 	1417
f 1418 	1417 	1420
f 1411 	1452 	1408
f 1421 	1416 	1413
f 463 	1452 	1411
f 1422 	1423 	1418
f 1443 	1444 	1408
f 1418 	1432 	1422
f 386 	1422 	394
f 1422 	692 	1423
f 690 	1423 	692
f 1415 	1418 	688
f 690 	688 	1418
f 690 	1418 	1423
f 1422 	386 	692
f 1426 	1425 	1454
f 1425 	1424 	1454
f 1452 	1454 	1424
f 702 	1429 	704
f 1428 	704 	1429
f 683 	704 	1415
f 1415 	704 	1428
f 1457 	1431 	1429
f 1416 	1431 	1410
f 1354 	1410 	1431
f 1418 	1421 	1432
f 394 	1422 	1432
f 1427 	1455 	1430
f 1355 	271 	1432
f 1434 	1379 	1433
f 1446 	1456 	1434
f 1456 	1399 	1434
f 1430 	1426 	1427
f 1435 	1433 	1380
f 1379 	1380 	1433
f 1430 	1425 	1426
f 1435 	1380 	1436
f 1434 	1433 	1435
f 1434 	1435 	1436
f 1436 	1446 	1434
f 1437 	1438 	1449
f 695 	1445 	1954
f 1437 	714 	1438
f 713 	1438 	714
f 1438 	713 	1449
f 721 	1449 	713
f 2315 	2272 	1114
f 1429 	714 	1437
f 1440 	1441 	1442
f 1440 	1442 	1456
f 1441 	716 	1442
f 1441 	1440 	718
f 721 	718 	1440
f 1439 	1443 	1452
f 1427 	1426 	1454
f 1439 	1452 	1424
f 952 	1442 	716
f 1446 	1447 	1440
f 1440 	1456 	1446
f 1449 	1450 	1451
f 1443 	1408 	1452
f 1449 	1451 	1457
f 1436 	1457 	1451
f 1450 	1447 	1446
f 1450 	1446 	1451
f 1449 	1440 	1447
f 1449 	1447 	1450
f 1451 	1446 	1436
f 1415 	1429 	1431
f 1437 	1449 	1457
f 1440 	1449 	721
f 1453 	1455 	1454
f 1455 	1427 	1454
f 1379 	1434 	1399
f 1436 	1401 	1457
f 1959 	1445 	1448
f 1437 	1457 	1429
f 1401 	1354 	1457
f 1431 	1457 	1354
f 1486 	1459 	1133
f 1459 	1151 	1133
f 1499 	1461 	1460
f 1461 	1460 	1463
f 1119 	1126 	1135
f 1135 	1150 	1462
f 6133 	1462 	6154
f 1469 	1483 	1468
f 1229 	1223 	1463
f 1223 	1160 	1947
f 1468 	1465 	1464
f 1468 	1464 	1470
f 1460 	1229 	1463
f 1101 	1469 	1100
f 1472 	1100 	1469
f 1469 	1468 	1472
f 1468 	1470 	1472
f 1466 	1472 	1470
f 1466 	1470 	1467
f 1474 	1466 	1475
f 1467 	1475 	1466
f 1470 	1486 	1475
f 1467 	1470 	1475
f 1473 	1476 	1471
f 1487 	1472 	1474
f 1465 	1477 	1478
f 1465 	1478 	1464
f 1468 	1477 	1465
f 1101 	1096 	1469
f 1278 	1471 	1479
f 1470 	1464 	1478
f 1502 	1486 	1478
f 1470 	1478 	1486
f 1476 	1479 	1471
f 1487 	1097 	1472
f 1100 	1472 	1097
f 1466 	1474 	1472
f 1502 	1478 	1503
f 1477 	1503 	1478
f 1229 	1460 	1508
f 1481 	1482 	1483
f 1481 	1483 	1480
f 1468 	1482 	1481
f 1483 	1482 	1468
f 1483 	1469 	1480
f 408 	1082 	1952
f 1468 	1481 	1484
f 1607 	1723 	1481
f 1516 	1477 	1484
f 1469 	1096 	1485
f 1501 	1522 	1502
f 1296 	1942 	1216
f 1475 	1486 	1133
f 1487 	1134 	1086
f 1086 	1097 	1487
f 1488 	1496 	1461
f 1474 	1130 	1487
f 1489 	1490 	1502
f 1492 	1493 	1504
f 1460 	1461 	1496
f 1495 	1496 	1488
f 1496 	1498 	1460
f 1498 	1499 	1460
f 1498 	1496 	1491
f 1495 	1499 	1498
f 1495 	1498 	1496
f 1499 	1498 	1491
f 1493 	1500 	1504
f 1501 	1490 	1489
f 1501 	1489 	1497
f 1497 	1494 	1501
f 1494 	1500 	1501
f 1492 	1501 	1500
f 1492 	1500 	1493
f 1501 	1502 	1490
f 1461 	1499 	1488
f 1463 	1488 	1461
f 1499 	1495 	1488
f 1502 	1503 	1489
f 1488 	1463 	1495
f 1947 	1495 	1463
f 1504 	1148 	1505
f 1947 	1499 	1495
f 1149 	1504 	1156
f 1488 	1508 	1461
f 1148 	1459 	1505
f 1504 	1505 	1492
f 1460 	1461 	1508
f 1489 	1503 	1497
f 1516 	1497 	1503
f 1491 	1508 	1499
f 1223 	1947 	1463
f 1500 	1519 	1504
f 1486 	1502 	1522
f 1492 	1505 	1501
f 1507 	1509 	1510
f 1507 	1510 	1506
f 1506 	1510 	1494
f 1494 	1510 	1500
f 1509 	1500 	1510
f 1519 	1500 	1507
f 1509 	1507 	1500
f 1495 	1508 	1488
f 1491 	1702 	1508
f 1512 	1513 	1514
f 1512 	1514 	1511
f 1508 	1495 	1499
f 1512 	1494 	1513
f 1497 	1514 	1513
f 1497 	1513 	1494
f 1514 	1497 	1511
f 1516 	1511 	1497
f 1702 	1609 	1508
f 1494 	1512 	1515
f 1494 	1515 	1506
f 1518 	1532 	1517
f 1503 	1477 	1516
f 1468 	1484 	1477
f 1520 	1518 	1517
f 1520 	1517 	1521
f 1273 	1520 	1277
f 1521 	1277 	1520
f 1156 	1504 	1519
f 1530 	1543 	1517
f 1521 	1517 	1277
f 1459 	1486 	1522
f 1518 	1520 	1273
f 1523 	1015 	1543
f 1501 	1505 	1522
f 1459 	1522 	1505
f 1524 	1525 	1523
f 1524 	1523 	1543
f 1527 	1076 	1526
f 1075 	1526 	1076
f 1527 	1566 	1076
f 1525 	3053 	1523
f 1524 	3053 	1525
f 1526 	1528 	1529
f 1526 	1529 	1527
f 1531 	1524 	1530
f 1524 	1543 	1530
f 1532 	1530 	1517
f 1571 	1546 	1526
f 1530 	1532 	1533
f 1530 	1533 	1531
f 1534 	1532 	1545
f 1533 	1532 	1534
f 1518 	1545 	1532
f 1531 	1533 	1524
f 1533 	1534 	1524
f 1541 	1534 	1539
f 1545 	1539 	1534
f 3072 	1541 	1539
f 1527 	1529 	1542
f 1544 	1537 	1538
f 1544 	1538 	1540
f 1297 	1517 	1543
f 1518 	1294 	1545
f 1273 	1294 	1518
f 1546 	1542 	1528
f 1529 	1528 	1542
f 1297 	1543 	1028
f 1028 	986 	1297
f 1536 	1535 	1546
f 1535 	1544 	1546
f 1542 	1546 	1544
f 1542 	1544 	1540
f 1294 	1582 	1545
f 1528 	1526 	1546
f 1283 	1291 	1547
f 1548 	1547 	1563
f 1283 	1547 	1287
f 1551 	1287 	1547
f 1551 	1294 	1287
f 1548 	1552 	1551
f 1548 	1551 	1547
f 1536 	1550 	1549
f 1536 	1549 	1535
f 1565 	1582 	1551
f 1552 	1565 	1551
f 1245 	1260 	1252
f 1576 	1556 	1260
f 1252 	1260 	1556
f 1554 	1538 	1553
f 1537 	1553 	1538
f 1557 	1581 	1254
f 1564 	1572 	1540
f 1555 	1558 	1557
f 1555 	1557 	1556
f 1254 	1252 	1556
f 1254 	1556 	1557
f 1540 	1554 	1564
f 1538 	1554 	1540
f 1084 	1076 	1566
f 1542 	1566 	1527
f 1537 	1544 	1553
f 1568 	1553 	1544
f 1562 	1560 	1559
f 1562 	1559 	1561
f 1544 	1549 	1568
f 1535 	1549 	1544
f 1105 	942 	1038
f 1536 	1546 	1550
f 1676 	1105 	1103
f 1563 	1565 	1552
f 1563 	1552 	1548
f 1038 	1103 	1105
f 1542 	1575 	1566
f 1038 	1035 	1103
f 1554 	1600 	1564
f 1558 	1555 	1560
f 1560 	1562 	1565
f 1565 	1563 	1560
f 1558 	1560 	1563
f 1035 	1042 	1103
f 1559 	1560 	1567
f 1576 	1567 	1560
f 7118 	1568 	7106
f 1567 	1570 	1561
f 1567 	1561 	1559
f 6859 	1571 	1091
f 1562 	1561 	1570
f 1526 	1075 	1571
f 1569 	1103 	1042
f 1555 	1556 	1560
f 1576 	1560 	1556
f 7124 	7107 	1571
f 1546 	1571 	1550
f 7107 	1550 	1571
f 1572 	1573 	1574
f 1572 	1574 	1575
f 1066 	1058 	1569
f 1294 	1551 	1582
f 927 	1066 	1569
f 1557 	1558 	1563
f 1084 	1566 	1485
f 927 	1569 	970
f 1565 	1643 	1582
f 1631 	1727 	1574
f 1574 	1566 	1575
f 1575 	1577 	1578
f 1575 	1578 	1572
f 1562 	1570 	1579
f 1564 	1573 	1572
f 1578 	1540 	1572
f 1577 	1542 	1540
f 1577 	1540 	1578
f 1727 	1485 	1566
f 1563 	1547 	1581
f 1581 	1547 	1291
f 1577 	1575 	1542
f 1583 	1574 	1573
f 1583 	1573 	1584
f 874 	1585 	953
f 1262 	1254 	1581
f 1563 	1581 	1557
f 912 	917 	1585
f 1564 	1719 	1573
f 908 	1637 	1580
f 1262 	1581 	1291
f 912 	1585 	874
f 1539 	1545 	1586
f 1545 	1662 	1586
f 1583 	1631 	1574
f 879 	907 	898
f 1588 	898 	1636
f 1590 	1626 	1591
f 1626 	1637 	1591
f 1588 	1587 	1590
f 1588 	1590 	1591
f 833 	1820 	795
f 1588 	1591 	902
f 1588 	902 	898
f 1793 	1592 	1593
f 1793 	1593 	795
f 1592 	1597 	1598
f 1592 	1598 	1593
f 1600 	1554 	1599
f 1553 	1599 	1554
f 1553 	1568 	1599
f 1597 	1600 	1599
f 1597 	1599 	1598
f 1592 	1600 	1597
f 857 	796 	1593
f 1593 	1603 	857
f 1598 	1599 	1593
f 1328 	1601 	1111
f 2118 	1564 	1602
f 1564 	1600 	1602
f 1592 	1602 	1600
f 1603 	1568 	857
f 7118 	857 	1568
f 1593 	1599 	1603
f 1568 	1603 	1599
f 1594 	1595 	1596
f 5121 	1632 	1596
f 1604 	1605 	1595
f 1604 	1595 	1594
f 1604 	1606 	1605
f 1602 	1592 	1796
f 1592 	1793 	1796
f 1596 	1595 	1605
f 1596 	1605 	1606
f 1508 	1473 	1229
f 1480 	1608 	1481
f 1607 	1481 	1608
f 1606 	5121 	1596
f 1610 	1611 	1594
f 1588 	1604 	1587
f 1485 	1727 	1480
f 1469 	1485 	1480
f 1608 	1612 	1613
f 1608 	1613 	1607
f 1636 	1604 	1588
f 1613 	1627 	1607
f 1629 	1473 	1508
f 1587 	1604 	1590
f 1617 	1626 	1604
f 1604 	1594 	1617
f 1611 	1617 	1594
f 1608 	1480 	1727
f 1611 	1616 	1617
f 1616 	1620 	1617
f 1622 	1619 	1618
f 1622 	1618 	1621
f 1620 	1616 	1610
f 1611 	1610 	1616
f 1623 	1624 	1617
f 1621 	1615 	1614
f 1621 	1614 	1627
f 1590 	1604 	1626
f 1624 	1628 	1626
f 1624 	1626 	1617
f 1723 	1607 	1627
f 1628 	1630 	1626
f 1612 	1631 	1627
f 1612 	1627 	1613
f 1473 	1629 	1476
f 1584 	1622 	1583
f 1631 	1583 	1622
f 1627 	1631 	1622
f 1627 	1622 	1621
f 1624 	1623 	1630
f 1624 	1630 	1628
f 1612 	1608 	1631
f 1253 	1625 	1315
f 5133 	1606 	1636
f 1615 	1633 	1635
f 1615 	1635 	1614
f 1636 	898 	907
f 1618 	1708 	1621
f 908 	1591 	1637
f 1626 	1630 	1637
f 1314 	1315 	1625
f 1638 	1453 	1454
f 1508 	1609 	1629
f 1539 	1586 	3071
f 1448 	1366 	1458
f 1642 	1649 	1643
f 1859 	1414 	1444
f 1579 	1665 	1642
f 1643 	1646 	1647
f 1643 	1647 	1642
f 1859 	1444 	1641
f 1646 	1565 	1647
f 1562 	1647 	1565
f 1645 	1192 	1644
f 1191 	1644 	1192
f 1458 	1948 	1448
f 1650 	1662 	1643
f 1646 	1643 	1565
f 1419 	1444 	1745
f 1648 	1419 	1745
f 1948 	1458 	1366
f 1641 	1419 	1648
f 1562 	1579 	1642
f 1562 	1642 	1647
f 1649 	1650 	1643
f 1656 	1243 	1645
f 1651 	1652 	1650
f 1651 	1650 	1649
f 1589 	1586 	1653
f 1661 	1644 	1242
f 1191 	1242 	1644
f 1659 	3123 	1653
f 1406 	1445 	1402
f 1652 	1653 	1650
f 1430 	1654 	1425
f 1959 	1949 	1445
f 1657 	1659 	1655
f 1656 	467 	804
f 1448 	1445 	1329
f 1448 	1329 	1366
f 1655 	3121 	1657
f 461 	467 	1645
f 1406 	1329 	1445
f 3121 	1659 	1657
f 6974 	2554 	1992
f 1651 	1649 	1659
f 1242 	1243 	2548
f 1654 	1660 	1658
f 1652 	1651 	1659
f 1652 	1659 	1653
f 1653 	1586 	1662
f 1660 	1430 	1658
f 1071 	1007 	1640
f 1662 	1545 	1582
f 676 	1644 	1661
f 462 	1644 	676
f 733 	463 	2554
f 1653 	1662 	1650
f 1582 	1643 	1662
f 1659 	1665 	1655
f 3395 	1655 	1665
f 1654 	1430 	1660
f 6728 	6766 	6756
f 1664 	6756 	1703
f 3395 	1665 	1579
f 1854 	1640 	1639
f 1649 	1642 	1665
f 1659 	1649 	1665
f 1667 	1688 	1666
f 1663 	1667 	1666
f 1663 	1666 	1664
f 1694 	522 	523
f 1664 	1666 	6756
f 464 	1671 	465
f 1668 	465 	1671
f 2353 	941 	942
f 1771 	1658 	1430
f 6638 	1743 	1670
f 1673 	1674 	1668
f 1673 	1668 	1671
f 6630 	1675 	6642
f 1674 	1685 	1668
f 1670 	1669 	1672
f 1670 	1672 	1675
f 6630 	1670 	1675
f 1683 	1795 	1678
f 1680 	1679 	1677
f 1680 	1677 	1681
f 1673 	1671 	1679
f 397 	1962 	1944
f 1670 	1683 	1669
f 1664 	1685 	1663
f 1678 	1684 	1686
f 1678 	1686 	1687
f 1685 	1688 	1667
f 1685 	1667 	1663
f 1689 	1690 	1691
f 1689 	1691 	1687
f 1674 	1673 	1679
f 1680 	1688 	1679
f 1709 	1688 	1680
f 1688 	1685 	1679
f 1674 	1679 	1685
f 1672 	1669 	1691
f 1669 	1683 	1691
f 1687 	1691 	1683
f 1687 	1683 	1678
f 1499 	1947 	1498
f 1677 	1679 	1692
f 1699 	1692 	1679
f 1681 	1693 	1680
f 1689 	1687 	1694
f 1695 	1696 	1491
f 1681 	1677 	1692
f 1681 	1692 	1693
f 1690 	1697 	1691
f 523 	528 	1697
f 528 	1750 	1697
f 1713 	1680 	1712
f 1690 	1689 	1694
f 1690 	1694 	1697
f 1685 	1664 	1703
f 1697 	1694 	523
f 1704 	1666 	1688
f 1945 	1695 	1946
f 1685 	1703 	1668
f 1678 	1698 	1684
f 1678 	1742 	1698
f 1661 	2595 	676
f 1686 	1701 	1687
f 1679 	1671 	1699
f 1671 	676 	1699
f 1687 	1701 	1747
f 1698 	1701 	1684
f 1686 	1684 	1701
f 1696 	1695 	1945
f 1772 	1775 	1698
f 1702 	1491 	1696
f 1945 	1702 	1696
f 1621 	1633 	1615
f 1584 	1573 	1622
f 1703 	6766 	678
f 1627 	1614 	1635
f 1627 	1635 	1723
f 1668 	1703 	678
f 1566 	1574 	1727
f 1706 	303 	1730
f 310 	1730 	303
f 1705 	6868 	1706
f 1706 	6868 	303
f 1619 	1707 	1708
f 1619 	1708 	1618
f 1688 	1709 	1710
f 1708 	1716 	1621
f 1717 	1730 	1710
f 1688 	1710 	1704
f 1619 	1622 	1707
f 1635 	1633 	1748
f 1749 	1748 	1633
f 1711 	1952 	1479
f 1709 	1713 	1712
f 1709 	1712 	1710
f 1709 	1680 	1713
f 1710 	1712 	1718
f 1710 	1718 	1717
f 1741 	1770 	1748
f 1680 	1700 	1712
f 1718 	1712 	1733
f 1564 	2118 	1719
f 1720 	1721 	1717
f 1720 	1717 	1718
f 2118 	1852 	1719
f 1705 	1706 	1722
f 1621 	1716 	1633
f 1768 	1633 	1716
f 1622 	1573 	1719
f 1721 	1722 	1717
f 1516 	1484 	1723
f 1726 	1724 	1725
f 6879 	1725 	1724
f 1481 	1723 	1484
f 1725 	6879 	1726
f 6879 	6878 	1726
f 1631 	1608 	1727
f 1720 	1718 	1726
f 1511 	1729 	1512
f 1728 	1512 	1729
f 1721 	1720 	1726
f 1721 	1726 	1722
f 1722 	1706 	1730
f 1516 	1770 	1511
f 1722 	1730 	1717
f 1704 	1710 	1730
f 1729 	1731 	1732
f 1729 	1732 	1728
f 1732 	1739 	1728
f 1726 	1718 	1733
f 1733 	1712 	1700
f 1704 	1730 	310
f 310 	6768 	1704
f 1105 	1676 	1682
f 1729 	1511 	1770
f 1740 	1735 	1734
f 1740 	1734 	1738
f 1640 	1007 	1873
f 1741 	1739 	1731
f 1732 	1731 	1739
f 1737 	1736 	1741
f 1736 	1740 	1741
f 1739 	1741 	1740
f 1739 	1740 	1738
f 1691 	1750 	1675
f 1691 	1675 	1672
f 1731 	1729 	1741
f 1444 	1443 	1745
f 1683 	1670 	1743
f 1701 	1775 	1747
f 1735 	1744 	1746
f 1735 	1746 	1734
f 526 	522 	1694
f 526 	1694 	1747
f 1687 	1747 	1694
f 1691 	1697 	1750
f 1768 	1749 	1633
f 6642 	1675 	1750
f 1737 	1748 	1749
f 1737 	1749 	1736
f 528 	6062 	1750
f 1738 	1746 	1764
f 1734 	1746 	1738
f 1735 	1740 	1744
f 1768 	1744 	1740
f 1736 	1749 	1740
f 1768 	1740 	1749
f 1701 	1698 	1775
f 1737 	1741 	1748
f 1755 	1807 	1753
f 1638 	1752 	1453
f 1756 	1757 	1758
f 1756 	1758 	1754
f 1755 	1759 	1772
f 1752 	1454 	1751
f 1738 	1764 	1754
f 1754 	1758 	1738
f 1757 	1739 	1738
f 1757 	1738 	1758
f 1752 	1638 	1454
f 5404 	1766 	1756
f 1757 	1756 	1739
f 1755 	1762 	1763
f 1755 	1763 	1759
f 1761 	1765 	1762
f 1755 	1753 	1762
f 1753 	1760 	1762
f 1761 	1762 	1760
f 5406 	1754 	1764
f 1454 	1823 	1751
f 1455 	1453 	1752
f 1763 	1772 	1759
f 1739 	1756 	1766
f 1765 	1769 	1762
f 1455 	1752 	1751
f 2452 	1764 	2212
f 1761 	1769 	1765
f 1761 	1760 	1767
f 1515 	1512 	1766
f 1728 	1766 	1512
f 1739 	1766 	1728
f 1760 	1786 	1767
f 2115 	1768 	1716
f 562 	1787 	1769
f 562 	1769 	559
f 1769 	1761 	1767
f 1516 	1723 	1770
f 558 	559 	1767
f 1769 	1767 	559
f 1741 	1729 	1770
f 1723 	1748 	1770
f 1635 	1748 	1723
f 1708 	1707 	1853
f 1852 	1853 	1707
f 1853 	1716 	1708
f 1707 	1719 	1852
f 1698 	1742 	1772
f 1430 	1455 	1771
f 1763 	1762 	1775
f 1762 	1787 	1775
f 1772 	1763 	1775
f 1778 	1780 	1779
f 2153 	1809 	1783
f 1779 	1784 	1778
f 1755 	1772 	1783
f 1742 	1783 	1772
f 561 	1767 	1786
f 1747 	1775 	1787
f 1762 	1769 	1787
f 1783 	1742 	2153
f 1747 	1787 	562
f 1747 	562 	526
f 1789 	2066 	1788
f 1742 	1678 	1791
f 1790 	1791 	1678
f 1784 	1802 	1778
f 1777 	1811 	1784
f 1788 	1742 	1791
f 1795 	1790 	1678
f 2076 	1794 	1797
f 1793 	1820 	1792
f 1683 	1743 	1798
f 1795 	1683 	1798
f 1797 	1798 	1743
f 1743 	2112 	1797
f 1785 	1781 	1654
f 1789 	1788 	1797
f 1789 	1797 	1794
f 1796 	1793 	1799
f 1792 	1851 	1793
f 1791 	1790 	1795
f 1791 	1795 	1798
f 1773 	1774 	1799
f 1796 	1799 	1774
f 1797 	1788 	1791
f 1797 	1791 	1798
f 1801 	2117 	1800
f 1804 	1753 	1803
f 2147 	1782 	1800
f 1804 	1800 	1782
f 1753 	1804 	1782
f 1654 	1658 	1785
f 1807 	1803 	1753
f 2123 	1806 	1808
f 1807 	1755 	1809
f 1802 	1810 	1805
f 1755 	1783 	1809
f 1808 	1809 	2153
f 1425 	1654 	1781
f 1801 	1800 	1808
f 1801 	1808 	1806
f 1810 	1811 	1805
f 1804 	1803 	1807
f 1804 	1807 	1809
f 1808 	1800 	1804
f 1808 	1804 	1809
f 1742 	2110 	2153
f 1815 	1753 	1814
f 1782 	1814 	1753
f 1782 	1839 	1814
f 1813 	1814 	1839
f 1815 	1817 	1760
f 1815 	1760 	1753
f 1819 	1760 	1817
f 1802 	1784 	1810
f 1780 	1778 	1802
f 1818 	1841 	1819
f 1841 	1786 	1819
f 1760 	1819 	1786
f 1813 	1812 	1816
f 1813 	1816 	1818
f 1454 	5118 	1821
f 1815 	1814 	1819
f 1815 	1819 	1817
f 1819 	1814 	1813
f 1819 	1813 	1818
f 561 	1786 	677
f 1841 	677 	1786
f 1823 	1454 	1821
f 1820 	1811 	1777
f 1810 	1784 	1811
f 1831 	673 	674
f 1824 	1847 	1822
f 1813 	1824 	1812
f 1822 	1825 	1826
f 1822 	1826 	1827
f 1777 	1792 	1820
f 1812 	1824 	1816
f 1829 	1816 	1824
f 1828 	1830 	1829
f 1824 	1822 	1829
f 1822 	1827 	1829
f 1828 	1829 	1827
f 1828 	1827 	1831
f 1830 	1832 	1829
f 1841 	674 	677
f 1830 	1828 	1831
f 1830 	1831 	1832
f 1832 	1831 	674
f 1839 	1849 	1824
f 1833 	1780 	1802
f 1822 	1834 	1825
f 1822 	1838 	1834
f 1813 	1839 	1824
f 1826 	1835 	1827
f 1833 	1836 	1837
f 1827 	1835 	1840
f 1834 	1835 	1825
f 1826 	1825 	1835
f 2955 	1835 	1834
f 1802 	1805 	1836
f 1841 	1818 	1829
f 1816 	1829 	1818
f 1832 	1841 	1829
f 1802 	1836 	1833
f 1811 	1836 	1805
f 675 	673 	1831
f 675 	1831 	1840
f 1827 	1840 	1831
f 1832 	674 	1841
f 653 	677 	674
f 1843 	2619 	1842
f 1845 	1822 	1844
f 1842 	1838 	1845
f 1822 	1845 	1838
f 1847 	1844 	1822
f 2627 	1846 	1848
f 1824 	1849 	1847
f 1873 	929 	2327
f 1854 	1639 	1850
f 1639 	1640 	1850
f 1823 	1455 	1751
f 1792 	1777 	1851
f 1823 	1771 	1455
f 1850 	1640 	1873
f 1823 	1658 	1771
f 1852 	1774 	1853
f 1773 	1853 	1774
f 1799 	1793 	1851
f 1773 	1799 	1853
f 1640 	1854 	1058
f 2118 	1602 	1796
f 1774 	1852 	1796
f 1796 	1852 	2118
f 1785 	1658 	1823
f 1785 	1823 	1781
f 936 	935 	1913
f 1776 	1781 	1823
f 1745 	1443 	5164
f 1676 	1103 	1854
f 1855 	1388 	1641
f 1648 	1855 	1641
f 1682 	1856 	942
f 1854 	1682 	1676
f 1648 	1745 	1855
f 1860 	1855 	1745
f 1833 	1857 	1780
f 1854 	1103 	1569
f 1859 	1398 	1357
f 1682 	1854 	1856
f 1378 	1398 	1641
f 1858 	1780 	1857
f 1569 	1058 	1854
f 1860 	5519 	1404
f 1857 	1833 	1866
f 1855 	1860 	1404
f 1388 	1855 	1404
f 1857 	1866 	1858
f 1617 	1634 	1623
f 1833 	1837 	1866
f 1865 	1861 	1879
f 2039 	1637 	1867
f 1876 	1861 	1865
f 1862 	1868 	1867
f 1862 	1867 	1864
f 1866 	1863 	1858
f 1864 	1867 	1623
f 1630 	1623 	1867
f 1868 	1862 	1939
f 1872 	1874 	1875
f 1872 	1875 	1871
f 1876 	1865 	1880
f 1874 	1872 	1876
f 1875 	1874 	1878
f 1874 	1876 	1878
f 1877 	1854 	1850
f 2167 	1899 	1869
f 1870 	1869 	1878
f 1878 	1871 	1875
f 1861 	5323 	1879
f 1837 	1836 	1866
f 1836 	1811 	1866
f 1879 	1880 	1865
f 1893 	1891 	1879
f 1882 	1866 	1811
f 1863 	1866 	1882
f 2173 	1896 	1884
f 1884 	1886 	1887
f 1884 	1887 	1883
f 1888 	1869 	1889
f 1870 	1889 	1869
f 1880 	1879 	1891
f 1880 	1891 	1876
f 1878 	1876 	1891
f 1893 	1883 	1891
f 1887 	1891 	1883
f 1261 	1263 	1885
f 1887 	1886 	1892
f 1887 	1892 	1891
f 1896 	1892 	1884
f 1886 	1884 	1892
f 1896 	1888 	1892
f 1889 	1892 	1888
f 1891 	1892 	1878
f 1870 	1878 	1892
f 1870 	1892 	1889
f 1851 	2115 	1799
f 1879 	5323 	1893
f 1890 	1314 	1881
f 1780 	1895 	1779
f 1876 	1894 	1861
f 1780 	1858 	1895
f 1625 	1881 	1314
f 1876 	1872 	1894
f 1895 	1900 	1779
f 1890 	1885 	1314
f 1263 	1306 	1885
f 1878 	1869 	1899
f 1878 	1899 	1871
f 2559 	1898 	1897
f 1897 	1956 	2559
f 1901 	1869 	2145
f 1784 	1900 	2127
f 1779 	1900 	1784
f 1902 	1901 	2145
f 2559 	2426 	1898
f 1895 	2164 	1900
f 2426 	1897 	1898
f 1850 	1873 	1877
f 1904 	1905 	1906
f 1904 	1906 	1903
f 1907 	2167 	1901
f 1907 	1901 	1902
f 1907 	1904 	2167
f 1905 	1904 	1907
f 1909 	1877 	1873
f 1912 	1114 	817
f 816 	817 	1114
f 1908 	1858 	1910
f 1910 	1911 	1908
f 624 	666 	657
f 1858 	1863 	1910
f 942 	1940 	2353
f 662 	605 	1914
f 1927 	1928 	1877
f 630 	649 	636
f 1854 	1877 	1928
f 1917 	1931 	1918
f 641 	1918 	1938
f 1916 	1915 	1917
f 1916 	1917 	1918
f 1916 	1918 	641
f 1916 	641 	636
f 1920 	1921 	1922
f 1928 	1856 	1854
f 1920 	1922 	1935
f 1923 	1924 	1921
f 1923 	1921 	1920
f 1911 	1910 	1919
f 1923 	1925 	1924
f 1863 	1919 	1910
f 1923 	1937 	1925
f 1919 	1863 	1882
f 2039 	1867 	1913
f 1922 	1921 	1924
f 1922 	1924 	1925
f 1922 	1925 	315
f 320 	315 	1925
f 1935 	2316 	1920
f 1919 	1882 	1811
f 1923 	1916 	1937
f 1915 	1916 	1923
f 1916 	636 	1937
f 1629 	1609 	1711
f 1926 	1931 	1923
f 1923 	1920 	1926
f 1629 	1711 	1476
f 1929 	1930 	1926
f 1711 	1479 	1476
f 1926 	1936 	1929
f 1917 	1915 	1931
f 1915 	1923 	1931
f 1930 	1932 	1931
f 1930 	1931 	1926
f 1938 	1918 	1931
f 1932 	1934 	1931
f 1931 	1934 	1938
f 1930 	1929 	1934
f 1930 	1934 	1932
f 1934 	1929 	2072
f 1940 	942 	1856
f 1609 	1714 	1715
f 2069 	1929 	1936
f 1711 	1715 	1714
f 1925 	1937 	320
f 1938 	652 	641
f 1609 	1715 	1711
f 1935 	383 	2677
f 1933 	1711 	1714
f 1868 	1939 	1913
f 670 	2098 	2234
f 1082 	1479 	1952
f 2025 	2026 	1941
f 1960 	1961 	1942
f 1941 	1366 	1371
f 1943 	1909 	1873
f 1947 	1952 	1946
f 1944 	1952 	1947
f 1491 	1496 	1947
f 1496 	1498 	1947
f 1947 	1946 	1695
f 1695 	1491 	1947
f 1945 	1609 	1702
f 1328 	736 	2559
f 1952 	1944 	1951
f 1912 	2315 	1114
f 1956 	1897 	1955
f 1898 	1955 	1897
f 1944 	1962 	1951
f 1957 	1945 	1952
f 1945 	1946 	1952
f 1955 	1958 	1956
f 1952 	1951 	409
f 2559 	1956 	1955
f 1950 	1955 	1956
f 1956 	2426 	1950
f 1714 	1945 	1957
f 1958 	1955 	1898
f 1958 	1955 	1950
f 1933 	1714 	1957
f 1958 	1601 	1328
f 1952 	1933 	1957
f 1952 	1711 	1933
f 1953 	1601 	1958
f 1949 	1959 	1448
f 1953 	1958 	1950
f 1714 	1609 	1945
f 1881 	1625 	1953
f 1942 	1965 	1960
f 2559 	1955 	1328
f 1955 	1958 	1328
f 1953 	1253 	1601
f 1949 	2037 	2047
f 1625 	1253 	1953
f 1962 	1216 	1961
f 1949 	1954 	1445
f 1956 	1958 	1897
f 1898 	1897 	1958
f 2047 	1954 	1949
f 1961 	1951 	1962
f 1970 	1963 	1990
f 1448 	1948 	1949
f 1897 	2426 	1956
f 1960 	1968 	1996
f 733 	2554 	736
f 2026 	1948 	1941
f 1951 	1 	409
f 1963 	1964 	1942
f 2421 	2438 	1881
f 1942 	1964 	1965
f 1948 	1366 	1941
f 1950 	1881 	1953
f 1973 	1991 	1966
f 1963 	1966 	1965
f 1963 	1965 	1964
f 1990 	1963 	1967
f 726 	694 	2548
f 1965 	1966 	1960
f 1968 	1960 	1966
f 1967 	1942 	1296
f 1942 	1961 	1216
f 670 	2237 	1969
f 1942 	1967 	1963
f 1971 	1972 	1970
f 1963 	1970 	1966
f 1973 	1966 	1970
f 1972 	1974 	1973
f 1972 	1973 	1970
f 1991 	1973 	1976
f 1974 	1976 	1973
f 1971 	1976 	1974
f 1971 	1974 	1972
f 1978 	1979 	1971
f 1971 	1990 	1978
f 1976 	2008 	1991
f 1979 	1978 	1981
f 1976 	1971 	1984
f 1980 	1984 	1971
f 1979 	1980 	1971
f 1862 	1864 	1939
f 1322 	1324 	1981
f 1324 	1988 	1981
f 1992 	463 	50
f 1980 	1979 	1981
f 1978 	1322 	1981
f 1983 	1984 	1982
f 1982 	1985 	1986
f 1982 	1986 	1983
f 1987 	1986 	1985
f 1987 	1985 	1989
f 1987 	1984 	1983
f 1987 	1983 	1986
f 1928 	1940 	1856
f 1980 	1981 	1984
f 1984 	1987 	1976
f 1984 	1988 	1982
f 1927 	1943 	1928
f 2023 	2046 	1985
f 1877 	1943 	1927
f 1984 	1981 	1988
f 1909 	1943 	1877
f 1971 	1970 	1990
f 1968 	1966 	1991
f 1305 	1978 	1990
f 936 	1913 	1939
f 1968 	1991 	2019
f 1996 	1997 	2251
f 2019 	1998 	2000
f 1996 	2000 	1998
f 1996 	1998 	1997
f 1873 	1999 	1995
f 2000 	1968 	2019
f 2251 	2294 	1996
f 2294 	1961 	1996
f 1960 	1996 	1961
f 1996 	1968 	2000
f 1943 	1873 	1995
f 2294 	2284 	1961
f 1951 	1961 	2284
f 2336 	1994 	1993
f 1998 	2019 	2003
f 2004 	2003 	2005
f 2019 	2005 	2003
f 1999 	1873 	2327
f 2006 	2007 	2005
f 2005 	2019 	2006
f 2007 	2006 	2014
f 2007 	2013 	2005
f 2006 	2008 	2014
f 2015 	2014 	2008
f 2015 	2008 	2009
f 2008 	2006 	2019
f 2019 	1991 	2008
f 2009 	2008 	1976
f 2012 	2010 	2011
f 2332 	2358 	1939
f 2012 	2013 	2014
f 2013 	2007 	2014
f 2011 	2275 	2012
f 2013 	2012 	2005
f 2106 	2001 	2002
f 1989 	2020 	2015
f 670 	2234 	2237
f 2009 	2017 	2015
f 2009 	1976 	2017
f 1987 	2017 	1976
f 1995 	2018 	2016
f 2014 	2015 	2020
f 1987 	1989 	2015
f 1987 	2015 	2017
f 2012 	2014 	2020
f 2070 	2020 	1989
f 1988 	2043 	1982
f 1995 	2016 	1943
f 2021 	1982 	2043
f 1982 	2021 	1985
f 2023 	1985 	2021
f 1940 	1928 	2282
f 2022 	2024 	2023
f 2022 	2023 	2021
f 2024 	2035 	2023
f 2282 	1928 	2016
f 1969 	2025 	1941
f 1928 	1943 	2016
f 1392 	1399 	2028
f 1396 	2029 	1403
f 2027 	2030 	2029
f 2027 	2029 	2028
f 2028 	2029 	1392
f 1396 	1392 	2029
f 2028 	2032 	2027
f 2038 	1939 	1864
f 2025 	1969 	2031
f 2022 	2021 	2034
f 2034 	2035 	2024
f 2034 	2024 	2022
f 1868 	1913 	1867
f 2030 	2034 	2029
f 2026 	2031 	2036
f 2030 	2027 	2032
f 2032 	2033 	2035
f 2035 	2034 	2032
f 2030 	2032 	2034
f 2038 	1864 	1634
f 1864 	1623 	1634
f 2026 	2036 	2037
f 1913 	1580 	2039
f 1630 	1867 	1637
f 1949 	1948 	2026
f 2365 	1634 	2259
f 2039 	1580 	1637
f 2034 	2043 	2029
f 1594 	1632 	1610
f 2143 	2078 	2040
f 2249 	2259 	1620
f 2026 	2037 	1949
f 2239 	1620 	1610
f 2032 	2028 	2040
f 1399 	2040 	2028
f 2074 	2051 	2041
f 2034 	2021 	2043
f 2044 	2045 	2042
f 1989 	1985 	2046
f 2035 	2046 	2023
f 2255 	2042 	2045
f 1403 	2029 	2043
f 2035 	2050 	2046
f 2143 	2040 	1456
f 1881 	2438 	1977
f 685 	684 	2272
f 2043 	1988 	1403
f 1324 	1403 	1988
f 2012 	2020 	2010
f 695 	1954 	2047
f 1977 	1890 	1881
f 2047 	822 	695
f 2051 	2063 	2050
f 2052 	2051 	2050
f 2052 	2050 	2053
f 1849 	2898 	1848
f 1839 	2898 	1849
f 1843 	1842 	1848
f 1843 	1848 	1846
f 2053 	2035 	2052
f 2033 	2052 	2035
f 2047 	2036 	2263
f 1845 	1844 	1847
f 1845 	1847 	1849
f 2070 	2046 	2050
f 2053 	2050 	2035
f 1848 	1842 	1845
f 1848 	1845 	1849
f 2063 	2051 	2074
f 2033 	2041 	2051
f 2051 	2052 	2033
f 2049 	2048 	2054
f 2147 	1839 	1782
f 2057 	2058 	2054
f 6720 	6744 	6718
f 2047 	2037 	2036
f 2054 	2070 	2057
f 2050 	2057 	2070
f 2026 	2025 	2031
f 2055 	2060 	2059
f 2055 	2059 	2056
f 2061 	2062 	2063
f 2062 	2058 	2057
f 2062 	2057 	2063
f 2059 	6718 	2056
f 1114 	2272 	684
f 2227 	2742 	2061
f 2062 	2061 	2054
f 2062 	2054 	2058
f 2063 	2057 	2050
f 2061 	2063 	2074
f 2066 	2065 	2064
f 2066 	2064 	2067
f 2070 	2010 	2020
f 2048 	2010 	2070
f 2054 	2048 	2070
f 2065 	2071 	2093
f 2068 	2073 	2072
f 2068 	2072 	2069
f 2046 	2070 	1989
f 2060 	2055 	2075
f 2060 	2075 	2076
f 2072 	1929 	2069
f 2078 	2079 	2032
f 2077 	2093 	2071
f 1789 	1794 	2076
f 2075 	2065 	2076
f 2077 	2071 	2075
f 2071 	2065 	2075
f 2065 	2066 	2076
f 1789 	2076 	2066
f 2064 	2065 	2083
f 2078 	2080 	2084
f 2078 	2084 	2079
f 2080 	2033 	2084
f 2080 	2041 	2033
f 2067 	2086 	2066
f 2079 	2084 	2032
f 2033 	2032 	2084
f 2088 	2087 	2089
f 2067 	2064 	2083
f 2067 	2083 	2086
f 2263 	2085 	2082
f 2089 	2090 	2091
f 2089 	2091 	2088
f 2078 	2087 	2080
f 2092 	2080 	2087
f 2090 	2144 	2092
f 2091 	2092 	2087
f 2091 	2087 	2088
f 2090 	2092 	2091
f 2094 	2095 	2089
f 2055 	2056 	2075
f 2111 	2075 	2056
f 2096 	2097 	2098
f 2089 	2143 	2094
f 2099 	2097 	2096
f 6745 	2059 	2112
f 2060 	2076 	2059
f 2112 	2059 	2076
f 2075 	2111 	2101
f 2075 	2101 	2077
f 2094 	952 	2095
f 951 	2095 	952
f 2076 	1797 	2112
f 2093 	2077 	2101
f 2101 	2102 	2093
f 1895 	1858 	1908
f 2102 	2103 	2169
f 2104 	2001 	2106
f 2105 	1895 	1908
f 1908 	1911 	2105
f 2101 	2111 	2108
f 2107 	2103 	2102
f 2107 	2102 	2108
f 2108 	2102 	2101
f 2066 	2086 	2110
f 2065 	2093 	2109
f 2109 	2093 	2102
f 2066 	2110 	1788
f 1742 	1788 	2110
f 1944 	398 	397
f 1777 	2431 	1851
f 2111 	2199 	2108
f 2112 	1743 	6745
f 1944 	1947 	398
f 2065 	2109 	2083
f 2129 	2083 	2152
f 2153 	2110 	2086
f 2086 	2083 	2129
f 1799 	2115 	1853
f 1716 	1853 	2115
f 2116 	2119 	2128
f 1622 	1719 	1707
f 1744 	2211 	1746
f 2212 	1746 	2211
f 2121 	2120 	2123
f 2121 	2123 	2122
f 2126 	2128 	2119
f 1801 	1806 	2123
f 2120 	2116 	2123
f 2126 	2119 	2120
f 2119 	2116 	2120
f 2116 	2117 	2123
f 1801 	2123 	2117
f 2147 	2117 	2613
f 1800 	2117 	2147
f 2121 	2129 	2120
f 2122 	2123 	2130
f 2123 	2153 	2130
f 2086 	2130 	2153
f 2127 	1900 	2164
f 2130 	2129 	2122
f 2121 	2122 	2129
f 2114 	2134 	2113
f 2086 	2129 	2130
f 2132 	2126 	2120
f 2123 	1808 	2153
f 2135 	2113 	2134
f 2131 	2133 	1911
f 2128 	2126 	2132
f 2132 	2138 	2128
f 1911 	2149 	2131
f 2149 	1911 	1919
f 2139 	2207 	2138
f 951 	947 	2089
f 951 	2089 	2095
f 2141 	2132 	2601
f 2120 	2152 	2132
f 952 	2094 	1442
f 1907 	2156 	2142
f 1906 	1905 	2142
f 1907 	2142 	1905
f 2140 	2139 	2138
f 2140 	2138 	2141
f 2032 	2040 	2078
f 2089 	2087 	2143
f 2087 	2078 	2143
f 2142 	1903 	1906
f 2141 	2138 	2132
f 2092 	2144 	2080
f 2041 	2080 	2144
f 1888 	2145 	1869
f 1888 	1896 	2145
f 2116 	2128 	2146
f 2146 	2128 	2138
f 2145 	2148 	1902
f 2152 	2083 	2109
f 2120 	2129 	2152
f 2151 	2154 	2155
f 2151 	2155 	2150
f 2155 	2156 	2150
f 2155 	2154 	2157
f 2155 	2157 	2156
f 2154 	2151 	2157
f 2198 	2601 	2109
f 2148 	2145 	2156
f 2148 	2156 	1907
f 1902 	2148 	1907
f 2156 	2157 	2142
f 2477 	2142 	2157
f 1896 	2213 	2162
f 2149 	1919 	1811
f 2466 	2215 	2162
f 2158 	2161 	2160
f 2158 	2160 	2159
f 2157 	2151 	2163
f 2151 	2214 	2163
f 2160 	7036 	2159
f 2156 	2145 	2162
f 1896 	2162 	2145
f 2131 	2164 	2133
f 2157 	2163 	2469
f 2164 	1895 	2105
f 1901 	2167 	1869
f 2159 	2165 	2158
f 2142 	2472 	2171
f 2133 	2105 	1911
f 2166 	2168 	2170
f 2166 	2170 	2169
f 2142 	2171 	1903
f 2173 	1884 	2172
f 1883 	2172 	1884
f 2105 	2133 	2164
f 2161 	2158 	2165
f 2161 	2165 	2174
f 2107 	2108 	2174
f 2172 	2175 	2176
f 2172 	2176 	2173
f 2165 	2166 	2169
f 2107 	2174 	2103
f 2169 	2103 	2174
f 2165 	2169 	2174
f 2165 	2194 	2188
f 2166 	2195 	2177
f 2166 	2177 	2168
f 2170 	2180 	2169
f 2181 	2178 	2179
f 2181 	2179 	2182
f 2219 	2198 	2180
f 2170 	2168 	2177
f 2170 	2177 	2180
f 2181 	2187 	2178
f 2127 	2164 	2183
f 2174 	2199 	2160
f 2161 	2174 	2160
f 2179 	2186 	2182
f 2182 	2186 	2181
f 2187 	2181 	2186
f 1871 	2189 	1872
f 2188 	1872 	2189
f 2205 	2178 	2187
f 2183 	2164 	2331
f 2188 	2194 	1872
f 2175 	2172 	2187
f 2205 	2187 	2172
f 2189 	2190 	2191
f 2189 	2191 	2188
f 2188 	2191 	2165
f 2333 	2149 	1811
f 2166 	2165 	2190
f 2191 	2190 	2165
f 2195 	2166 	2189
f 2190 	2189 	2166
f 2175 	2187 	2176
f 2193 	2176 	2187
f 2187 	2186 	2193
f 2186 	2192 	2193
f 2184 	2193 	2192
f 2184 	2192 	2185
f 1894 	1872 	2194
f 2173 	2176 	2193
f 1899 	2167 	2195
f 2189 	1871 	2195
f 1899 	2195 	1871
f 7051 	2194 	2159
f 2165 	2159 	2194
f 2185 	2196 	2197
f 2185 	2197 	2184
f 2169 	2180 	2198
f 2109 	2102 	2198
f 2169 	2198 	2102
f 7052 	2160 	2199
f 2174 	2108 	2199
f 2199 	2111 	7052
f 2111 	6744 	7052
f 2192 	2785 	2210
f 2192 	2210 	2196
f 2192 	2196 	2185
f 2219 	2180 	2177
f 2213 	2173 	2193
f 2200 	2201 	1851
f 2184 	2197 	2193
f 2213 	2193 	2197
f 2125 	2201 	2200
f 2125 	2200 	2124
f 2186 	2179 	2204
f 5666 	2204 	2179
f 2516 	2115 	2201
f 2125 	2211 	2201
f 1883 	1893 	2172
f 2205 	2172 	1893
f 2206 	2202 	2209
f 2206 	2209 	2208
f 2140 	2141 	2209
f 2202 	2203 	2207
f 2140 	2209 	2139
f 2207 	2139 	2209
f 2202 	2207 	2209
f 2173 	2213 	1896
f 2211 	2125 	2212
f 2124 	2212 	2125
f 2197 	2461 	2213
f 2530 	2527 	2203
f 1851 	6019 	2200
f 2150 	2215 	2151
f 2214 	2151 	2215
f 2452 	2212 	2200
f 2124 	2200 	2212
f 2150 	2162 	2215
f 2156 	2162 	2150
f 2539 	2202 	2216
f 2206 	2216 	2202
f 1851 	2201 	2115
f 2215 	2217 	2218
f 2215 	2218 	2214
f 2177 	2539 	2216
f 2516 	2201 	2211
f 2597 	2138 	2207
f 2208 	2209 	2219
f 2218 	2459 	2214
f 2430 	1784 	2127
f 2196 	2460 	2461
f 2196 	2461 	2197
f 2601 	2219 	2209
f 2206 	2208 	2219
f 2206 	2219 	2216
f 1456 	1442 	2143
f 2094 	2143 	1442
f 2090 	2241 	2144
f 1399 	1456 	2040
f 2226 	2222 	2221
f 2226 	2221 	2223
f 2227 	2061 	2225
f 2061 	2074 	2225
f 2225 	2236 	2741
f 2225 	2741 	2227
f 2228 	2229 	2044
f 2228 	2044 	2042
f 2099 	2098 	2097
f 2748 	2230 	2231
f 2228 	2232 	2229
f 2098 	2097 	2234
f 2228 	2257 	2232
f 2233 	963 	2231
f 963 	961 	2231
f 2045 	2044 	2229
f 2045 	2229 	2232
f 2097 	2099 	2234
f 2100 	2234 	2099
f 2090 	964 	2235
f 2074 	2247 	2225
f 2238 	2239 	2228
f 2230 	2236 	2231
f 2257 	2228 	2239
f 2753 	2741 	2236
f 2371 	2242 	2042
f 2236 	2230 	2753
f 2748 	2753 	2230
f 2246 	2239 	2238
f 2231 	2240 	2233
f 2097 	2098 	2237
f 2231 	2247 	2240
f 2240 	2247 	2241
f 2242 	2245 	2228
f 2228 	2042 	2242
f 2233 	2240 	963
f 966 	963 	2240
f 2031 	1969 	2098
f 1969 	2237 	2098
f 2241 	966 	2240
f 2243 	2244 	2242
f 2097 	2237 	2099
f 964 	2241 	2235
f 2242 	2256 	2243
f 2234 	2100 	2237
f 2235 	2241 	2090
f 2238 	2245 	2246
f 2098 	2099 	2096
f 2236 	2225 	2247
f 2231 	2236 	2247
f 2244 	2248 	2245
f 2238 	2228 	2245
f 2244 	2245 	2242
f 2245 	2249 	2246
f 2144 	2241 	2247
f 2074 	2041 	2144
f 2247 	2074 	2144
f 814 	2100 	2096
f 2098 	814 	2096
f 2239 	2246 	2249
f 2251 	1997 	2250
f 1620 	2239 	2249
f 2099 	2096 	2100
f 2248 	2253 	2245
f 2100 	2081 	2082
f 2258 	2276 	2252
f 2244 	2243 	2253
f 2244 	2253 	2248
f 1998 	2252 	2250
f 1998 	2250 	1997
f 2085 	2100 	2082
f 2085 	2237 	2100
f 2251 	2252 	2254
f 2250 	2252 	2251
f 2031 	2098 	2096
f 6463 	6474 	2045
f 2031 	2096 	2085
f 2096 	2099 	2085
f 2099 	2237 	2085
f 2254 	2292 	2251
f 2239 	1610 	2257
f 2257 	1610 	1632
f 2258 	2252 	2003
f 2252 	1998 	2003
f 2259 	1634 	1620
f 2245 	2259 	2249
f 1617 	1620 	1634
f 2245 	2253 	2259
f 2258 	2003 	2260
f 2004 	2260 	2003
f 2262 	2483 	2261
f 2264 	2261 	2276
f 1632 	5131 	2257
f 2262 	2261 	2271
f 2264 	2271 	2261
f 1995 	1999 	2265
f 2266 	2264 	2267
f 2260 	2267 	2258
f 2005 	2275 	2267
f 2004 	2005 	2267
f 2004 	2267 	2260
f 2010 	2048 	2268
f 2031 	2085 	2263
f 2268 	2269 	2011
f 2268 	2011 	2010
f 2265 	2018 	1995
f 2270 	2262 	2271
f 2270 	2496 	2262
f 2273 	2271 	2264
f 2271 	2273 	2277
f 2273 	2264 	2274
f 2266 	2274 	2264
f 2275 	2274 	2266
f 2274 	2275 	2273
f 2277 	2273 	2275
f 2269 	2268 	2275
f 2277 	2275 	2268
f 2269 	2275 	2011
f 2005 	2012 	2275
f 2266 	2267 	2275
f 2267 	2264 	2276
f 2036 	2031 	2263
f 2018 	2265 	2281
f 2267 	2276 	2258
f 2254 	2252 	2276
f 2705 	2717 	2268
f 2279 	2280 	2113
f 2280 	2293 	2113
f 2281 	2016 	2018
f 2315 	2072 	2272
f 2281 	2282 	2016
f 2278 	2282 	2281
f 2286 	2283 	2285
f 2283 	2293 	2285
f 2283 	2284 	2293
f 2047 	2263 	2288
f 2286 	2304 	2283
f 2305 	2286 	2285
f 2298 	2047 	2288
f 2288 	2263 	2082
f 2288 	2082 	2287
f 2281 	2265 	2278
f 2272 	2073 	2295
f 2068 	2295 	2073
f 2308 	1940 	2282
f 2304 	2307 	2283
f 2302 	2308 	2282
f 2081 	2100 	2303
f 1999 	2289 	2265
f 2303 	2082 	2081
f 2100 	2291 	2303
f 2292 	2322 	2294
f 2294 	2251 	2292
f 2114 	2113 	2293
f 2280 	2285 	2293
f 2284 	2294 	2293
f 2290 	2300 	2289
f 2289 	2300 	2265
f 2296 	2299 	2280
f 2300 	2278 	2265
f 2297 	2298 	2690
f 2296 	2280 	2279
f 2300 	2302 	2301
f 2279 	2113 	2296
f 2301 	2278 	2300
f 2282 	2278 	2301
f 941 	2353 	2350
f 2305 	2306 	2286
f 2297 	2690 	2687
f 2288 	2690 	2298
f 2282 	2301 	2302
f 2295 	685 	2272
f 2306 	2305 	2307
f 2300 	2308 	2302
f 2303 	2288 	2287
f 2290 	2308 	2300
f 2358 	2359 	1939
f 2287 	2082 	2303
f 2310 	2243 	2256
f 2307 	2304 	2306
f 685 	818 	672
f 2253 	2311 	2259
f 2365 	2259 	2311
f 2309 	2312 	2311
f 2309 	2311 	2310
f 2310 	2311 	2243
f 2253 	2243 	2311
f 2306 	2304 	2286
f 2314 	2295 	2069
f 2073 	2272 	2072
f 2069 	1936 	2314
f 2068 	2069 	2295
f 2403 	2283 	2307
f 1999 	2313 	2289
f 1999 	2327 	2313
f 1938 	1934 	2072
f 1938 	2072 	2315
f 2329 	2313 	2327
f 1912 	652 	2315
f 1938 	2315 	652
f 2316 	2317 	1920
f 1935 	2677 	2316
f 1926 	1920 	2318
f 2317 	2318 	1920
f 2318 	2319 	1926
f 2285 	2280 	2305
f 2305 	2280 	2299
f 2320 	2308 	2290
f 2321 	2320 	2289
f 2313 	2328 	2321
f 2313 	2329 	2328
f 2321 	2289 	2313
f 2322 	3202 	2294
f 2289 	2320 	2290
f 2330 	934 	2359
f 1 	1951 	2284
f 2324 	2322 	2323
f 2137 	563 	2136
f 557 	2136 	563
f 2324 	2479 	2509
f 2322 	2324 	2473
f 2323 	2325 	2326
f 2323 	2326 	2324
f 2327 	2328 	2329
f 2328 	2355 	2321
f 2327 	2330 	2353
f 2327 	2353 	2328
f 672 	815 	670
f 936 	2359 	934
f 2220 	2183 	2331
f 814 	670 	815
f 2164 	2131 	2331
f 2131 	2335 	2331
f 1940 	2308 	2340
f 2334 	2335 	2333
f 2308 	2320 	2340
f 1994 	2336 	2337
f 2355 	2340 	2320
f 2131 	2333 	2335
f 2320 	2321 	2355
f 2311 	2312 	2332
f 2333 	2131 	2149
f 2339 	2342 	2338
f 2343 	2331 	2335
f 2353 	1940 	2340
f 2339 	2341 	2342
f 2344 	2346 	2345
f 2220 	2331 	2343
f 2340 	2355 	2357
f 2346 	2347 	2345
f 2431 	6019 	1851
f 936 	1939 	2359
f 2312 	2309 	2332
f 1257 	2351 	2349
f 2332 	2360 	2358
f 2446 	2354 	2352
f 2357 	2353 	2340
f 2359 	2358 	2350
f 2353 	2330 	2350
f 1257 	1256 	2351
f 2363 	1424 	1425
f 2330 	2359 	2350
f 2355 	2328 	2357
f 2353 	2357 	2328
f 2309 	2310 	2360
f 2414 	2415 	2360
f 1425 	2362 	2363
f 2309 	2360 	2332
f 1939 	2365 	2332
f 2332 	2365 	2311
f 2364 	2414 	2360
f 2374 	2375 	693
f 2360 	2310 	2364
f 2256 	2364 	2310
f 50 	941 	2350
f 1939 	2038 	2365
f 2220 	2352 	2361
f 2256 	2414 	2364
f 2038 	1634 	2365
f 2255 	2368 	2042
f 2369 	2042 	2368
f 694 	693 	2375
f 2368 	2255 	2367
f 2255 	2405 	2367
f 2356 	2354 	2348
f 2042 	2369 	2371
f 2367 	2366 	2370
f 2367 	2370 	2372
f 2369 	2368 	2373
f 2369 	2373 	2371
f 2242 	2371 	2373
f 2356 	2361 	2354
f 2367 	2372 	2373
f 2367 	2373 	2368
f 2256 	2373 	2408
f 2372 	2408 	2373
f 2242 	2373 	2256
f 2354 	2361 	2352
f 2358 	2654 	2350
f 2358 	2360 	2415
f 2654 	1992 	2350
f 2376 	2377 	2378
f 5905 	2356 	2348
f 2378 	6798 	2404
f 2376 	2378 	2404
f 2379 	2380 	2381
f 2327 	929 	934
f 2380 	2377 	2376
f 2380 	2376 	2381
f 2380 	2379 	2378
f 2380 	2378 	2377
f 2382 	2383 	2376
f 2367 	2381 	2366
f 2376 	2404 	2382
f 2333 	2384 	2385
f 2376 	2391 	2381
f 2383 	2388 	2376
f 2388 	2386 	2387
f 2327 	934 	2330
f 2391 	2393 	2394
f 2414 	2408 	2417
f 2391 	2388 	2387
f 2391 	2387 	2393
f 2387 	2386 	2394
f 2387 	2394 	2393
f 2394 	2386 	2417
f 2388 	2395 	2396
f 2370 	2391 	2372
f 2395 	2383 	2382
f 2395 	2382 	2396
f 2366 	2381 	2391
f 2395 	2388 	2383
f 2391 	2376 	2388
f 2370 	2366 	2391
f 2404 	2400 	2382
f 2322 	2292 	2323
f 2325 	2323 	2292
f 2402 	2575 	2401
f 2326 	2325 	2292
f 2399 	2402 	2401
f 2399 	2401 	2400
f 2510 	2486 	2326
f 2400 	2401 	2396
f 2400 	2396 	2382
f 2398 	2397 	780
f 779 	2398 	780
f 2381 	2367 	2405
f 2391 	2394 	2408
f 2388 	2396 	2407
f 2401 	2407 	2396
f 2596 	2407 	2401
f 2391 	2408 	2372
f 2430 	2431 	1784
f 2414 	2256 	2408
f 1777 	1784 	2431
f 2411 	2412 	2413
f 2411 	2413 	2410
f 2388 	2407 	2386
f 2386 	2407 	2413
f 2410 	2413 	2407
f 2283 	2403 	2437
f 2358 	2645 	2654
f 2415 	2411 	2358
f 2414 	2417 	2415
f 2416 	2415 	2417
f 2394 	2417 	2408
f 2413 	2412 	2416
f 2413 	2416 	2417
f 2420 	2390 	2419
f 2392 	2419 	2390
f 1950 	2426 	2421
f 2403 	2307 	2406
f 2428 	2422 	2423
f 2424 	2409 	2403
f 2424 	2425 	2409
f 2423 	2427 	2428
f 2406 	2424 	2403
f 2418 	2429 	2426
f 2429 	2421 	2426
f 2307 	2305 	2424
f 2433 	4016 	2432
f 2307 	2424 	2406
f 2434 	4004 	1
f 2299 	2424 	2305
f 2434 	2439 	2432
f 1 	2439 	2434
f 2432 	2447 	2433
f 2441 	2439 	1994
f 1993 	1994 	2440
f 2438 	2421 	2429
f 3162 	1993 	2457
f 1993 	2458 	2457
f 2435 	2458 	1993
f 2384 	2389 	2385
f 3103 	3147 	2435
f 2446 	2385 	2389
f 2333 	2385 	2334
f 5905 	2348 	2389
f 2421 	1881 	1950
f 2442 	2439 	2441
f 2440 	1994 	2439
f 2443 	2435 	2440
f 2435 	1993 	2440
f 2335 	2385 	2446
f 2335 	2334 	2385
f 1661 	1242 	2456
f 2446 	2389 	2348
f 2440 	3136 	2443
f 2348 	2354 	2446
f 2343 	2446 	2220
f 1120 	1301 	2374
f 2352 	2220 	2446
f 2432 	2439 	2442
f 2343 	2335 	2446
f 2438 	2448 	1977
f 1975 	1977 	2448
f 2452 	2200 	5919
f 2453 	2454 	2447
f 2449 	2448 	2451
f 3200 	2433 	2447
f 2449 	2451 	2450
f 3200 	2447 	2454
f 3200 	2454 	4556
f 2448 	2438 	2451
f 2447 	3195 	2453
f 2437 	2776 	3160
f 2436 	2776 	2437
f 2403 	2436 	2437
f 2409 	2436 	2403
f 2444 	2587 	2456
f 2456 	1242 	2545
f 2445 	2444 	2547
f 2456 	2547 	2444
f 2283 	3230 	2284
f 2215 	2226 	2217
f 2218 	2217 	2459
f 2226 	2459 	2217
f 2542 	2541 	2224
f 2541 	2459 	2224
f 2223 	2224 	2459
f 2223 	2459 	2226
f 2222 	2461 	2460
f 2222 	2460 	2221
f 2409 	2425 	2436
f 2224 	2833 	2465
f 2221 	2460 	2223
f 2464 	2223 	2460
f 2463 	2438 	2429
f 2465 	2534 	2224
f 2466 	2461 	2226
f 2222 	2226 	2461
f 2466 	2226 	2215
f 2772 	2455 	2436
f 2463 	2562 	2558
f 2474 	2468 	2463
f 2460 	2196 	2464
f 2196 	2210 	2464
f 2466 	2162 	2213
f 2461 	2466 	2213
f 2467 	2163 	2214
f 2467 	2214 	2459
f 3290 	3202 	2322
f 2429 	2418 	2478
f 2469 	2470 	2471
f 2469 	2471 	2472
f 2473 	2324 	2509
f 2468 	2474 	2462
f 2510 	2326 	2475
f 2292 	2475 	2326
f 2472 	2476 	2477
f 2472 	2477 	2469
f 2254 	2276 	2475
f 2254 	2475 	2292
f 2519 	2470 	2163
f 2477 	2157 	2469
f 2474 	2478 	2462
f 2142 	2477 	2476
f 2479 	2480 	2481
f 2418 	2462 	2478
f 2481 	2509 	2479
f 2472 	2471 	2171
f 2476 	2472 	2142
f 2480 	2482 	2483
f 2480 	2483 	2481
f 2484 	2471 	2470
f 2484 	2470 	2485
f 2480 	2479 	2486
f 2480 	2486 	2482
f 2486 	2483 	2482
f 2326 	2486 	2479
f 2326 	2479 	2324
f 2469 	2163 	2470
f 2487 	2488 	2481
f 2521 	2171 	2471
f 2478 	2463 	2429
f 2483 	2510 	2261
f 2481 	2483 	2496
f 2262 	2496 	2483
f 2478 	2474 	2463
f 2505 	2504 	2488
f 2505 	2488 	2487
f 2490 	2491 	2492
f 2490 	2492 	2489
f 2496 	2494 	2495
f 2493 	2497 	2503
f 2498 	2499 	2500
f 2484 	2514 	2501
f 2559 	2468 	2462
f 2484 	2501 	2471
f 2521 	2471 	2501
f 2495 	2499 	2498
f 2495 	2498 	2496
f 2495 	2494 	2500
f 2495 	2500 	2499
f 2491 	2490 	2501
f 2521 	2501 	2490
f 2270 	2271 	2496
f 2277 	2703 	2271
f 2492 	2491 	2502
f 2502 	2491 	2501
f 2497 	2493 	2502
f 2502 	2489 	2492
f 2498 	2481 	2496
f 2498 	2505 	2481
f 2505 	2498 	2504
f 2450 	2451 	2463
f 2498 	2704 	2504
f 2487 	2481 	2505
f 2497 	2506 	2503
f 2463 	2451 	2438
f 2483 	2486 	2510
f 2508 	2511 	2512
f 2508 	2512 	2507
f 2481 	2488 	2509
f 2507 	2519 	2557
f 2512 	2514 	2507
f 2519 	2507 	2514
f 2517 	2558 	2513
f 2512 	2511 	2515
f 2512 	2515 	2514
f 1746 	2212 	1764
f 2562 	2559 	2513
f 2525 	2515 	2508
f 2511 	2508 	2515
f 2485 	2470 	2514
f 1768 	2115 	2516
f 2525 	2503 	2515
f 2506 	2515 	2503
f 2558 	2562 	2513
f 1768 	2516 	2211
f 2211 	1744 	1768
f 2484 	2485 	2514
f 2515 	2501 	2514
f 2506 	2497 	2515
f 2497 	2502 	2515
f 2501 	2515 	2502
f 1261 	1885 	2374
f 2519 	2514 	2470
f 2520 	2518 	2543
f 1885 	1890 	2374
f 1306 	1263 	2374
f 2522 	2523 	2538
f 2219 	2177 	2216
f 1975 	2374 	1977
f 2926 	2521 	2490
f 2601 	2209 	2141
f 2523 	2524 	2538
f 1903 	2527 	1904
f 2526 	1904 	2527
f 2520 	2524 	2518
f 2839 	2518 	2524
f 2374 	2450 	2513
f 2167 	1904 	2539
f 2526 	2539 	1904
f 2523 	2522 	2524
f 2839 	2524 	2522
f 1977 	2374 	1890
f 2527 	2530 	2531
f 2527 	2531 	2526
f 2493 	3255 	2529
f 2526 	2531 	2202
f 2202 	2539 	2526
f 2502 	2529 	2489
f 2531 	2530 	2203
f 2531 	2203 	2202
f 2534 	2535 	2536
f 2534 	2536 	2537
f 2513 	2450 	2517
f 2593 	2203 	2527
f 2538 	2533 	2522
f 2539 	2195 	2167
f 2374 	1975 	2448
f 2528 	2845 	2837
f 2837 	2540 	2528
f 2532 	2528 	2540
f 2163 	2467 	2519
f 2573 	2782 	2536
f 2536 	2467 	2537
f 2837 	2533 	2540
f 2538 	2540 	2533
f 2449 	2374 	2448
f 2537 	2541 	2542
f 2537 	2542 	2534
f 2524 	2551 	2540
f 2524 	2540 	2538
f 2449 	2450 	2374
f 2542 	2224 	2534
f 2543 	2544 	2520
f 2545 	2610 	2547
f 2541 	2537 	2459
f 2467 	2459 	2537
f 2375 	2554 	2548
f 2549 	2546 	2553
f 2550 	2536 	2535
f 2550 	2535 	2552
f 2549 	2551 	2546
f 2544 	2543 	2551
f 2534 	2465 	2535
f 2465 	2589 	2535
f 2547 	2456 	2545
f 2544 	2551 	2520
f 2524 	2520 	2551
f 2549 	2829 	2551
f 2782 	2519 	2467
f 2546 	3177 	2553
f 2550 	2573 	2536
f 2553 	2555 	2549
f 2507 	2557 	2508
f 2556 	2508 	2557
f 2645 	2358 	2411
f 2412 	2411 	2415
f 2412 	2415 	2416
f 2783 	2525 	2556
f 2557 	2560 	2561
f 2557 	2561 	2556
f 2374 	2513 	2559
f 2417 	2386 	2413
f 2557 	2519 	2782
f 2375 	2374 	2559
f 2545 	2548 	2554
f 2559 	2554 	2375
f 2410 	2407 	2596
f 2556 	2561 	2574
f 2566 	3211 	2567
f 2418 	2559 	2462
f 2565 	2568 	2569
f 2570 	2571 	2572
f 2572 	2594 	2570
f 2552 	2566 	2550
f 2573 	2550 	2566
f 2568 	2571 	2570
f 2568 	2570 	2569
f 2568 	2565 	2572
f 2568 	2572 	2571
f 2562 	2463 	2468
f 2560 	2557 	2573
f 6899 	2569 	2570
f 2563 	2574 	2567
f 2563 	2567 	2564
f 2399 	2400 	2572
f 2566 	2567 	2574
f 2560 	2573 	2561
f 2574 	2561 	2573
f 2566 	2574 	2573
f 2399 	2572 	2402
f 2565 	2575 	2572
f 2575 	2576 	2577
f 2576 	2579 	2580
f 2576 	2580 	2577
f 2468 	2559 	2562
f 2579 	2582 	2580
f 2575 	2582 	2579
f 2575 	2579 	2576
f 2577 	2580 	2602
f 2564 	2578 	2581
f 2564 	2581 	2563
f 2426 	2559 	2418
f 736 	2554 	2559
f 3211 	3206 	2567
f 2552 	2535 	2566
f 2517 	2450 	2463
f 2575 	2565 	2582
f 2402 	2572 	2575
f 2567 	2578 	2564
f 2463 	2558 	2517
f 2584 	2582 	2565
f 2565 	2583 	2584
f 2467 	2536 	2782
f 2586 	2585 	2533
f 2522 	2533 	2585
f 2574 	2563 	2581
f 2522 	2585 	2591
f 2565 	2591 	2585
f 2574 	2783 	2556
f 2583 	2585 	2586
f 2583 	2586 	2584
f 1692 	1699 	2587
f 3339 	2581 	3340
f 2578 	3340 	2581
f 2586 	2588 	2582
f 2586 	2582 	2584
f 2583 	2565 	2585
f 6968 	2610 	2545
f 2445 	2547 	2590
f 2598 	2590 	2547
f 2588 	2533 	2837
f 2586 	2533 	2588
f 2590 	2587 	2445
f 2444 	2445 	2587
f 6911 	2591 	2569
f 1693 	1692 	2590
f 2587 	2590 	1692
f 2582 	2588 	2580
f 2171 	2593 	1903
f 2527 	1903 	2593
f 2400 	2404 	2594
f 2400 	2594 	2572
f 2595 	1661 	2456
f 2548 	2545 	1242
f 2575 	2577 	2596
f 2177 	2195 	2539
f 2575 	2596 	2401
f 2456 	2587 	2595
f 1699 	2595 	2587
f 2146 	2138 	2597
f 2219 	2601 	2198
f 1680 	1693 	1700
f 1693 	2590 	1700
f 2598 	1700 	2590
f 2601 	2132 	2152
f 2600 	2616 	2599
f 2577 	2599 	2596
f 2602 	2603 	2600
f 2602 	2600 	2599
f 1699 	676 	2595
f 2152 	2109 	2601
f 2611 	1733 	2598
f 2598 	1733 	1700
f 2605 	2624 	2604
f 2606 	2607 	2116
f 6968 	2545 	6974
f 2554 	6974 	2545
f 2116 	2146 	2606
f 2605 	2606 	2897
f 2897 	2606 	2146
f 2577 	2602 	2599
f 2580 	2588 	2602
f 2588 	3358 	2602
f 2611 	2547 	2610
f 2598 	2547 	2611
f 2117 	2612 	2613
f 2610 	2614 	2615
f 2608 	2898 	2147
f 2613 	2608 	2147
f 2611 	2610 	2615
f 1726 	1733 	1724
f 1724 	1733 	2615
f 2611 	2615 	1733
f 2645 	2411 	2616
f 2410 	2616 	2411
f 2604 	2609 	2608
f 2604 	2608 	2605
f 3357 	2599 	2616
f 2612 	2607 	2606
f 2612 	2606 	2613
f 2117 	2116 	2607
f 2117 	2607 	2612
f 2613 	2606 	2605
f 2613 	2605 	2608
f 2898 	1839 	2147
f 2616 	2600 	2603
f 2619 	2618 	2617
f 2619 	2617 	2620
f 2618 	2622 	2636
f 2392 	2390 	2780
f 2390 	2621 	2780
f 2625 	2626 	961
f 2628 	2746 	2626
f 2747 	2231 	961
f 2609 	2604 	2624
f 2609 	2624 	2627
f 2640 	2629 	2632
f 2390 	2631 	2621
f 2623 	2749 	2629
f 2630 	2636 	2622
f 2629 	2749 	2632
f 1843 	1846 	2627
f 2624 	2618 	2627
f 2630 	2622 	2624
f 2622 	2618 	2624
f 2618 	2619 	2627
f 1843 	2627 	2619
f 2617 	2618 	2633
f 2653 	2633 	2618
f 2620 	2634 	2619
f 2619 	2634 	2896
f 2620 	2617 	2633
f 2620 	2633 	2634
f 2625 	965 	2635
f 2626 	2625 	2635
f 2626 	2635 	2640
f 2626 	2640 	2632
f 2626 	2632 	2628
f 2618 	2636 	2653
f 1838 	1842 	2896
f 2624 	2605 	2897
f 2608 	2609 	2627
f 2638 	2688 	2635
f 2674 	2688 	2638
f 2624 	2897 	2639
f 2624 	2639 	2630
f 2637 	2638 	969
f 2838 	2852 	2390
f 2637 	2674 	2638
f 2627 	1848 	2898
f 2636 	2630 	2639
f 2639 	2644 	2636
f 2653 	3419 	2633
f 2390 	2852 	2631
f 2643 	2629 	2670
f 2643 	2641 	2642
f 2634 	2633 	3419
f 2644 	2646 	2915
f 2647 	2648 	2649
f 2651 	2917 	2650
f 2780 	2654 	2392
f 2639 	2897 	2651
f 2650 	2646 	2644
f 2650 	2644 	2651
f 2648 	2642 	2641
f 2648 	2641 	2649
f 2651 	2644 	2639
f 2647 	2643 	2642
f 2647 	2642 	2648
f 3419 	2653 	3434
f 2669 	2680 	2319
f 1936 	1926 	2319
f 2655 	2656 	2647
f 2317 	2316 	2319
f 2317 	2319 	2318
f 2623 	2629 	2643
f 2319 	2316 	2669
f 2657 	2658 	2659
f 2647 	2671 	2655
f 2659 	2677 	2657
f 2656 	2655 	2767
f 2765 	2760 	2643
f 2643 	2647 	2765
f 2656 	2765 	2647
f 2658 	2657 	6923
f 2657 	377 	6923
f 4010 	6923 	377
f 2662 	2663 	2659
f 2643 	2670 	2641
f 2316 	2677 	2663
f 2664 	2665 	2692
f 2692 	2789 	2664
f 2663 	2669 	2316
f 2660 	2665 	2664
f 2660 	2664 	2661
f 2666 	2667 	2662
f 2660 	2692 	2665
f 2661 	2664 	2649
f 2661 	2649 	2641
f 2662 	2659 	2666
f 2667 	2666 	2669
f 2680 	2669 	2666
f 2788 	2641 	2670
f 2661 	2641 	2788
f 1936 	2319 	2680
f 2647 	2649 	2671
f 2667 	2669 	2662
f 2663 	2662 	2669
f 2640 	2688 	2670
f 2680 	2666 	2672
f 2668 	2672 	2666
f 2640 	2670 	2629
f 2668 	6933 	2672
f 2673 	2674 	2675
f 2673 	2675 	2676
f 377 	2657 	2677
f 2678 	2675 	1016
f 2675 	2674 	1005
f 969 	1005 	2674
f 2637 	969 	2674
f 2659 	2663 	2677
f 2676 	2681 	2679
f 2676 	2679 	2673
f 2674 	2673 	2679
f 2676 	2675 	2681
f 2678 	2682 	2675
f 2682 	2678 	1015
f 1016 	1015 	2678
f 2684 	2691 	2683
f 2685 	2686 	2684
f 2685 	2684 	2683
f 2681 	2685 	2683
f 2681 	2683 	2679
f 2788 	2688 	2683
f 2675 	2689 	2681
f 2792 	2685 	2689
f 2689 	3073 	2792
f 2288 	2303 	2690
f 2640 	2635 	2688
f 2675 	2682 	2689
f 2788 	2691 	2661
f 2660 	2661 	2691
f 2303 	2291 	2690
f 2691 	2692 	2660
f 2788 	2683 	2691
f 2695 	2694 	2693
f 2695 	2693 	2696
f 2686 	2685 	2694
f 2684 	2686 	2694
f 2695 	2692 	2694
f 2692 	2691 	2694
f 2684 	2694 	2691
f 2664 	2789 	2649
f 2679 	2683 	2688
f 2693 	2694 	2697
f 2792 	2697 	2694
f 2696 	2698 	2695
f 2696 	2693 	2697
f 2696 	2697 	2698
f 2694 	2685 	2792
f 2681 	2689 	2685
f 2700 	2695 	2699
f 2314 	3833 	2295
f 822 	696 	695
f 2695 	2795 	2699
f 2979 	2699 	2795
f 3833 	3825 	2295
f 2276 	2261 	2510
f 2498 	2500 	2704
f 2496 	2271 	2703
f 3333 	2504 	2704
f 3334 	3290 	2509
f 2510 	2475 	2276
f 2297 	2687 	822
f 2298 	2297 	822
f 2048 	2705 	2268
f 2705 	2048 	2706
f 2049 	2706 	2048
f 2706 	2712 	2705
f 2706 	2049 	2712
f 2054 	2712 	2049
f 2768 	2719 	2291
f 2709 	2708 	2707
f 2709 	2707 	2710
f 2719 	2690 	2291
f 2711 	2709 	2710
f 2711 	2710 	2712
f 2735 	2717 	2713
f 2717 	2712 	2707
f 2710 	2707 	2712
f 2709 	2711 	2708
f 2717 	2705 	2712
f 2751 	2291 	2100
f 2054 	2061 	2711
f 2711 	2061 	2742
f 2054 	2711 	2712
f 2714 	2726 	2713
f 2100 	2745 	2751
f 2715 	2714 	2713
f 2715 	2713 	2716
f 2708 	2716 	2713
f 2708 	2713 	2707
f 2708 	2718 	2716
f 2707 	2713 	2717
f 2737 	2716 	2718
f 2711 	2718 	2708
f 2687 	2690 	2719
f 2277 	2268 	2717
f 2742 	2741 	2711
f 2496 	2703 	2494
f 2721 	2494 	2735
f 2723 	2724 	2727
f 2723 	2736 	2500
f 2720 	2727 	2724
f 2722 	2725 	2687
f 2724 	2723 	2721
f 2724 	2721 	2720
f 2721 	2723 	2500
f 2721 	2500 	2494
f 2721 	2726 	2720
f 2726 	2727 	2720
f 2728 	2758 	2729
f 2715 	2716 	2728
f 2714 	2715 	2728
f 2729 	2727 	2728
f 2733 	2727 	2732
f 2729 	2732 	2727
f 2727 	2726 	2728
f 2714 	2728 	2726
f 2687 	2725 	2730
f 2726 	2721 	2735
f 2736 	2723 	2727
f 2735 	2713 	2726
f 2736 	2727 	2734
f 2733 	2734 	2727
f 2737 	2756 	2728
f 2758 	2759 	2729
f 2716 	2737 	2728
f 2732 	2729 	2731
f 2732 	2731 	2734
f 2732 	2734 	2733
f 2735 	2494 	2703
f 2736 	2704 	2500
f 2729 	2738 	2731
f 4116 	2731 	2738
f 2717 	2735 	2703
f 2703 	2277 	2717
f 4583 	4116 	2770
f 3833 	2680 	2739
f 2672 	2739 	2680
f 2739 	812 	2740
f 811 	2740 	812
f 2741 	2742 	2227
f 2718 	2711 	2741
f 6933 	812 	2672
f 961 	2626 	2747
f 2746 	2747 	2626
f 2748 	2231 	2747
f 2749 	2623 	2744
f 2632 	2749 	2750
f 2750 	2746 	2632
f 2628 	2632 	2746
f 2754 	2291 	2752
f 2747 	2746 	2750
f 2760 	2769 	2749
f 2747 	2750 	2755
f 2755 	2753 	2747
f 2747 	2753 	2748
f 2754 	2745 	2743
f 2751 	2754 	2752
f 2753 	2755 	2741
f 2718 	2741 	2755
f 2757 	2728 	2756
f 2762 	2756 	2769
f 2745 	2754 	2751
f 2763 	2770 	2759
f 2770 	2738 	2759
f 2757 	2758 	2728
f 2751 	2752 	2291
f 2757 	2756 	2759
f 2757 	2759 	2758
f 2759 	2756 	2763
f 2762 	2763 	2756
f 2760 	2761 	2762
f 2763 	2764 	2765
f 2765 	2770 	2763
f 2761 	2764 	2763
f 2761 	2763 	2762
f 2760 	2765 	2764
f 2760 	2764 	2761
f 2744 	2760 	2749
f 2765 	2766 	2767
f 2770 	2765 	2767
f 2766 	2656 	2767
f 2768 	2722 	2687
f 2766 	2765 	2656
f 2623 	2643 	2760
f 2623 	2760 	2744
f 2760 	2762 	2769
f 2737 	2769 	2756
f 2729 	2759 	2738
f 2755 	2749 	2769
f 2750 	2749 	2755
f 2718 	2755 	2737
f 2769 	2737 	2755
f 2768 	2725 	2722
f 2719 	2768 	2687
f 2425 	2772 	2436
f 2425 	2424 	2772
f 2424 	2299 	2772
f 3496 	2773 	2771
f 2772 	2777 	2774
f 2772 	3164 	2777
f 2773 	2730 	2771
f 2772 	2296 	3164
f 2730 	2725 	2771
f 2299 	2296 	2772
f 2776 	2774 	2775
f 3755 	2773 	2771
f 2777 	2775 	2774
f 3825 	819 	2295
f 2776 	2455 	2774
f 2768 	3755 	2771
f 2771 	2725 	2768
f 2780 	2621 	2779
f 2436 	2455 	2776
f 2779 	2621 	2778
f 2645 	2652 	2654
f 2652 	2392 	2654
f 2781 	2778 	2621
f 2567 	3206 	2592
f 2566 	2535 	2589
f 3544 	2284 	3230
f 2567 	2592 	2578
f 2692 	2701 	2702
f 2980 	3000 	2702
f 2701 	2700 	2699
f 2701 	2699 	2702
f 2573 	2557 	2782
f 2692 	2695 	2700
f 2692 	2700 	2701
f 2574 	2581 	2783
f 3335 	3571 	3339
f 2979 	2980 	2699
f 2702 	2699 	2980
f 2508 	2556 	2525
f 2697 	2792 	3089
f 3109 	3089 	2792
f 2784 	2811 	2785
f 3089 	2698 	2697
f 2785 	2786 	2787
f 2785 	2787 	2784
f 2787 	2186 	2784
f 2671 	2649 	2789
f 2787 	2786 	2192
f 2787 	2192 	2186
f 2785 	2810 	2210
f 2785 	2192 	2786
f 2674 	2679 	2688
f 2692 	2702 	2789
f 3000 	2789 	2702
f 2793 	2790 	2791
f 2793 	2791 	2794
f 2695 	2698 	2795
f 3110 	2795 	2698
f 2616 	2796 	2645
f 2806 	2793 	2794
f 2603 	2796 	2616
f 2806 	2827 	2790
f 2790 	2793 	2806
f 2788 	2670 	2688
f 3000 	2671 	2789
f 2602 	2796 	2603
f 2801 	2869 	2802
f 2791 	2801 	2794
f 2803 	2804 	2805
f 2655 	2671 	2805
f 2671 	2933 	2805
f 2794 	2801 	2806
f 2779 	2872 	2780
f 2799 	2807 	2802
f 2799 	2802 	2800
f 2804 	2803 	4570
f 2801 	2802 	2807
f 2798 	2797 	2807
f 2797 	2806 	2807
f 2801 	2807 	2806
f 2767 	2655 	2805
f 2808 	2809 	2803
f 2810 	2785 	2811
f 2822 	2778 	2781
f 2803 	2933 	2808
f 2807 	2830 	2810
f 2798 	2810 	2811
f 2798 	2811 	2797
f 2812 	2815 	2816
f 2800 	2813 	2814
f 2800 	2814 	2799
f 2936 	2812 	2816
f 2815 	2809 	2808
f 2815 	2808 	2816
f 2869 	2868 	2802
f 2809 	2815 	2803
f 2815 	2812 	2803
f 4578 	2803 	2812
f 2801 	2791 	2819
f 2821 	2816 	2808
f 2802 	2813 	2800
f 2818 	2812 	2817
f 2936 	2817 	2812
f 2827 	5729 	2790
f 2806 	2811 	2827
f 2797 	2811 	2806
f 2784 	2204 	2811
f 2807 	2799 	2814
f 2798 	2807 	2810
f 2865 	2801 	2819
f 2791 	5707 	2819
f 2822 	2781 	2621
f 2802 	2823 	2813
f 5666 	5729 	2204
f 2826 	2528 	2828
f 2532 	2828 	2528
f 2828 	2829 	2826
f 2829 	2828 	2532
f 2827 	2811 	2204
f 2186 	2204 	2784
f 2555 	2553 	2829
f 2540 	2551 	2829
f 2555 	2829 	2549
f 2532 	2540 	2829
f 2807 	2814 	2830
f 2210 	2810 	2830
f 3357 	2616 	2410
f 2829 	2553 	2831
f 2832 	2858 	2833
f 2596 	2599 	3357
f 2833 	2835 	2836
f 2833 	2836 	2832
f 2551 	2543 	2834
f 2223 	2464 	2832
f 2836 	2223 	2832
f 2836 	2835 	2224
f 2836 	2224 	2223
f 2833 	2857 	2465
f 2833 	2224 	2835
f 2813 	2853 	2854
f 2813 	2854 	2814
f 2591 	5413 	2839
f 2591 	2839 	2522
f 2826 	2909 	2528
f 2845 	2528 	2909
f 2842 	2845 	2909
f 2848 	2841 	2840
f 2848 	2840 	2846
f 2843 	2858 	2848
f 2846 	2847 	2851
f 2844 	2843 	2851
f 2843 	2848 	2851
f 2846 	2851 	2848
f 2848 	2862 	2854
f 2841 	2854 	2853
f 2841 	2853 	2840
f 2857 	2833 	2858
f 2856 	3349 	2855
f 2832 	2464 	2858
f 2856 	3350 	2892
f 2851 	2863 	2857
f 2855 	2892 	2850
f 2844 	2857 	2858
f 2844 	2858 	2843
f 2822 	2621 	2852
f 2860 	2876 	2846
f 3347 	2855 	2850
f 2621 	2631 	2852
f 3347 	2856 	2855
f 2853 	2860 	2846
f 2840 	2853 	2846
f 2861 	2886 	2847
f 2830 	2854 	2862
f 2841 	2848 	2854
f 2890 	2889 	2851
f 2844 	2851 	2857
f 2853 	2813 	2860
f 2823 	2860 	2813
f 2464 	2210 	2830
f 2464 	2830 	2862
f 2814 	2854 	2830
f 2464 	2862 	2858
f 2848 	2858 	2862
f 2465 	2857 	2863
f 2390 	3345 	3347
f 2865 	2866 	2867
f 2865 	2867 	2868
f 2819 	2866 	2865
f 2838 	2390 	3347
f 2868 	2867 	2823
f 2868 	2869 	2870
f 2868 	2870 	2865
f 2865 	2870 	2801
f 2870 	2869 	2801
f 4249 	4275 	2867
f 2823 	2802 	2868
f 2866 	2873 	2874
f 2866 	2874 	2867
f 2871 	2859 	2864
f 2819 	4266 	2866
f 2873 	4249 	2874
f 4249 	2867 	2874
f 2850 	2871 	2864
f 2876 	2877 	2878
f 2876 	2878 	2879
f 2850 	2892 	2871
f 2876 	2860 	2877
f 2892 	2895 	2871
f 2878 	2861 	2879
f 2899 	2880 	2778
f 2879 	2881 	2882
f 2879 	2882 	2876
f 2823 	4336 	2860
f 2876 	2882 	2846
f 4336 	2877 	2860
f 2882 	2881 	2847
f 2882 	2847 	2846
f 3500 	2652 	2918
f 2861 	2847 	2879
f 2881 	2879 	2847
f 2877 	2884 	2885
f 2877 	2885 	2878
f 4297 	4339 	2878
f 2885 	4297 	2878
f 2886 	2887 	2888
f 2886 	2888 	2889
f 3237 	2887 	2886
f 2888 	3239 	2889
f 2889 	2890 	2891
f 2889 	2891 	2886
f 2880 	2875 	2872
f 2880 	3354 	2875
f 2886 	2861 	3237
f 2891 	2847 	2886
f 2778 	2880 	2872
f 2890 	2851 	2847
f 2890 	2847 	2891
f 3239 	2465 	2863
f 2892 	2390 	2913
f 2851 	2889 	2863
f 3239 	2863 	2889
f 2893 	2888 	2887
f 2893 	2887 	2894
f 2855 	2856 	2892
f 3237 	3218 	2887
f 2892 	2910 	2895
f 2778 	2872 	2779
f 2465 	3239 	2589
f 3435 	2896 	3420
f 2913 	2910 	2892
f 2653 	2636 	2644
f 2619 	2896 	1842
f 2627 	2898 	2608
f 2883 	2842 	2906
f 2899 	2778 	2822
f 2897 	2930 	2651
f 2822 	2852 	2899
f 3500 	2419 	2652
f 2883 	2918 	2652
f 2906 	2918 	2883
f 2852 	2849 	2899
f 2521 	2926 	2171
f 2926 	2593 	2171
f 3358 	2883 	2796
f 2593 	2902 	2203
f 2842 	2883 	2845
f 2901 	2902 	2593
f 2593 	2926 	2901
f 2903 	2203 	2902
f 2207 	2907 	2908
f 2908 	2597 	2207
f 3174 	2909 	2831
f 2904 	2597 	2908
f 2917 	2930 	2904
f 2909 	2906 	2842
f 2900 	2905 	2904
f 2900 	2904 	2901
f 2907 	2903 	2902
f 2907 	2902 	2908
f 2207 	2203 	2903
f 2207 	2903 	2907
f 2908 	2902 	2901
f 2908 	2901 	2904
f 2597 	2930 	2146
f 2901 	2911 	2900
f 2912 	2914 	2916
f 2912 	2916 	2915
f 2913 	2929 	2910
f 2917 	2915 	2646
f 2917 	2646 	2650
f 2905 	2900 	2911
f 2912 	2915 	2911
f 2915 	2917 	2911
f 2905 	2911 	2917
f 2912 	2919 	2914
f 2916 	2920 	2915
f 2906 	2909 	2918
f 2915 	2920 	2928
f 2916 	2914 	2919
f 2916 	2919 	2920
f 2653 	2644 	2928
f 2904 	2905 	2917
f 2912 	2927 	2919
f 2859 	2871 	2921
f 2871 	2895 	2921
f 2489 	2923 	2490
f 2922 	2490 	2923
f 2923 	2924 	2925
f 2923 	2925 	2922
f 2922 	2925 	2911
f 2921 	3170 	2859
f 2912 	2911 	2924
f 2925 	2924 	2911
f 2924 	2923 	2912
f 2490 	2922 	2926
f 2911 	2926 	2922
f 2921 	2895 	2910
f 2529 	3277 	2927
f 2910 	2931 	2921
f 2529 	2927 	2489
f 2912 	2923 	2927
f 2923 	2489 	2927
f 2911 	2901 	2926
f 2915 	2928 	2644
f 2917 	2651 	2930
f 2597 	2904 	2930
f 2897 	2146 	2930
f 2825 	2975 	2824
f 2975 	3003 	2824
f 2820 	2825 	2824
f 2820 	2824 	2821
f 2816 	2821 	2824
f 2948 	1215 	1218
f 2803 	2805 	2933
f 2821 	2808 	3000
f 2933 	3000 	2808
f 2824 	3003 	2816
f 3000 	2933 	2671
f 2934 	2937 	2955
f 2965 	2938 	2935
f 2817 	2936 	2940
f 2941 	2942 	2943
f 2941 	2943 	2938
f 2944 	2937 	2943
f 2937 	2934 	2943
f 2938 	2943 	2934
f 2938 	2934 	2935
f 2939 	2940 	2945
f 2961 	2945 	2940
f 2946 	2947 	2945
f 2946 	2945 	2961
f 2944 	2955 	2937
f 2951 	2949 	2950
f 2941 	2938 	2948
f 2976 	1225 	2948
f 2962 	2949 	2951
f 2943 	2942 	2952
f 2950 	2949 	4729
f 2942 	2941 	2948
f 2942 	2948 	2952
f 2952 	2948 	1218
f 2951 	2953 	2954
f 2962 	2951 	2954
f 2958 	3046 	2954
f 2953 	2947 	2946
f 2953 	2946 	2954
f 2947 	2953 	2945
f 2951 	2945 	2953
f 2963 	2964 	2935
f 2946 	2958 	2954
f 1834 	1838 	2955
f 2961 	3044 	2946
f 2965 	2968 	2938
f 2959 	3020 	2958
f 3020 	3046 	2958
f 2976 	2948 	2938
f 2956 	2959 	2958
f 2956 	2958 	2957
f 2943 	2960 	2944
f 2957 	2958 	2946
f 2961 	2940 	2936
f 2943 	2978 	2960
f 1835 	2960 	1840
f 2955 	2944 	2960
f 2957 	2946 	3044
f 1835 	2955 	2960
f 3003 	3044 	2936
f 2964 	2965 	2935
f 2976 	2938 	2968
f 2964 	2963 	2968
f 2964 	2968 	2965
f 2967 	2966 	2970
f 2967 	2970 	2969
f 2981 	2971 	2966
f 2935 	2973 	2963
f 2934 	2955 	2972
f 1838 	2972 	2955
f 2968 	2985 	2976
f 2981 	2977 	2971
f 2943 	2952 	2978
f 2952 	1218 	2978
f 1228 	2978 	1218
f 2825 	2820 	2970
f 2966 	2974 	2970
f 2971 	2977 	2966
f 2977 	2974 	2966
f 2974 	2975 	2970
f 2825 	2970 	2975
f 1840 	2960 	2978
f 2999 	2966 	2979
f 2967 	2979 	2966
f 2970 	2980 	2969
f 1840 	2978 	1228
f 1840 	1228 	675
f 2970 	3000 	2980
f 1255 	3005 	1260
f 2980 	2979 	2969
f 2967 	2969 	2979
f 3006 	1259 	3017
f 3006 	3005 	1255
f 2966 	2999 	2981
f 2963 	2973 	2983
f 2820 	2821 	2970
f 2970 	2821 	3000
f 2983 	2982 	2984
f 2983 	2984 	2985
f 3002 	2974 	2986
f 2977 	2986 	2974
f 2983 	2985 	2963
f 2968 	2963 	2985
f 2977 	2981 	2986
f 3001 	2989 	2988
f 3589 	3592 	2986
f 3589 	2986 	2981
f 2983 	2987 	2982
f 2991 	2974 	2990
f 3002 	2990 	2974
f 2988 	2989 	2992
f 2988 	2992 	2993
f 2975 	2994 	2995
f 2989 	3001 	2992
f 3044 	3003 	2995
f 2994 	2991 	2990
f 2994 	2990 	2995
f 2996 	2997 	2998
f 2996 	2998 	2993
f 2975 	2974 	2991
f 2975 	2991 	2994
f 2984 	2982 	2998
f 2982 	2987 	2998
f 2993 	2998 	2987
f 2993 	2987 	2988
f 3008 	2995 	2990
f 2997 	3006 	2998
f 2996 	3006 	2997
f 3466 	3039 	3011
f 2795 	2999 	2979
f 2992 	3004 	2993
f 3002 	2986 	3592
f 3592 	3612 	3002
f 2993 	3004 	3015
f 2936 	2816 	3003
f 2992 	3001 	3004
f 2993 	3005 	2996
f 2993 	3015 	3005
f 3005 	3015 	1260
f 2998 	3006 	3017
f 2990 	3002 	3008
f 3006 	2996 	3005
f 3009 	3044 	2995
f 2998 	3017 	2985
f 2984 	2998 	2985
f 3007 	3010 	3009
f 3007 	3009 	3008
f 2988 	3042 	3012
f 2995 	3008 	3009
f 2987 	2983 	3011
f 2973 	3011 	2983
f 3010 	3007 	3013
f 3010 	3013 	3014
f 3004 	3049 	3015
f 2957 	3014 	2956
f 3017 	1259 	1264
f 2976 	2985 	3017
f 3020 	3019 	3018
f 3020 	3018 	3021
f 1260 	3015 	3077
f 1260 	3077 	1576
f 2976 	3017 	1264
f 1264 	1225 	2976
f 2934 	3025 	3026
f 2934 	3026 	2935
f 3027 	3415 	3024
f 2959 	2956 	3014
f 3013 	3019 	3014
f 3016 	3022 	3013
f 3022 	3019 	3013
f 3019 	3020 	3014
f 2959 	3014 	3020
f 2934 	3028 	3025
f 3007 	3008 	3013
f 3043 	3013 	3008
f 3044 	3009 	3014
f 3009 	3010 	3014
f 2934 	2972 	3028
f 3435 	3028 	2972
f 3043 	3038 	3013
f 3024 	3023 	3029
f 3024 	3029 	3027
f 3044 	3014 	2957
f 3030 	3026 	3025
f 3030 	3025 	3028
f 3018 	3019 	3031
f 3045 	3031 	3019
f 3030 	2935 	3026
f 3027 	3029 	3030
f 3027 	3030 	3028
f 3021 	3032 	3020
f 2935 	3030 	2973
f 3029 	2973 	3030
f 3023 	3410 	3029
f 3021 	3018 	3031
f 3021 	3031 	3032
f 3033 	3034 	3443
f 3022 	3041 	3019
f 3045 	3019 	3041
f 2987 	3035 	3036
f 2987 	3036 	2988
f 3016 	3013 	3038
f 2987 	3011 	3039
f 3034 	3033 	3040
f 3034 	3040 	3037
f 3037 	3040 	3042
f 3037 	3042 	3039
f 3038 	3041 	3016
f 3022 	3016 	3041
f 3042 	3040 	3012
f 3038 	3043 	3637
f 3035 	3039 	3042
f 3035 	3042 	3036
f 3637 	3041 	3038
f 2987 	3039 	3035
f 3008 	3002 	3043
f 2975 	2995 	3003
f 3036 	3042 	2988
f 3011 	2973 	3466
f 3043 	3658 	3637
f 4208 	3074 	3012
f 1570 	1567 	3070
f 3069 	3070 	1567
f 3020 	3032 	3046
f 2962 	2954 	3046
f 2988 	3012 	3001
f 3001 	3012 	3048
f 2961 	2936 	3044
f 3059 	3077 	3049
f 3047 	3050 	3049
f 3047 	3049 	3048
f 2682 	1523 	3051
f 3048 	3049 	3001
f 3004 	3001 	3049
f 3051 	2689 	2682
f 3053 	3051 	1523
f 3048 	3052 	3047
f 3057 	3056 	3055
f 3057 	3055 	3058
f 3060 	3057 	3058
f 3060 	3058 	3062
f 3058 	3055 	3062
f 3057 	3060 	3056
f 3075 	3056 	3060
f 3059 	3064 	3063
f 3059 	3063 	3061
f 3062 	3073 	3051
f 3053 	3062 	3051
f 3072 	3071 	3060
f 3087 	3086 	3064
f 3072 	3060 	1534
f 1524 	1534 	3060
f 3060 	3062 	1524
f 3053 	1524 	3062
f 3050 	3047 	3052
f 3087 	3064 	3054
f 3088 	3087 	3054
f 3052 	3054 	3064
f 3064 	3059 	3052
f 3050 	3052 	3059
f 3066 	3078 	3065
f 3056 	3067 	3065
f 3056 	3065 	3055
f 3065 	3067 	3068
f 3065 	3068 	3066
f 1567 	1576 	3069
f 3061 	3069 	3059
f 3063 	3070 	3069
f 3063 	3069 	3061
f 3071 	3072 	1539
f 3075 	3060 	3071
f 3064 	3080 	3070
f 3063 	3064 	3070
f 1534 	1541 	3072
f 3050 	3059 	3049
f 3065 	3073 	3055
f 3062 	3055 	3073
f 4208 	3397 	3074
f 3109 	2792 	3073
f 3052 	3048 	3074
f 3012 	3074 	3048
f 2689 	3051 	3073
f 3059 	3069 	3077
f 1576 	3077 	3069
f 1579 	1570 	3070
f 1579 	3070 	3080
f 3015 	3049 	3077
f 3078 	3082 	3081
f 3078 	3081 	3079
f 3109 	3065 	3078
f 3395 	1579 	3080
f 3067 	3083 	3068
f 3085 	3092 	3086
f 3112 	3099 	3084
f 3066 	3068 	3083
f 3101 	3082 	3084
f 3083 	3084 	3082
f 3082 	3078 	3083
f 3066 	3083 	3078
f 3086 	3087 	3088
f 3086 	3088 	3085
f 3109 	3078 	3089
f 3079 	3089 	3078
f 3076 	3393 	3085
f 3076 	3085 	3054
f 3088 	3054 	3085
f 3081 	3082 	3090
f 3110 	3090 	3082
f 3395 	3080 	3086
f 3085 	3091 	3092
f 3090 	3089 	3081
f 3079 	3081 	3089
f 2698 	3089 	3090
f 3093 	3094 	3092
f 3093 	3092 	3091
f 3101 	3102 	3082
f 3093 	3091 	3095
f 3393 	3095 	3091
f 3067 	3111 	3083
f 3096 	1655 	3395
f 3097 	3098 	3096
f 3097 	3096 	3395
f 5140 	1655 	3096
f 3100 	3084 	3099
f 3098 	5140 	3096
f 3100 	3101 	3084
f 3395 	3092 	3097
f 3094 	3097 	3092
f 3611 	3110 	3586
f 3110 	3082 	3102
f 3100 	3099 	3102
f 3100 	3102 	3101
f 3102 	3099 	3586
f 3083 	3104 	3105
f 3084 	3106 	3107
f 3084 	3107 	3112
f 3105 	3106 	3084
f 3105 	3084 	3083
f 3105 	3104 	3107
f 3105 	3107 	3106
f 3131 	3107 	3104
f 2698 	3090 	3110
f 3109 	3073 	3065
f 2458 	2435 	3147
f 3083 	3111 	3104
f 3108 	2458 	3147
f 3111 	3067 	3075
f 3056 	3075 	3067
f 3108 	2457 	2458
f 2999 	2795 	3110
f 3071 	1586 	3113
f 3071 	3113 	3075
f 3128 	3075 	3113
f 3113 	1586 	3115
f 1589 	3115 	1586
f 3115 	3123 	3113
f 1589 	1653 	3115
f 3117 	3118 	3119
f 3117 	3119 	3116
f 1655 	5140 	3120
f 5140 	5148 	3120
f 3120 	3121 	1655
f 3122 	3119 	3118
f 3122 	3118 	3123
f 3125 	3128 	3117
f 3128 	3123 	3117
f 3118 	3117 	3123
f 3119 	3122 	3116
f 3129 	3116 	3122
f 3128 	3113 	3123
f 3121 	3120 	3122
f 3129 	3122 	3120
f 1659 	3121 	3122
f 1659 	3122 	3123
f 3115 	1653 	3123
f 3125 	3117 	3124
f 3116 	3124 	3117
f 3126 	3127 	3125
f 3126 	3125 	3124
f 3128 	3148 	3075
f 2435 	2443 	3103
f 3134 	3148 	3125
f 2432 	2442 	2447
f 3116 	3129 	3124
f 3150 	3124 	3129
f 3104 	3111 	3131
f 3133 	3135 	3132
f 3133 	3132 	3131
f 3133 	3131 	3130
f 3131 	3132 	3107
f 3130 	3131 	3134
f 3134 	3135 	3133
f 3134 	3133 	3130
f 2440 	3161 	3158
f 2440 	3158 	3136
f 3137 	3140 	3139
f 3137 	3139 	3138
f 2440 	3168 	3161
f 3126 	3124 	3138
f 2443 	3147 	3103
f 2443 	3136 	3147
f 3127 	3126 	3138
f 3139 	3135 	3138
f 3145 	3135 	3139
f 3135 	3134 	3138
f 3127 	3138 	3134
f 3135 	3149 	3132
f 3127 	3134 	3125
f 3137 	3138 	3141
f 3114 	3195 	2447
f 3150 	3141 	3138
f 3140 	3142 	3139
f 3140 	3137 	3141
f 3140 	3141 	3142
f 3139 	3143 	3144
f 3139 	3151 	3143
f 3689 	3143 	3151
f 3144 	3145 	3139
f 3135 	3145 	3146
f 3690 	3149 	3146
f 3144 	3143 	3146
f 3144 	3146 	3145
f 3146 	3143 	3689
f 3146 	3689 	3690
f 3134 	3131 	3148
f 3111 	3148 	3131
f 3112 	3132 	3149
f 3107 	3132 	3112
f 3111 	3075 	3148
f 3128 	3125 	3148
f 3135 	3146 	3149
f 3139 	3142 	3151
f 5282 	3150 	5148
f 3138 	3124 	3150
f 3153 	3605 	3154
f 3153 	3155 	3583
f 3156 	3157 	3155
f 3156 	3155 	3153
f 3158 	3152 	3147
f 3157 	3583 	3155
f 3147 	3152 	3172
f 3156 	3159 	3589
f 3147 	3172 	3171
f 3223 	3230 	2283
f 3136 	3158 	3147
f 3160 	3223 	2283
f 2437 	3160 	2283
f 2772 	2774 	2455
f 2441 	4842 	2442
f 3160 	2776 	2775
f 3198 	3194 	3114
f 1993 	3162 	3163
f 3163 	4564 	1993
f 3222 	3230 	3223
f 3164 	2775 	2777
f 3164 	3165 	2775
f 3163 	3162 	3167
f 2457 	3108 	3162
f 4560 	3167 	3171
f 3108 	3167 	3162
f 2931 	2929 	2932
f 3108 	3147 	3167
f 3147 	3171 	3167
f 2910 	2929 	2931
f 3114 	2442 	4842
f 3172 	3161 	3168
f 2447 	2442 	3114
f 3158 	3172 	3152
f 3172 	3180 	3171
f 2931 	3173 	3169
f 3168 	4811 	4586
f 3169 	2921 	2931
f 3172 	3186 	3180
f 3161 	3172 	3158
f 3168 	3186 	3172
f 3174 	2918 	2909
f 2826 	2831 	2909
f 2829 	2831 	2826
f 3175 	3358 	2837
f 2837 	2845 	3175
f 2883 	3175 	2845
f 2546 	3176 	3177
f 3168 	2440 	4811
f 2546 	2834 	3176
f 2551 	2834 	2546
f 3176 	3178 	3179
f 3176 	3179 	3177
f 3179 	3193 	3177
f 3183 	3181 	3182
f 3183 	3182 	3184
f 4560 	3171 	3180
f 3184 	3182 	3185
f 3182 	5594 	3384
f 3185 	3187 	3183
f 3185 	3183 	3184
f 3185 	3192 	3187
f 3168 	4586 	3186
f 3183 	3187 	3181
f 3385 	3181 	3187
f 3176 	3385 	3187
f 3178 	3176 	3187
f 3189 	3190 	3191
f 3189 	3191 	3188
f 3191 	3192 	3188
f 3190 	3193 	3192
f 3190 	3192 	3191
f 3190 	3189 	3193
f 3178 	3187 	3193
f 3179 	3178 	3193
f 3192 	3193 	3187
f 3541 	3192 	3185
f 3195 	3114 	3194
f 3194 	2454 	3195
f 2453 	3195 	2454
f 3174 	2831 	3197
f 4540 	2454 	3194
f 3199 	3160 	2775
f 2775 	3165 	3199
f 3165 	3166 	3199
f 4509 	2433 	4556
f 3200 	4556 	2433
f 2434 	2432 	4004
f 2296 	3213 	3247
f 3160 	3199 	3223
f 2001 	3873 	2002
f 3165 	3164 	3166
f 2296 	3247 	3164
f 3291 	4043 	3203
f 2293 	3202 	3203
f 3204 	3201 	2001
f 2293 	2294 	3202
f 2893 	3220 	2888
f 3208 	3202 	3207
f 3290 	3207 	3202
f 3203 	3209 	3210
f 3206 	3211 	3212
f 3206 	3212 	3205
f 3308 	3337 	3210
f 3203 	3210 	3291
f 2566 	2589 	3205
f 3212 	2566 	3205
f 3209 	3208 	3207
f 3209 	3207 	3210
f 3212 	3211 	2566
f 3203 	3202 	3208
f 3203 	3208 	3209
f 3303 	3308 	3210
f 3303 	3210 	3207
f 3218 	3245 	3219
f 2894 	3218 	2893
f 3220 	2893 	3218
f 3221 	3222 	3223
f 3216 	3233 	3220
f 3214 	3224 	3219
f 3214 	3219 	3215
f 3226 	3227 	3225
f 3221 	3225 	3227
f 3218 	3219 	3224
f 3217 	3216 	3224
f 3216 	3220 	3224
f 3218 	3224 	3220
f 3227 	3229 	3221
f 3228 	3221 	3229
f 3228 	3222 	3221
f 3225 	3221 	3223
f 3215 	3231 	3232
f 3215 	3232 	3214
f 3234 	3206 	3233
f 3205 	3233 	3206
f 3223 	3222 	3227
f 3226 	3223 	3227
f 3217 	3234 	3233
f 3217 	3233 	3216
f 3245 	3244 	3219
f 3229 	3227 	3222
f 2894 	2887 	3218
f 3229 	3222 	3228
f 3219 	3231 	3215
f 3226 	3230 	3227
f 3260 	3230 	3226
f 3239 	2888 	3220
f 3224 	3214 	3232
f 3224 	3232 	3240
f 3228 	3229 	3230
f 3229 	3227 	3230
f 3222 	3228 	3230
f 3240 	3234 	3224
f 3217 	3224 	3234
f 3767 	3232 	3768
f 3231 	3768 	3232
f 3164 	3235 	3166
f 3767 	3240 	3232
f 3235 	3164 	3236
f 4819 	3242 	3237
f 3252 	3236 	3164
f 3199 	3166 	3235
f 3219 	3238 	3231
f 3235 	3236 	3199
f 3220 	3233 	3239
f 3205 	2589 	3233
f 3239 	3233 	2589
f 3776 	2592 	3240
f 3227 	3265 	3226
f 3206 	3234 	2592
f 3240 	2592 	3234
f 3229 	3236 	3227
f 3227 	3236 	3265
f 3241 	3242 	3243
f 3241 	3243 	3244
f 3223 	3199 	3236
f 4790 	4820 	3243
f 3244 	3245 	3246
f 3244 	3246 	3241
f 2861 	4819 	3237
f 3236 	3229 	3228
f 3218 	3237 	3241
f 3241 	3246 	3218
f 3246 	3245 	3218
f 3236 	3228 	3222
f 3223 	3236 	3222
f 3219 	3244 	3238
f 3244 	3243 	3238
f 3242 	3248 	3249
f 3242 	3249 	3243
f 3247 	3252 	3164
f 4339 	4819 	2861
f 3241 	3237 	3242
f 3249 	4790 	3243
f 3251 	3253 	3254
f 3251 	3254 	3250
f 3255 	2493 	3269
f 3236 	3252 	3256
f 3257 	3255 	3269
f 3258 	3277 	3255
f 3258 	3255 	3257
f 3258 	3251 	3277
f 3253 	3251 	3258
f 3270 	3271 	3258
f 3254 	3253 	3259
f 3253 	3258 	3259
f 3257 	3270 	3258
f 3225 	3260 	3226
f 3483 	3250 	3487
f 3259 	3278 	3250
f 3259 	3250 	3254
f 3223 	3260 	3225
f 3278 	3259 	3261
f 3262 	3261 	3259
f 3221 	3225 	3268
f 3260 	3268 	3225
f 3260 	3223 	3226
f 3580 	3276 	3324
f 3256 	3265 	3236
f 3264 	3266 	3267
f 3264 	3267 	3263
f 2493 	2503 	3269
f 2503 	2525 	3269
f 3268 	3260 	3265
f 3226 	3265 	3260
f 3269 	3270 	3257
f 3256 	3268 	3265
f 3267 	3271 	3263
f 3275 	3263 	3271
f 3267 	3266 	3272
f 3267 	3272 	3271
f 3266 	3264 	3272
f 3270 	3269 	3271
f 3275 	3271 	3269
f 3259 	3258 	3271
f 3271 	3272 	3259
f 3262 	3259 	3272
f 3273 	3261 	3274
f 3262 	3274 	3261
f 3274 	3272 	3273
f 3272 	3274 	3262
f 2525 	2783 	3275
f 3272 	3264 	3276
f 3264 	3324 	3276
f 3275 	3269 	2525
f 3272 	3276 	3273
f 3309 	3289 	3276
f 3277 	2529 	3255
f 2502 	2493 	2529
f 3482 	3486 	3251
f 3252 	3213 	3341
f 3261 	3279 	3278
f 3261 	3273 	3279
f 3221 	3524 	3225
f 3280 	3287 	3279
f 3524 	3230 	3260
f 3282 	3283 	3284
f 3282 	3284 	3281
f 3213 	3252 	3247
f 3624 	3655 	3285
f 3316 	3279 	3287
f 3283 	3282 	3287
f 3316 	3287 	3282
f 3284 	3283 	3288
f 3283 	3287 	3288
f 3280 	3304 	3287
f 3286 	3285 	3288
f 3288 	3281 	3284
f 3273 	3289 	3279
f 3273 	3276 	3289
f 3279 	3289 	3292
f 3279 	3292 	3280
f 2473 	2509 	3290
f 3292 	3289 	3304
f 3309 	3304 	3289
f 3304 	3280 	3292
f 2473 	3290 	2322
f 3294 	3297 	3298
f 3294 	3298 	3293
f 3295 	3334 	3299
f 3295 	3299 	3296
f 3334 	2509 	3299
f 3322 	3299 	2504
f 3300 	3285 	3301
f 3286 	3301 	3285
f 3334 	3295 	3303
f 3302 	3303 	3295
f 3298 	3304 	3293
f 3309 	3293 	3304
f 3303 	3207 	3334
f 3298 	3297 	3305
f 3298 	3305 	3304
f 3295 	3306 	3307
f 3295 	3307 	3302
f 3297 	3294 	3305
f 3296 	3315 	3295
f 3306 	3308 	3307
f 3305 	3311 	3300
f 3301 	3305 	3300
f 3303 	3302 	3307
f 3303 	3307 	3308
f 3288 	3287 	3304
f 3304 	3305 	3288
f 3286 	3288 	3305
f 3286 	3305 	3301
f 3295 	3318 	3306
f 3310 	3312 	3306
f 3305 	3294 	3311
f 3315 	3313 	3314
f 4152 	3278 	3316
f 3333 	3313 	3315
f 3316 	3278 	3279
f 3314 	3317 	3318
f 3314 	3318 	3315
f 3317 	3319 	3318
f 4148 	4152 	3282
f 3655 	4153 	3320
f 3314 	3313 	3319
f 3314 	3319 	3317
f 3321 	3322 	3315
f 3324 	3264 	3323
f 3263 	3323 	3264
f 3333 	3315 	3322
f 2504 	3333 	3322
f 3323 	3325 	3326
f 3323 	3326 	3324
f 3296 	3321 	3315
f 3318 	3295 	3315
f 3263 	3275 	3323
f 3322 	3321 	3299
f 3296 	3299 	3321
f 2488 	2504 	3299
f 3328 	3318 	3327
f 3318 	3336 	3327
f 3310 	3306 	3318
f 3328 	3310 	3318
f 3312 	3310 	3327
f 3328 	3327 	3310
f 2488 	3299 	2509
f 3335 	3330 	3329
f 3335 	3329 	3331
f 3290 	3334 	3207
f 3318 	3319 	3336
f 3335 	3325 	3323
f 3306 	3337 	3308
f 3291 	3210 	3337
f 3335 	3338 	3326
f 3335 	3326 	3325
f 3306 	3312 	3337
f 3312 	4046 	3337
f 3331 	3332 	3338
f 3331 	3338 	3335
f 3333 	2704 	2736
f 2849 	2880 	2899
f 3291 	3337 	4080
f 3568 	3340 	2592
f 2796 	2883 	2645
f 3330 	3339 	3340
f 3330 	3340 	3329
f 3341 	3355 	3344
f 3345 	3343 	3342
f 3753 	3751 	3332
f 3345 	2390 	3343
f 3331 	3340 	3568
f 3329 	3340 	3331
f 2390 	3342 	3343
f 3330 	3335 	3339
f 3344 	3252 	3341
f 3356 	3256 	3252
f 2849 	3347 	3346
f 3347 	2850 	3346
f 3348 	3268 	3256
f 2880 	2849 	3346
f 3348 	3351 	3268
f 3343 	2855 	3342
f 3349 	3342 	2855
f 3343 	3342 	3350
f 3349 	3350 	3342
f 3345 	3342 	3349
f 3342 	2390 	3349
f 3344 	3356 	3252
f 2855 	3343 	2856
f 3350 	2856 	3343
f 3349 	2856 	3350
f 3350 	3349 	2390
f 2390 	2892 	3350
f 2852 	3347 	2849
f 3350 	3347 	3349
f 3345 	3349 	3347
f 2856 	3347 	3350
f 2838 	3347 	2852
f 2872 	2875 	3352
f 2114 	2293 	2134
f 2780 	2872 	3352
f 3354 	3352 	2875
f 2859 	3170 	2780
f 3352 	2859 	2780
f 3341 	3388 	3353
f 3352 	3354 	2864
f 3341 	3213 	2135
f 2135 	3213 	2296
f 3388 	3341 	2135
f 2859 	3352 	2864
f 3353 	3359 	3341
f 3354 	2880 	3346
f 2864 	3354 	3346
f 3348 	3256 	3356
f 3356 	3375 	3348
f 3346 	2850 	2864
f 3260 	3225 	3524
f 2652 	2645 	2883
f 3524 	3544 	3230
f 3175 	2883 	3358
f 2796 	2602 	3358
f 3359 	3356 	3355
f 2596 	3357 	2410
f 2588 	2837 	3358
f 3503 	1992 	2654
f 3360 	3361 	3362
f 3355 	3341 	3359
f 3362 	3376 	3360
f 3361 	3360 	3662
f 3361 	3660 	3362
f 3344 	3355 	3356
f 3362 	3363 	3364
f 3376 	3362 	3364
f 3519 	3376 	3365
f 3674 	3367 	3362
f 3367 	3368 	3369
f 3369 	3525 	3378
f 3367 	3369 	3378
f 3370 	3371 	3367
f 3370 	3378 	3373
f 3367 	3378 	3370
f 3370 	3364 	3371
f 3363 	3371 	3364
f 3371 	3363 	3367
f 3363 	3362 	3367
f 3372 	3366 	3365
f 3372 	3365 	3373
f 3373 	3365 	3370
f 3364 	3370 	3365
f 3375 	3377 	3374
f 3380 	3381 	3379
f 3380 	3379 	3519
f 3351 	3348 	3375
f 3381 	3383 	3382
f 3381 	3382 	3379
f 3189 	3456 	3197
f 3377 	3375 	3356
f 3193 	3197 	3177
f 2831 	2553 	3177
f 2831 	3177 	3197
f 3356 	3562 	3377
f 3185 	3182 	3384
f 3385 	2834 	5721
f 3385 	3176 	2834
f 2913 	2420 	2929
f 3577 	2134 	2293
f 4043 	3572 	3203
f 2931 	2932 	3386
f 2932 	2929 	3386
f 2135 	2296 	2113
f 2931 	3386 	3389
f 3387 	3389 	3386
f 3562 	3353 	3390
f 3353 	3388 	3390
f 3390 	3388 	3392
f 3388 	2135 	3392
f 3577 	3544 	2134
f 2135 	2134 	3524
f 2392 	2652 	2419
f 3094 	3093 	3095
f 5138 	3097 	3095
f 3094 	3095 	3097
f 3091 	3085 	3393
f 3064 	3086 	3080
f 3395 	3086 	3092
f 3398 	3052 	3397
f 3052 	3074 	3397
f 3397 	4208 	3399
f 3400 	3399 	4180
f 3054 	3052 	3401
f 3398 	3401 	3052
f 3400 	4183 	3402
f 2921 	3169 	3396
f 3403 	3054 	3401
f 3170 	2921 	3396
f 3054 	3403 	3076
f 3404 	3076 	3403
f 3398 	3397 	3403
f 3398 	3403 	3401
f 3403 	3397 	3399
f 3403 	3399 	3404
f 3402 	3404 	3399
f 3402 	3399 	3400
f 4183 	3404 	3402
f 3406 	3095 	3405
f 3393 	3405 	3095
f 4235 	3407 	4248
f 3393 	4248 	3407
f 3405 	3393 	3407
f 5286 	3406 	3405
f 3394 	3169 	3173
f 5351 	5286 	3405
f 5351 	3405 	3407
f 3408 	5351 	3407
f 3393 	3076 	4209
f 3409 	3411 	3418
f 3389 	3394 	3173
f 3420 	3414 	3415
f 3420 	3413 	3414
f 3173 	2931 	3389
f 3413 	3412 	3415
f 3413 	3415 	3414
f 3422 	3416 	3412
f 3422 	3418 	3411
f 3422 	3411 	3416
f 3023 	3024 	3415
f 3412 	3409 	3415
f 3416 	3411 	3412
f 3411 	3409 	3412
f 3409 	3410 	3415
f 3023 	3415 	3410
f 3410 	3433 	3029
f 3434 	3412 	3419
f 3413 	3419 	3412
f 3415 	3435 	3420
f 3413 	3420 	3419
f 2634 	3419 	3420
f 3421 	3387 	3386
f 3412 	3434 	3422
f 3422 	3434 	3431
f 3027 	3028 	3435
f 3415 	3027 	3435
f 3421 	3389 	3387
f 3431 	3427 	3418
f 3431 	3418 	3422
f 3424 	3409 	3423
f 3410 	3425 	3426
f 3421 	3391 	3389
f 3425 	3424 	3423
f 3425 	3423 	3426
f 3410 	3409 	3424
f 3410 	3424 	3425
f 3426 	3423 	3438
f 3421 	3429 	3449
f 3428 	3470 	3427
f 3431 	3434 	3489
f 3430 	3428 	3427
f 3430 	3427 	3431
f 3421 	3417 	3429
f 3421 	3449 	3391
f 3465 	3423 	3432
f 3410 	3426 	3433
f 3466 	3433 	3426
f 3409 	3418 	3432
f 3432 	3418 	3427
f 2973 	3029 	3433
f 2634 	3420 	2896
f 3394 	3436 	3169
f 3466 	2973 	3433
f 2928 	3434 	2653
f 3500 	2918 	3501
f 3435 	2972 	2896
f 2972 	1838 	2896
f 3436 	3396 	3169
f 3423 	3465 	3438
f 3437 	3440 	3439
f 3437 	3439 	3438
f 3437 	3447 	3440
f 3426 	3438 	3439
f 3443 	3442 	3441
f 3443 	3441 	3444
f 3442 	3445 	3452
f 3449 	3436 	3394
f 3439 	3440 	3447
f 3447 	3437 	3446
f 3037 	3447 	3034
f 3448 	3452 	3445
f 3443 	3034 	3447
f 3443 	3447 	3446
f 3448 	3445 	3446
f 3445 	3442 	3446
f 3443 	3446 	3442
f 3449 	3394 	3389
f 3441 	3442 	3450
f 3444 	3451 	3443
f 3389 	3391 	3449
f 3444 	3441 	3450
f 3444 	3450 	3451
f 3451 	3450 	4166
f 3033 	3443 	3040
f 3473 	3501 	2918
f 3458 	3463 	3452
f 3437 	3438 	3446
f 3174 	3473 	2918
f 3426 	3439 	3466
f 3466 	3439 	3447
f 3456 	3189 	3455
f 3188 	3455 	3189
f 3457 	3448 	3446
f 3192 	3196 	3188
f 3446 	3465 	3457
f 3453 	3456 	3455
f 3453 	3455 	3454
f 3466 	3447 	3037
f 3452 	3448 	3457
f 3457 	3458 	3452
f 3458 	3459 	4130
f 3453 	3473 	3456
f 3457 	4159 	3462
f 2420 	2913 	2390
f 3461 	3459 	3458
f 3461 	3458 	3462
f 3462 	3458 	3457
f 3429 	3417 	3460
f 3443 	3451 	3464
f 3442 	3452 	3463
f 4130 	4155 	3458
f 3443 	3464 	3040
f 3012 	3040 	3464
f 3446 	3438 	3465
f 3409 	3432 	3423
f 3386 	2929 	2420
f 4159 	3457 	3465
f 3037 	3039 	3466
f 3012 	3464 	4208
f 3460 	3492 	3429
f 3432 	4159 	3465
f 3488 	4159 	3432
f 2420 	3421 	3386
f 3467 	3484 	3468
f 3467 	3469 	3474
f 3429 	3492 	3449
f 3471 	3470 	3428
f 3471 	3428 	3430
f 3477 	3472 	3471
f 3469 	3472 	3474
f 3477 	3474 	3472
f 3468 	3470 	3467
f 3470 	3471 	3467
f 3469 	3467 	3471
f 3469 	3471 	3472
f 3473 	3453 	3521
f 3486 	3482 	3467
f 3484 	3483 	3468
f 3468 	3487 	3478
f 2919 	2927 	3474
f 3467 	3474 	3486
f 3481 	3488 	3470
f 3475 	3509 	3476
f 3488 	3427 	3470
f 3489 	3471 	3431
f 3430 	3431 	3471
f 3489 	2928 	3477
f 3471 	3489 	3477
f 2920 	3477 	2928
f 3509 	3475 	3436
f 2920 	2919 	3474
f 2920 	3474 	3477
f 3479 	3468 	3478
f 3470 	3480 	3481
f 3481 	3493 	3488
f 3480 	3479 	3478
f 3480 	3478 	3481
f 3470 	3468 	3479
f 3470 	3479 	3480
f 3481 	3478 	3493
f 3518 	3436 	3449
f 3250 	3483 	3251
f 3482 	3251 	3483
f 3503 	2654 	2780
f 3278 	3487 	3250
f 3483 	3484 	3485
f 3483 	3485 	3482
f 3482 	3485 	3467
f 3485 	3484 	3467
f 3449 	3492 	3518
f 3277 	3486 	2927
f 3277 	3251 	3486
f 3521 	3501 	3473
f 3468 	3483 	3487
f 3521 	3454 	3455
f 4152 	3478 	3487
f 3492 	3460 	2420
f 3486 	3474 	2927
f 3417 	2420 	3460
f 3432 	3427 	3488
f 3489 	3434 	2928
f 2420 	3417 	3421
f 4133 	4159 	3493
f 3495 	3496 	3497
f 3490 	3494 	3493
f 3490 	3493 	3491
f 2771 	3497 	3496
f 3383 	3498 	3382
f 3380 	3498 	3383
f 3380 	3383 	3381
f 2420 	2419 	3506
f 3501 	3503 	3500
f 4388 	3503 	3501
f 3519 	3365 	3380
f 3364 	3365 	3376
f 3366 	3380 	3365
f 3502 	3499 	3498
f 3896 	3520 	3499
f 3506 	2419 	3503
f 3500 	3503 	2419
f 3492 	2420 	3506
f 3497 	3787 	3496
f 3504 	2773 	3496
f 3380 	3515 	3498
f 3366 	3511 	3380
f 3436 	3475 	3506
f 3505 	3496 	3507
f 3504 	3496 	3505
f 3496 	3495 	3507
f 3476 	3509 	3506
f 3510 	3511 	3508
f 3506 	3475 	3476
f 3436 	3518 	3509
f 3504 	3497 	2773
f 3495 	3497 	3504
f 2771 	2773 	3497
f 3508 	3512 	3513
f 3508 	3513 	3510
f 3514 	3495 	3497
f 3506 	3396 	3436
f 3515 	3513 	3512
f 3505 	3507 	3504
f 3495 	3504 	3507
f 3515 	3511 	3510
f 3515 	3510 	3513
f 3170 	3396 	3506
f 2780 	3170 	3506
f 2730 	2773 	3505
f 3507 	3514 	3505
f 3504 	3505 	2773
f 3495 	3514 	3507
f 2730 	3505 	3514
f 3372 	3373 	3511
f 3378 	3522 	3373
f 3506 	3503 	2780
f 3517 	3515 	3516
f 3497 	3784 	3787
f 3497 	3495 	3784
f 3516 	3499 	3517
f 3502 	3517 	3499
f 3366 	3372 	3511
f 3515 	3380 	3511
f 3517 	3502 	3515
f 3502 	3498 	3515
f 3507 	3784 	3495
f 3518 	3492 	3506
f 3509 	3518 	3506
f 5994 	3382 	3520
f 2730 	3514 	2687
f 3521 	3985 	3501
f 3498 	3499 	3520
f 3521 	3453 	3454
f 3511 	3522 	3508
f 3512 	3523 	3515
f 3511 	3373 	3522
f 3515 	3523 	3516
f 3914 	3516 	3523
f 5934 	3376 	3519
f 5994 	3520 	3932
f 4135 	3985 	3528
f 3455 	3528 	3521
f 3526 	3527 	3525
f 3527 	3547 	3525
f 3221 	3268 	3524
f 3526 	3525 	3726
f 3533 	3456 	3473
f 4384 	1992 	3503
f 3726 	3525 	3369
f 3562 	3356 	3359
f 3978 	4135 	3196
f 3528 	3196 	4135
f 3527 	3530 	3531
f 3188 	3196 	3455
f 3528 	3455 	3196
f 3562 	3390 	3529
f 3392 	3529 	3390
f 3533 	3473 	3174
f 3534 	3535 	3532
f 3533 	3174 	3197
f 3530 	3535 	3534
f 3530 	3534 	3531
f 3535 	3530 	3532
f 3530 	3527 	3532
f 3739 	3532 	3527
f 3193 	3189 	3197
f 3533 	3197 	3456
f 3392 	2135 	3524
f 3551 	3532 	4283
f 3532 	3551 	3534
f 3536 	3384 	3550
f 3524 	3529 	3392
f 3537 	3540 	3541
f 3537 	3541 	3536
f 3539 	3563 	3538
f 3268 	3351 	3524
f 3192 	3540 	3537
f 3196 	3192 	3537
f 3542 	3543 	3539
f 3542 	3539 	3538
f 3192 	3541 	3540
f 3185 	3384 	3536
f 3185 	3536 	3541
f 3538 	3531 	3542
f 3534 	3542 	3531
f 3378 	3525 	3547
f 3524 	3375 	3374
f 3548 	3549 	3545
f 3548 	3545 	3546
f 3527 	3531 	3547
f 3879 	3547 	3538
f 3531 	3538 	3547
f 3351 	3375 	3524
f 3552 	3377 	3553
f 3981 	3550 	3384
f 3542 	3534 	3551
f 3553 	3524 	3552
f 3950 	3550 	3554
f 3879 	3522 	3547
f 3378 	3547 	3522
f 3377 	3552 	3524
f 3508 	3522 	3556
f 3556 	3522 	3879
f 3556 	3563 	3557
f 3562 	3553 	3377
f 3508 	3556 	3512
f 3558 	3512 	3556
f 3580 	3324 	3338
f 3558 	3523 	3512
f 3557 	3559 	3558
f 3557 	3558 	3556
f 3377 	3524 	3374
f 3566 	3880 	3558
f 3559 	3566 	3558
f 3557 	3566 	3559
f 3561 	3564 	3565
f 3561 	3565 	3560
f 3563 	3566 	3557
f 3565 	3332 	3560
f 3332 	3570 	3560
f 3332 	3565 	3338
f 3564 	3338 	3565
f 3616 	3580 	3588
f 3580 	3338 	3561
f 3564 	3561 	3338
f 3776 	3568 	2592
f 3359 	3353 	3562
f 2578 	2592 	3340
f 3529 	3553 	3562
f 3539 	3543 	3567
f 3569 	3566 	3567
f 3566 	3563 	3567
f 3539 	3567 	3563
f 3553 	3529 	3524
f 3879 	3563 	3556
f 3571 	3275 	2783
f 3523 	3558 	3880
f 3879 	3538 	3563
f 3524 	2134 	3544
f 3884 	3567 	3542
f 3543 	3542 	3567
f 3576 	3577 	3203
f 3156 	3578 	3579
f 3156 	3579 	3159
f 2581 	3339 	2783
f 2783 	3339 	3571
f 3153 	3154 	3578
f 3153 	3578 	3156
f 3275 	3571 	3323
f 3335 	3323 	3571
f 3580 	3616 	3276
f 3579 	3589 	3159
f 3326 	3338 	3324
f 3561 	3588 	3580
f 3293 	3582 	3294
f 3581 	3294 	3582
f 3605 	3606 	3154
f 3293 	3309 	3582
f 3581 	3311 	3294
f 3582 	3584 	3585
f 3582 	3585 	3581
f 3099 	3609 	3583
f 3154 	3610 	3597
f 3156 	3586 	3157
f 3585 	3604 	3581
f 3156 	3611 	3586
f 3102 	3586 	3110
f 3588 	3561 	3587
f 3560 	3587 	3561
f 3583 	3157 	3586
f 3586 	3099 	3583
f 3590 	3588 	3587
f 3590 	3587 	3591
f 3589 	2981 	2999
f 3156 	3589 	3611
f 3579 	3578 	3592
f 3578 	3612 	3592
f 3590 	3596 	3588
f 3589 	3579 	3592
f 3587 	3595 	3591
f 3596 	3590 	3591
f 3596 	3591 	3595
f 3598 	3154 	3597
f 3595 	3613 	3778
f 3578 	3154 	3599
f 3598 	3599 	3154
f 3584 	3582 	3596
f 3600 	3578 	3599
f 3600 	3618 	3612
f 3612 	3578 	3600
f 3598 	3597 	3600
f 3598 	3600 	3599
f 3603 	3153 	3602
f 3584 	3596 	3585
f 3604 	3585 	3596
f 3153 	3609 	3602
f 3596 	3595 	3604
f 3595 	3601 	3604
f 3593 	3604 	3601
f 3593 	3601 	3594
f 3603 	3605 	3153
f 3671 	3610 	3606
f 3603 	3602 	3606
f 3603 	3606 	3605
f 3602 	3671 	3606
f 3710 	3602 	3609
f 3594 	3607 	3608
f 3594 	3608 	3593
f 3154 	3606 	3610
f 3587 	3613 	3595
f 3153 	3583 	3609
f 3112 	3609 	3099
f 3616 	3588 	3596
f 3611 	3589 	2999
f 3601 	3619 	3607
f 3601 	3607 	3594
f 3112 	3149 	3609
f 3604 	3622 	3581
f 3593 	3608 	3604
f 3110 	3611 	2999
f 3777 	3613 	3570
f 3587 	3560 	3613
f 3560 	3570 	3613
f 3620 	3614 	3615
f 3309 	3276 	3616
f 3617 	3621 	3618
f 3596 	3582 	3616
f 3582 	3309 	3616
f 3615 	3614 	3617
f 3615 	3617 	3618
f 3615 	3618 	3597
f 3600 	3597 	3618
f 3601 	3779 	3619
f 3614 	3620 	3617
f 3621 	3617 	3620
f 3311 	3581 	3622
f 3604 	3608 	3622
f 3621 	3623 	3637
f 3300 	3624 	3285
f 3655 	3320 	3285
f 3639 	3626 	3624
f 3628 	3629 	3630
f 3627 	3631 	3632
f 3627 	3632 	3625
f 3633 	3623 	3632
f 3623 	3621 	3632
f 3625 	3632 	3621
f 3625 	3621 	3620
f 3634 	3635 	3636
f 3636 	3657 	3634
f 3629 	3635 	3634
f 3629 	3634 	3630
f 3628 	3636 	3635
f 3628 	3635 	3629
f 3633 	3637 	3623
f 3630 	3634 	4272
f 3597 	3610 	3615
f 3626 	3628 	3624
f 3636 	3628 	3647
f 3639 	3647 	3628
f 3639 	3628 	3626
f 3638 	3624 	3300
f 3300 	3311 	3638
f 3624 	3638 	3639
f 3640 	3641 	3642
f 3625 	3643 	3627
f 3625 	3659 	3643
f 3641 	3644 	3645
f 3641 	3645 	3642
f 3631 	3646 	3632
f 3644 	3647 	3645
f 3644 	3641 	3640
f 3644 	3640 	3647
f 3643 	3646 	3627
f 3631 	3627 	3646
f 3647 	3652 	3645
f 3646 	3643 	4652
f 3633 	3632 	3648
f 3640 	3651 	3679
f 3638 	3647 	3639
f 3045 	3041 	3648
f 3632 	3663 	3648
f 3637 	3633 	3648
f 3041 	3637 	3648
f 3680 	3636 	3640
f 3640 	3636 	3647
f 3640 	3642 	3651
f 3649 	3650 	3620
f 3625 	3620 	3653
f 3650 	3653 	3620
f 3654 	3625 	3653
f 3872 	3659 	3654
f 3647 	3638 	3652
f 3311 	3652 	3638
f 3650 	3649 	3654
f 3650 	3654 	3653
f 3628 	3630 	3655
f 3620 	3615 	3656
f 3610 	3656 	3615
f 3621 	3658 	3618
f 3612 	3618 	3658
f 3869 	3649 	3656
f 3620 	3656 	3649
f 3288 	3285 	3320
f 3628 	3655 	3624
f 3621 	3637 	3658
f 3625 	3654 	3659
f 3660 	3661 	3662
f 4315 	4322 	3662
f 3632 	3646 	3663
f 4654 	4671 	3646
f 3661 	3361 	3662
f 3045 	3648 	3663
f 3674 	3362 	3660
f 3660 	3361 	3661
f 3656 	3610 	3869
f 3612 	3658 	3043
f 3043 	3002 	3612
f 3657 	3636 	3665
f 3664 	3665 	3636
f 3666 	3667 	3660
f 3660 	3687 	3666
f 3666 	3687 	3665
f 3664 	3680 	3665
f 3602 	3710 	3669
f 3636 	3680 	3664
f 3667 	3666 	3683
f 3682 	3674 	3667
f 3665 	3683 	3666
f 3669 	3668 	3670
f 3669 	3670 	3671
f 3674 	3672 	3673
f 3669 	3671 	3602
f 3672 	3369 	3673
f 3368 	3673 	3369
f 3677 	3678 	3676
f 3677 	3676 	3675
f 3674 	3673 	3368
f 3726 	3369 	3672
f 3680 	3640 	3679
f 3674 	3682 	3683
f 3668 	3669 	3677
f 3651 	3688 	3679
f 3683 	3679 	3688
f 3681 	3684 	3685
f 3681 	3685 	3675
f 3680 	3679 	3665
f 3682 	3667 	3683
f 3368 	3367 	3674
f 3660 	3667 	3674
f 3665 	3679 	3683
f 3668 	3677 	3670
f 3686 	3670 	3677
f 3685 	3686 	3677
f 3685 	3677 	3675
f 3657 	3665 	3687
f 3674 	3688 	3672
f 3674 	3683 	3688
f 3676 	3689 	3675
f 3678 	3677 	3690
f 3677 	3710 	3690
f 3692 	3707 	3691
f 3719 	3651 	3691
f 3642 	3691 	3651
f 3690 	3689 	3678
f 3676 	3678 	3689
f 3693 	3694 	3692
f 3693 	3692 	3691
f 3695 	3681 	3675
f 3691 	3642 	3693
f 3645 	3693 	3642
f 3652 	3693 	3645
f 3677 	3669 	3710
f 3698 	3608 	3696
f 3607 	3696 	3608
f 3711 	3685 	3697
f 3684 	3697 	3685
f 3695 	3697 	3681
f 3684 	3681 	3697
f 3699 	3700 	3698
f 3699 	3698 	3696
f 3702 	3685 	3711
f 3700 	3708 	3698
f 3686 	3712 	3671
f 3686 	3671 	3670
f 3702 	3703 	3685
f 3686 	3685 	3705
f 3703 	3705 	3685
f 3699 	3696 	3701
f 3706 	3686 	3705
f 3703 	3702 	3706
f 3703 	3706 	3705
f 3694 	3693 	3708
f 3692 	3694 	3707
f 3708 	3707 	3694
f 3675 	3689 	3709
f 3151 	3709 	3689
f 3149 	3690 	3710
f 3722 	3698 	3708
f 3700 	3699 	3701
f 3704 	3707 	3701
f 3730 	3707 	3735
f 3704 	3735 	3707
f 3707 	3708 	3701
f 3700 	3701 	3708
f 3823 	3824 	3701
f 3711 	3868 	3702
f 3686 	3706 	3712
f 3869 	3712 	3706
f 3610 	3671 	3712
f 3719 	3691 	3707
f 3710 	3609 	3149
f 3722 	3708 	3693
f 3730 	3731 	3707
f 3722 	3622 	3698
f 3649 	3869 	3714
f 3804 	3715 	3619
f 3701 	3696 	3715
f 3696 	3607 	3715
f 3607 	3619 	3715
f 3714 	3713 	3717
f 3714 	3717 	3718
f 3714 	3718 	3654
f 3714 	3654 	3649
f 3693 	3652 	3722
f 3702 	3868 	3721
f 3688 	3651 	3746
f 3722 	3652 	3622
f 3652 	3311 	3622
f 3723 	3728 	3724
f 3706 	3724 	3869
f 3608 	3698 	3622
f 3721 	3720 	3723
f 3721 	3723 	3724
f 3739 	3725 	3726
f 3721 	3724 	3702
f 3706 	3702 	3724
f 3672 	3688 	3726
f 3725 	3526 	3726
f 3720 	3727 	3723
f 3728 	3723 	3727
f 3527 	3526 	3739
f 3739 	3526 	3725
f 3714 	3728 	3713
f 3740 	3746 	3731
f 3719 	3707 	3731
f 3729 	3732 	3733
f 3729 	3733 	3727
f 3716 	3734 	3704
f 3735 	3704 	3734
f 3730 	3735 	3734
f 3730 	3734 	3731
f 3731 	3734 	3740
f 3728 	3737 	3717
f 3728 	3717 	3713
f 3736 	3738 	3737
f 3728 	3727 	3737
f 3727 	3733 	3737
f 3736 	3737 	3733
f 3872 	3718 	3737
f 3740 	3741 	3739
f 3720 	3721 	3727
f 3868 	3727 	3721
f 3742 	3743 	3741
f 3742 	3741 	3740
f 3869 	3724 	3728
f 3727 	3868 	3749
f 3749 	3729 	3727
f 3742 	3744 	3743
f 3739 	3744 	3532
f 3741 	3743 	3739
f 3743 	3744 	3739
f 3852 	3532 	3744
f 3732 	3752 	3733
f 3734 	3742 	3740
f 3733 	3745 	3736
f 3744 	3742 	3748
f 3734 	3748 	3742
f 3733 	3870 	3745
f 3739 	3726 	3746
f 3688 	3746 	3726
f 3717 	3737 	3718
f 3719 	3731 	3746
f 3739 	3746 	3740
f 3872 	3737 	3747
f 3738 	3747 	3737
f 3748 	3734 	3716
f 3738 	3736 	3745
f 3738 	3745 	3747
f 3719 	3746 	3651
f 3716 	3850 	3748
f 3750 	3765 	3751
f 3751 	3753 	3754
f 3751 	3754 	3750
f 3331 	3568 	3750
f 3754 	3331 	3750
f 3754 	3753 	3332
f 3754 	3332 	3331
f 3751 	3766 	3570
f 3570 	3332 	3751
f 2773 	3755 	3504
f 3758 	3767 	3759
f 3784 	3507 	3764
f 3505 	3764 	3507
f 3504 	3755 	3505
f 3762 	3758 	3759
f 3762 	3759 	3760
f 3767 	3758 	3762
f 3760 	3761 	3763
f 3757 	3756 	3763
f 3756 	3762 	3763
f 3760 	3763 	3762
f 3765 	3766 	3751
f 3755 	3764 	3505
f 3750 	3568 	3765
f 2768 	3764 	3755
f 3766 	3777 	3570
f 3757 	3766 	3765
f 3757 	3765 	3756
f 3231 	3238 	3768
f 3762 	3776 	3767
f 3764 	2768 	2754
f 3767 	3768 	3759
f 3774 	3805 	3760
f 2291 	2754 	2768
f 3759 	3768 	3760
f 3774 	3760 	3768
f 3756 	3765 	3762
f 3777 	3766 	3763
f 3757 	3763 	3766
f 3770 	3772 	3773
f 3770 	3773 	3769
f 2754 	2743 	3771
f 3761 	3775 	3769
f 3769 	3773 	3761
f 3772 	3763 	3761
f 3772 	3761 	3773
f 3771 	813 	826
f 3783 	3777 	3770
f 3777 	3763 	3770
f 3772 	3770 	3763
f 3771 	2743 	2745
f 2745 	814 	3771
f 2745 	2100 	814
f 3774 	3768 	3238
f 3771 	814 	813
f 3240 	3767 	3776
f 815 	672 	818
f 3765 	3568 	3776
f 3762 	3765 	3776
f 3795 	3803 	3783
f 3496 	822 	3497
f 3778 	3798 	3779
f 3779 	3780 	3781
f 3779 	3781 	3778
f 3496 	3787 	822
f 3778 	3613 	3798
f 3781 	3595 	3778
f 3601 	3595 	3780
f 3781 	3780 	3595
f 3779 	3797 	3619
f 3780 	3779 	3601
f 822 	2687 	3514
f 3783 	3770 	3782
f 3769 	3782 	3770
f 3785 	3783 	3782
f 3785 	3782 	3786
f 3787 	3784 	3811
f 3788 	3812 	3784
f 3771 	3812 	3788
f 3782 	3793 	3786
f 3784 	3812 	825
f 3795 	3785 	3786
f 3795 	3786 	3793
f 3795 	3783 	3785
f 3791 	3796 	3794
f 3791 	3794 	3792
f 3793 	3794 	3796
f 3790 	3789 	3796
f 3789 	3795 	3796
f 3793 	3796 	3795
f 3797 	3779 	3798
f 3796 	3804 	3797
f 3804 	3619 	3797
f 3790 	3797 	3798
f 3790 	3798 	3789
f 2047 	2298 	822
f 3792 	3799 	3800
f 3792 	3800 	3791
f 3782 	3801 	3793
f 2754 	3788 	3764
f 3794 	3799 	3792
f 3764 	3788 	3784
f 3789 	3798 	3795
f 3796 	3791 	3800
f 3790 	3796 	3797
f 3771 	3788 	2754
f 696 	823 	50
f 3769 	3775 	3801
f 3782 	3769 	3801
f 823 	696 	822
f 3613 	3777 	3803
f 3777 	3783 	3803
f 3613 	3803 	3798
f 3795 	3798 	3803
f 3796 	3800 	3804
f 3849 	3804 	3800
f 3805 	3806 	3807
f 3805 	3807 	3808
f 3805 	3774 	3806
f 6050 	3806 	3774
f 3497 	822 	3514
f 3807 	3775 	3808
f 3808 	3809 	3810
f 3808 	3810 	3805
f 6050 	3774 	3238
f 3805 	3810 	3760
f 3810 	3809 	3761
f 3810 	3761 	3760
f 3775 	3761 	3808
f 3809 	3808 	3761
f 3806 	3813 	3814
f 3806 	3814 	3807
f 3812 	826 	825
f 3812 	3771 	826
f 6020 	6157 	3807
f 3814 	6020 	3807
f 3815 	3816 	3817
f 3815 	3817 	3818
f 3775 	6157 	3801
f 6232 	3802 	3817
f 3818 	3819 	3820
f 3818 	3820 	3815
f 3816 	3815 	3801
f 3815 	3820 	3793
f 3793 	3801 	3815
f 3794 	3793 	3819
f 3820 	3819 	3793
f 3802 	3794 	3818
f 3819 	3818 	3794
f 3816 	3821 	3822
f 3816 	3822 	3817
f 6227 	3801 	6157
f 3816 	3801 	6227
f 3821 	6188 	3822
f 3818 	3817 	3802
f 6188 	6232 	3817
f 6188 	3817 	3822
f 685 	2295 	818
f 3701 	3715 	3823
f 3823 	3715 	3841
f 828 	819 	3825
f 3827 	3704 	3826
f 3833 	2739 	3825
f 3827 	3844 	3716
f 3704 	3827 	3716
f 3826 	3824 	3823
f 3826 	3823 	3827
f 3824 	3826 	3701
f 3704 	3701 	3826
f 3823 	3844 	3827
f 2740 	811 	3825
f 3799 	3829 	3800
f 3828 	3800 	3829
f 3847 	3829 	3799
f 3830 	3831 	3828
f 3830 	3828 	3829
f 819 	818 	2295
f 2740 	3825 	2739
f 3831 	3835 	3828
f 4205 	3834 	3832
f 941 	50 	823
f 3830 	3829 	3832
f 2680 	3833 	2314
f 2314 	1936 	2680
f 3845 	3846 	3838
f 3846 	3842 	3837
f 3837 	3838 	3846
f 3835 	3840 	3839
f 3835 	3839 	3836
f 3831 	3830 	3832
f 3832 	3834 	3840
f 3840 	3835 	3832
f 3831 	3832 	3835
f 3837 	2336 	5279
f 3847 	4204 	3832
f 3848 	3857 	3834
f 3849 	3835 	3841
f 3836 	3841 	3835
f 3849 	3841 	3715
f 3843 	2337 	3842
f 3839 	3840 	3844
f 2337 	2336 	3842
f 2336 	3837 	3842
f 3844 	3841 	3839
f 3836 	3839 	3841
f 3841 	3844 	3823
f 3835 	3849 	3828
f 3832 	3829 	3847
f 3799 	3802 	3847
f 3794 	3802 	3799
f 3840 	3850 	3844
f 3716 	3844 	3850
f 3804 	3849 	3715
f 4200 	3748 	3850
f 3800 	3828 	3849
f 3840 	3856 	3850
f 3851 	3852 	3744
f 3744 	3748 	3851
f 3866 	3851 	3748
f 3866 	3748 	4200
f 3854 	2337 	3843
f 3853 	3854 	3843
f 3866 	4289 	3851
f 3840 	3855 	3856
f 3860 	4200 	3856
f 4200 	3850 	3856
f 3855 	3858 	3857
f 3855 	3857 	3856
f 3840 	3834 	3858
f 3840 	3858 	3855
f 3856 	3857 	3860
f 3857 	3861 	3860
f 3862 	3863 	3860
f 3862 	3860 	3861
f 3864 	3865 	3866
f 3864 	3866 	4200
f 3865 	4289 	3866
f 4200 	3860 	3864
f 3863 	3864 	3860
f 4201 	4218 	3867
f 3870 	3733 	3752
f 3204 	4037 	3201
f 3749 	3752 	3729
f 3732 	3729 	3752
f 2001 	4034 	3204
f 3728 	3714 	3869
f 3201 	3873 	2001
f 3745 	3870 	4731
f 3654 	3718 	3872
f 5475 	3868 	3711
f 3610 	3712 	3869
f 3575 	4085 	3880
f 3575 	3874 	3875
f 3575 	3875 	3574
f 3876 	3877 	3878
f 3574 	3875 	3569
f 3569 	3885 	3574
f 3878 	2949 	3897
f 2962 	3897 	2949
f 3876 	3878 	3897
f 3566 	3874 	3575
f 3880 	3566 	3575
f 3875 	3874 	3569
f 3566 	3569 	3874
f 3877 	3876 	4992
f 3878 	4729 	2949
f 3881 	3882 	3876
f 3876 	3897 	3881
f 3569 	4325 	3885
f 3883 	3886 	3887
f 3542 	3551 	3884
f 3899 	3883 	3887
f 3886 	3882 	3881
f 3886 	3881 	3887
f 3882 	3886 	3876
f 3886 	3883 	3876
f 4992 	3876 	3883
f 3885 	4366 	4103
f 3897 	3941 	3881
f 3889 	3881 	3941
f 3893 	3922 	3892
f 3888 	3893 	3892
f 3888 	3892 	3889
f 3891 	3894 	3895
f 3891 	3895 	3890
f 3889 	3892 	3887
f 3889 	3887 	3881
f 3896 	3932 	3520
f 3899 	3887 	3946
f 3892 	3946 	3887
f 3046 	3897 	2962
f 3895 	3900 	3890
f 3899 	3902 	3883
f 3903 	3883 	3902
f 3898 	3920 	3901
f 3901 	3920 	3900
f 3894 	3901 	3900
f 3894 	3900 	3895
f 3904 	3905 	3977
f 3896 	3901 	3932
f 3898 	3901 	3896
f 3899 	3997 	3902
f 3905 	3902 	3997
f 3901 	3891 	3932
f 3894 	3891 	3901
f 3903 	5016 	3883
f 5016 	5000 	3883
f 341 	3904 	3977
f 3903 	3902 	5016
f 3906 	3907 	3925
f 3904 	5019 	3905
f 3905 	5019 	3902
f 3045 	3938 	3031
f 3032 	3031 	3926
f 3909 	3910 	3911
f 3909 	3911 	3908
f 3499 	3516 	3914
f 3499 	3914 	3896
f 3896 	3914 	3917
f 3896 	3917 	3898
f 3913 	3912 	3916
f 3913 	3916 	3915
f 3918 	3910 	3909
f 3918 	3909 	3927
f 3920 	3911 	3910
f 3920 	3910 	3918
f 3888 	3889 	3916
f 3911 	3920 	3908
f 3929 	3908 	3920
f 3917 	3914 	3920
f 3929 	3920 	3914
f 3921 	3923 	3933
f 3917 	3920 	3898
f 3920 	3918 	3900
f 3907 	3900 	3918
f 3919 	3933 	3923
f 3925 	3924 	3906
f 3893 	3888 	3916
f 3912 	3921 	3916
f 3919 	3923 	3912
f 3923 	3921 	3912
f 3921 	3922 	3916
f 3893 	3916 	3922
f 3925 	3918 	3924
f 3927 	3924 	3918
f 3913 	3926 	3912
f 3925 	3907 	3918
f 3915 	3916 	3928
f 3916 	3941 	3928
f 3880 	4105 	3523
f 3928 	3926 	3915
f 3913 	3915 	3926
f 3032 	3926 	3928
f 3912 	3930 	3919
f 3914 	3523 	3929
f 3912 	3938 	3930
f 3906 	4061 	3931
f 3931 	3900 	3906
f 3907 	3906 	3900
f 3900 	3931 	3890
f 3921 	3933 	3944
f 3924 	3955 	3906
f 3934 	3906 	3955
f 3946 	3892 	3922
f 3935 	3934 	3955
f 3933 	3919 	3930
f 3935 	3948 	3934
f 4657 	4659 	3930
f 3912 	3926 	3938
f 3926 	3031 	3938
f 3937 	3939 	3940
f 3937 	3940 	3936
f 3046 	3032 	3941
f 3928 	3941 	3032
f 4671 	3930 	3938
f 4657 	3930 	4671
f 4058 	3942 	4910
f 3916 	3889 	3941
f 3555 	3546 	3974
f 3548 	3546 	3555
f 3947 	3549 	3548
f 3947 	3548 	3555
f 4058 	3945 	3942
f 3943 	3942 	3945
f 3555 	3964 	3947
f 3554 	3947 	3950
f 4058 	3936 	3945
f 3940 	3945 	3936
f 3981 	6122 	3545
f 3549 	3947 	3545
f 3981 	3545 	3947
f 3935 	3958 	3948
f 3045 	3663 	3938
f 3554 	3550 	3947
f 3981 	3947 	3550
f 3536 	3550 	3537
f 3949 	3537 	3550
f 3941 	3897 	3046
f 3939 	3948 	3945
f 3939 	3945 	3940
f 3964 	3978 	3949
f 4061 	3934 	3948
f 3950 	3949 	3550
f 3948 	3937 	4061
f 3939 	3937 	3948
f 3944 	3952 	3921
f 3953 	3921 	3952
f 3924 	4056 	3955
f 3957 	4021 	3956
f 3955 	3958 	3935
f 3952 	3944 	3957
f 3957 	3944 	4398
f 3954 	3959 	3960
f 3954 	3960 	3951
f 4056 	4047 	3955
f 3960 	3963 	3951
f 3972 	3951 	3963
f 3962 	3922 	3961
f 3958 	4047 	3948
f 3959 	3964 	3963
f 3959 	3963 	3960
f 3959 	3954 	3964
f 3965 	4399 	3962
f 3946 	3962 	4399
f 3922 	3962 	3946
f 4144 	4140 	3963
f 3950 	3964 	3949
f 3969 	3967 	3968
f 3969 	3968 	3970
f 3961 	3953 	3952
f 3961 	3952 	3962
f 3555 	4144 	3963
f 3555 	3963 	3964
f 3950 	3947 	3964
f 3922 	3921 	3953
f 3922 	3953 	3961
f 3956 	3966 	3965
f 3956 	3965 	3957
f 4140 	3972 	3963
f 3971 	3942 	3973
f 3943 	3973 	3942
f 3962 	3952 	3957
f 3962 	3957 	3965
f 3975 	3970 	3968
f 3975 	3968 	4053
f 3546 	6121 	3974
f 3964 	3954 	3978
f 4135 	3978 	3992
f 3979 	3980 	3977
f 3196 	3949 	3978
f 3537 	3949 	3196
f 3977 	3997 	3979
f 3984 	3982 	3983
f 3983 	3982 	347
f 3983 	347 	344
f 364 	347 	3982
f 4017 	2002 	4004
f 4388 	3501 	3985
f 4388 	3985 	3986
f 3984 	3987 	3988
f 3976 	5952 	3873
f 3985 	3989 	3990
f 3985 	3990 	3986
f 3988 	3995 	4402
f 3992 	3954 	3991
f 3951 	3991 	3954
f 3987 	3980 	3979
f 3987 	3979 	3988
f 3951 	3972 	3991
f 6181 	3873 	3976
f 3977 	3984 	345
f 3980 	3987 	3977
f 3987 	3984 	3977
f 3983 	345 	3984
f 4477 	3976 	3873
f 3989 	3992 	3991
f 3989 	3991 	3990
f 4477 	3873 	5709
f 3201 	4037 	3871
f 4399 	3994 	3979
f 3871 	4000 	3201
f 3996 	4028 	3995
f 3993 	3996 	3995
f 3993 	3995 	3994
f 3994 	3995 	3988
f 3994 	3988 	3979
f 3977 	3905 	3997
f 4399 	3979 	3997
f 3984 	3988 	3999
f 4402 	3999 	3988
f 4399 	3997 	3899
f 3899 	3946 	4399
f 3998 	4000 	3871
f 4001 	4002 	4003
f 3984 	3999 	3982
f 4003 	3982 	4019
f 4001 	4003 	4019
f 362 	4002 	4001
f 4018 	4017 	4004
f 4003 	4002 	364
f 362 	364 	4002
f 4003 	364 	3982
f 4005 	4006 	4001
f 3998 	3873 	4000
f 4001 	4019 	4005
f 3998 	4134 	4141
f 376 	369 	4007
f 4007 	4008 	4009
f 4020 	4007 	4009
f 4008 	4006 	4005
f 4008 	4005 	4009
f 3998 	4141 	3873
f 4001 	4007 	369
f 4006 	4008 	4001
f 4008 	4007 	4001
f 4011 	4007 	4010
f 4020 	4010 	4007
f 3873 	3201 	4000
f 4011 	376 	4007
f 4011 	4010 	376
f 4019 	4461 	4005
f 4013 	4012 	4014
f 4013 	4014 	4015
f 4013 	4015 	4009
f 4013 	4009 	4005
f 4019 	3982 	3999
f 4018 	4016 	4225
f 4015 	4464 	4009
f 4427 	4464 	4015
f 3873 	4004 	2002
f 4019 	3999 	4402
f 810 	4020 	854
f 4004 	2432 	4018
f 3966 	3956 	4021
f 3966 	4021 	4022
f 3994 	4022 	3993
f 4025 	4016 	4024
f 4016 	4509 	4024
f 4028 	4027 	4026
f 4028 	4026 	4029
f 3996 	3993 	4022
f 4021 	4027 	4022
f 4023 	4030 	4021
f 4030 	4027 	4021
f 4027 	4028 	4022
f 3996 	4022 	4028
f 3966 	4022 	3965
f 4021 	4398 	4035
f 4035 	4023 	4021
f 4022 	3994 	4399
f 4026 	4027 	4032
f 4400 	4032 	4027
f 4402 	4028 	4033
f 4029 	4033 	4028
f 4034 	4031 	4037
f 4031 	2001 	4236
f 4029 	4026 	4032
f 4029 	4032 	4033
f 4033 	4032 	4437
f 4030 	4036 	4027
f 4400 	4027 	4036
f 2001 	4031 	4034
f 4402 	3995 	4028
f 2001 	4237 	4236
f 4035 	4036 	4023
f 4030 	4023 	4036
f 3572 	3573 	3576
f 2293 	3203 	3577
f 3576 	3544 	3577
f 4034 	4037 	3204
f 4044 	4739 	3573
f 4145 	3871 	4037
f 4039 	3572 	4038
f 4043 	4038 	3572
f 5995 	3873 	5952
f 3573 	4040 	4041
f 3573 	4041 	4044
f 4040 	4039 	4038
f 4040 	4038 	4041
f 3873 	5995 	3976
f 4042 	3976 	5995
f 3573 	3572 	4039
f 3573 	4039 	4040
f 4050 	4041 	4038
f 4467 	4037 	4031
f 4044 	4041 	4083
f 3291 	4080 	4043
f 4467 	4175 	4037
f 3572 	3576 	3203
f 5033 	50 	3544
f 3544 	50 	2284
f 4045 	4048 	4046
f 4042 	5952 	3976
f 4047 	3969 	3970
f 4047 	3970 	3975
f 4107 	3967 	4056
f 3969 	4047 	3967
f 4056 	3967 	4047
f 4080 	4046 	4048
f 4053 	3971 	3975
f 3973 	3975 	3971
f 4049 	4050 	4048
f 3958 	3955 	4047
f 4080 	4048 	4050
f 4050 	4038 	4080
f 3945 	3948 	4047
f 4047 	3975 	3945
f 3943 	3945 	3975
f 3943 	3975 	3973
f 4054 	4049 	4052
f 4049 	4048 	4052
f 4051 	4055 	4052
f 4051 	4072 	4055
f 4052 	4057 	4054
f 3924 	3927 	4056
f 4052 	4083 	4057
f 4050 	4049 	4054
f 4050 	4054 	4057
f 4910 	6250 	4058
f 4050 	4057 	4041
f 4048 	4045 	4059
f 4060 	4059 	4046
f 4045 	4046 	4059
f 3934 	4061 	3906
f 3312 	3327 	4060
f 3312 	4060 	4046
f 6241 	6251 	3937
f 4064 	4062 	4063
f 4066 	3909 	4065
f 3908 	4065 	3909
f 4078 	4062 	4064
f 4066 	3927 	3909
f 4063 	4067 	4068
f 4063 	4068 	4064
f 3908 	3929 	4065
f 4067 	4069 	4068
f 4065 	4070 	4071
f 4065 	4071 	4066
f 4068 	4069 	4082
f 4063 	4062 	4069
f 4063 	4069 	4067
f 4071 	4077 	4066
f 3336 	4078 	4060
f 4072 	4073 	4068
f 4064 	4060 	4078
f 4059 	4060 	4064
f 4068 	4082 	4072
f 4073 	4051 	4052
f 4059 	4064 	4048
f 4048 	4064 	4052
f 4064 	4068 	4052
f 4073 	4052 	4068
f 4073 	4072 	4051
f 4758 	4055 	4072
f 4060 	3327 	3336
f 4046 	4080 	3337
f 4043 	4080 	4038
f 4081 	4077 	4070
f 4071 	4070 	4077
f 4075 	4074 	4081
f 4074 	4079 	4081
f 4077 	4081 	4079
f 4077 	4079 	4076
f 4052 	4055 	4083
f 4070 	4065 	4081
f 4041 	4057 	4083
f 4085 	3575 	4084
f 3574 	4084 	3575
f 4105 	3880 	4085
f 4075 	4085 	4084
f 4075 	4084 	4074
f 4087 	3313 	4120
f 4099 	4123 	4089
f 4089 	4123 	3319
f 4077 	4101 	4066
f 4087 	4086 	4088
f 4087 	4088 	4089
f 4087 	4089 	3319
f 4087 	3319 	3313
f 4079 	4084 	4103
f 4074 	4084 	4079
f 4081 	4065 	4105
f 4090 	4552 	4091
f 4105 	4085 	4081
f 4075 	4081 	4085
f 4090 	4093 	4102
f 4095 	4096 	4093
f 4095 	4093 	4090
f 4094 	4097 	4098
f 4094 	4098 	4092
f 4096 	4102 	4093
f 4092 	4098 	4076
f 4087 	4095 	4086
f 4097 	4077 	4076
f 4097 	4076 	4098
f 4097 	4094 	4077
f 4090 	4091 	4099
f 4088 	4086 	4099
f 4086 	4095 	4099
f 4090 	4099 	4095
f 4271 	4092 	4100
f 4117 	4091 	4554
f 4552 	4554 	4091
f 3927 	4066 	4101
f 2731 	4116 	4102
f 4090 	4102 	4116
f 4091 	4117 	4108
f 4096 	4095 	4104
f 4120 	4104 	4095
f 3574 	3885 	4084
f 4103 	4084 	3885
f 2734 	4104 	2736
f 3929 	3523 	4105
f 4102 	4096 	4104
f 2734 	2731 	4102
f 2734 	4102 	4104
f 4065 	3929 	4105
f 4095 	4087 	4120
f 3967 	4107 	3968
f 4106 	3968 	4107
f 4112 	4113 	4099
f 4106 	4053 	3968
f 4088 	4099 	4089
f 4109 	4091 	4108
f 4107 	4110 	4111
f 4107 	4111 	4106
f 4111 	4126 	4106
f 4099 	4091 	4112
f 4109 	4112 	4091
f 4109 	4108 	4113
f 4109 	4113 	4112
f 4115 	4094 	4114
f 4092 	4114 	4094
f 4115 	4278 	4094
f 4118 	4115 	4114
f 4118 	4114 	4119
f 4120 	2736 	4104
f 3333 	4120 	3313
f 4099 	4113 	4123
f 4457 	4123 	4113
f 3336 	3319 	4123
f 2738 	2770 	4116
f 4271 	4626 	4125
f 2736 	4120 	3333
f 4119 	4114 	4125
f 4271 	4125 	4114
f 3493 	3478 	3491
f 4124 	4122 	4121
f 4124 	4121 	4126
f 3976 	4042 	6181
f 3990 	3991 	3986
f 3976 	4477 	4042
f 3521 	3528 	3985
f 3985 	4135 	3992
f 3985 	3992 	3989
f 3490 	3491 	4127
f 3491 	3478 	4152
f 4145 	4037 	4175
f 4128 	4129 	4131
f 4128 	4131 	4130
f 3972 	4132 	3991
f 3986 	3991 	4132
f 3494 	3490 	4127
f 3494 	4127 	4133
f 4127 	4128 	4130
f 3459 	3461 	4130
f 3461 	4133 	4130
f 4127 	4130 	4133
f 3954 	3992 	3978
f 4128 	4137 	4129
f 4136 	4138 	4139
f 4136 	4139 	4140
f 4128 	4153 	4137
f 4139 	3972 	4140
f 4127 	3491 	4152
f 4131 	4142 	4130
f 4143 	4136 	4140
f 4143 	4140 	4144
f 4130 	4142 	4155
f 4131 	4129 	4137
f 4131 	4137 	4142
f 3555 	4143 	4144
f 3463 	3458 	4155
f 4195 	3974 	1157
f 3494 	4133 	3493
f 4195 	4138 	3974
f 4143 	3555 	4136
f 3555 	3974 	4136
f 4145 	3998 	3871
f 4138 	4146 	4147
f 4138 	4147 	4139
f 4159 	4133 	3462
f 3461 	3462 	4133
f 3281 	4149 	3282
f 4148 	3282 	4149
f 4147 	4182 	4139
f 3316 	3282 	4152
f 3288 	3320 	3281
f 4149 	4150 	4151
f 4149 	4151 	4148
f 4136 	3974 	4138
f 4152 	4148 	4127
f 4151 	4127 	4148
f 4151 	4150 	4128
f 4151 	4128 	4127
f 4149 	3281 	4153
f 4149 	4128 	4150
f 4152 	3487 	3278
f 3986 	4132 	4918
f 4192 	4193 	4141
f 4128 	4149 	4153
f 4153 	3281 	3320
f 3972 	4187 	4132
f 4251 	4137 	4153
f 4192 	4141 	4194
f 4142 	4254 	4155
f 4145 	4188 	4134
f 4156 	4154 	4169
f 4192 	4134 	4188
f 1152 	4158 	1153
f 4157 	1153 	4158
f 3488 	3493 	4159
f 4141 	4134 	4194
f 4158 	4160 	4161
f 4158 	4161 	4157
f 3998 	4145 	4134
f 3442 	3463 	3450
f 4164 	3450 	4202
f 4156 	4181 	4162
f 4162 	4181 	4165
f 4160 	4162 	4165
f 4160 	4165 	4161
f 4162 	4191 	4154
f 4156 	4162 	4154
f 4168 	4042 	5995
f 4166 	4208 	3451
f 4160 	4158 	4162
f 4163 	4167 	4166
f 4163 	4166 	4164
f 4146 	4138 	4165
f 4165 	4195 	4157
f 4165 	4157 	4161
f 4166 	3450 	4164
f 4170 	4172 	4173
f 4170 	4173 	4171
f 4169 	4174 	4156
f 4177 	4178 	4179
f 4177 	4179 	4176
f 4179 	4181 	4176
f 4186 	4176 	4181
f 4178 	4182 	4181
f 4178 	4181 	4179
f 4180 	4183 	3400
f 4042 	4168 	5952
f 4187 	4182 	4177
f 4178 	4177 	4182
f 4042 	4168 	6181
f 4174 	4169 	4181
f 4186 	4181 	4169
f 4208 	4166 	4180
f 4042 	4477 	4168
f 4187 	4139 	4182
f 4181 	4182 	4165
f 4174 	4181 	4156
f 4146 	4165 	4182
f 4147 	4146 	4182
f 4167 	4163 	4171
f 4215 	4183 	4173
f 4171 	4173 	4183
f 4183 	4180 	4171
f 4167 	4171 	4180
f 4154 	4923 	4949
f 4154 	4949 	4169
f 4188 	4175 	4467
f 4170 	4171 	4184
f 4202 	4184 	4171
f 4184 	4185 	4172
f 4184 	4172 	4170
f 4173 	4172 	4185
f 4163 	4164 	4171
f 4202 	4171 	4164
f 4145 	4175 	4188
f 4949 	4975 	4169
f 4186 	4169 	4975
f 3972 	4139 	4187
f 4190 	4192 	4189
f 4183 	4209 	3404
f 4189 	4192 	4193
f 4167 	4180 	4166
f 4192 	4194 	4193
f 4162 	4158 	4191
f 4215 	4217 	4183
f 4188 	4193 	4192
f 4195 	4165 	4138
f 3873 	4141 	4193
f 3867 	3861 	4201
f 3862 	3861 	3867
f 3863 	3862 	3867
f 3863 	3867 	3864
f 4184 	4196 	4185
f 4199 	4185 	4196
f 4194 	4190 	4189
f 4194 	4189 	4193
f 4198 	4199 	4196
f 4198 	4196 	4197
f 4198 	4260 	4199
f 4190 	4189 	4188
f 3857 	4201 	3861
f 3848 	4201 	3857
f 3858 	3834 	3857
f 4196 	4184 	4202
f 4173 	4185 	4203
f 4199 	4286 	4185
f 3848 	6557 	4201
f 4188 	4189 	4193
f 4202 	3450 	3463
f 4246 	4216 	4203
f 4207 	6469 	4206
f 4180 	3399 	4208
f 4205 	3832 	4204
f 4204 	3847 	4207
f 6555 	4207 	3847
f 3076 	3404 	4209
f 4211 	3834 	4210
f 4208 	3464 	3451
f 4183 	4217 	4209
f 4155 	4202 	3463
f 3873 	4193 	4189
f 4190 	3873 	4189
f 4213 	6470 	4212
f 4211 	4212 	3848
f 3834 	4211 	3848
f 4210 	4205 	4204
f 4210 	4204 	4211
f 3834 	4205 	4210
f 4206 	4213 	4212
f 4206 	4212 	4207
f 4173 	4214 	4215
f 4207 	4212 	4211
f 4207 	4211 	4204
f 3802 	6232 	3847
f 4214 	4216 	4217
f 4214 	4217 	4215
f 3867 	4218 	4219
f 4134 	4192 	4194
f 4214 	4173 	4216
f 6595 	4221 	4201
f 4218 	4201 	4221
f 4230 	4248 	4217
f 4219 	4218 	4373
f 4223 	4224 	4222
f 4220 	4377 	4221
f 4223 	5770 	4224
f 6189 	6183 	6576
f 4016 	4025 	4225
f 4373 	4218 	4377
f 4221 	4377 	4218
f 5770 	4223 	4222
f 4225 	6043 	4018
f 4224 	4229 	4226
f 4246 	4224 	4226
f 4216 	4226 	4217
f 4230 	4217 	4226
f 4235 	4248 	4230
f 4229 	4232 	4230
f 4229 	4230 	4226
f 4228 	4233 	4234
f 4228 	4234 	4227
f 3408 	3407 	4235
f 4231 	4031 	4236
f 4232 	4235 	4230
f 4224 	5771 	4235
f 4229 	4224 	4235
f 4229 	4235 	4232
f 4237 	4231 	4236
f 4222 	4246 	4240
f 4233 	4245 	4234
f 4244 	4234 	4245
f 5783 	4222 	4240
f 4227 	4234 	4244
f 5794 	4240 	4243
f 4224 	4246 	4222
f 4239 	4238 	4247
f 4239 	4247 	4245
f 4246 	4226 	4216
f 4173 	4203 	4216
f 4248 	3393 	4209
f 4241 	4249 	4247
f 4241 	4247 	4242
f 4209 	4217 	4248
f 2873 	4244 	4249
f 4247 	4249 	4244
f 4247 	4244 	4245
f 4281 	4155 	4254
f 4250 	4255 	4254
f 4250 	4254 	4251
f 4242 	4252 	4253
f 4242 	4253 	4241
f 4233 	4228 	4245
f 4265 	4245 	4228
f 4251 	4254 	4137
f 4142 	4137 	4254
f 4266 	4227 	4244
f 2873 	2866 	4244
f 4238 	4262 	4247
f 4251 	4256 	4250
f 4258 	4126 	4110
f 4111 	4110 	4126
f 4247 	4252 	4242
f 4118 	4119 	4258
f 4119 	4125 	4258
f 4126 	4258 	4125
f 4126 	4125 	4124
f 4249 	4241 	4253
f 4110 	4107 	4258
f 4198 	4197 	4260
f 4259 	4260 	4197
f 4281 	4254 	4259
f 4239 	4261 	4262
f 4239 	4262 	4238
f 4255 	4250 	4256
f 4292 	4260 	4257
f 4256 	4257 	4260
f 4260 	4259 	4256
f 4255 	4256 	4259
f 4122 	4263 	4264
f 4122 	4264 	4121
f 4239 	4245 	4261
f 4245 	4265 	4261
f 4561 	4262 	4562
f 4261 	4562 	4262
f 4124 	4263 	4122
f 4197 	4196 	4259
f 4126 	4121 	4264
f 4286 	4199 	4260
f 4126 	4274 	4106
f 6581 	4265 	4228
f 4255 	4259 	4254
f 4278 	4258 	4107
f 2819 	5723 	4266
f 4118 	4258 	4115
f 4278 	4115 	4258
f 4268 	4256 	4267
f 4256 	4276 	4267
f 4257 	4256 	4270
f 4268 	4270 	4256
f 4100 	4620 	4271
f 4266 	4244 	2866
f 4272 	4257 	4270
f 3657 	4277 	3634
f 5318 	4263 	4269
f 4595 	4273 	4262
f 4247 	4262 	4273
f 4268 	4267 	4272
f 4268 	4272 	4270
f 4114 	4092 	4271
f 4076 	4100 	4092
f 4326 	4252 	4273
f 3630 	4272 	4267
f 4275 	4336 	2823
f 4267 	4276 	3630
f 3655 	3630 	4276
f 4126 	4264 	4274
f 5326 	4274 	4264
f 4249 	4253 	4275
f 4304 	4336 	4253
f 4257 	4272 	4277
f 4272 	3634 	4277
f 2823 	2867 	4275
f 4053 	4106 	4274
f 3655 	4276 	4153
f 4252 	4307 	4253
f 4304 	4253 	4307
f 4278 	4056 	4101
f 3927 	4101 	4056
f 4277 	3657 	4322
f 4153 	4276 	4251
f 4256 	4251 	4276
f 4056 	4278 	4107
f 4322 	4296 	4277
f 4077 	4094 	4101
f 4278 	4101 	4094
f 4196 	4202 	4281
f 4281 	4259 	4196
f 4283 	3532 	4282
f 4286 	4203 	4185
f 4289 	3551 	4283
f 3851 	4283 	3852
f 4282 	3852 	4283
f 4285 	4284 	4288
f 4285 	4288 	4287
f 4286 	4260 	4294
f 3852 	4282 	3532
f 4281 	4202 	4155
f 4246 	4203 	4286
f 4289 	4290 	4291
f 4292 	4293 	4260
f 4291 	4317 	4289
f 4305 	4321 	4294
f 4295 	4280 	4279
f 4295 	4279 	4287
f 3865 	4290 	4289
f 4291 	4290 	3864
f 3865 	3864 	4290
f 4292 	4296 	4294
f 4292 	4294 	4293
f 4283 	3851 	4289
f 4297 	4288 	4757
f 4291 	4298 	4299
f 4293 	4294 	4260
f 4287 	4288 	4297
f 2884 	4295 	2885
f 2885 	4295 	4297
f 4287 	4297 	4295
f 4308 	4296 	4322
f 4292 	4257 	4296
f 4243 	4240 	4301
f 3867 	4219 	4300
f 4302 	4303 	4300
f 4305 	4306 	4301
f 4305 	4301 	4321
f 4298 	4303 	4302
f 4298 	4302 	4299
f 3864 	3867 	4300
f 4303 	4298 	4300
f 4298 	4291 	4300
f 3864 	4300 	4291
f 4308 	4309 	4306
f 4308 	4306 	4305
f 4299 	4302 	4312
f 4280 	4304 	4307
f 4280 	4307 	4279
f 4300 	4373 	4320
f 5931 	5868 	4310
f 4302 	4320 	4312
f 4300 	4320 	4302
f 4308 	4310 	4309
f 4284 	4319 	4288
f 4311 	4317 	4299
f 4306 	4309 	4301
f 4309 	4310 	4301
f 4279 	4307 	4287
f 4312 	4311 	4299
f 4296 	4308 	4305
f 4296 	4305 	4294
f 4329 	4750 	4288
f 4313 	4314 	4311
f 4313 	4311 	4312
f 4336 	4304 	4295
f 4280 	4295 	4304
f 4257 	4277 	4296
f 4316 	4310 	4315
f 2884 	2877 	4295
f 4312 	4320 	4367
f 4316 	5931 	4310
f 3551 	4289 	4317
f 4291 	4299 	4317
f 4331 	4365 	4311
f 4240 	4246 	4321
f 4321 	4301 	4240
f 4286 	4294 	4321
f 4285 	4318 	4319
f 4285 	4319 	4284
f 4322 	3687 	3662
f 3660 	3662 	3687
f 4322 	4315 	4310
f 4285 	4287 	4318
f 4310 	4308 	4322
f 4286 	4321 	4246
f 4608 	4319 	4609
f 4318 	4609 	4319
f 4323 	4324 	3567
f 3567 	3884 	4323
f 3657 	3687 	4322
f 4287 	4326 	4318
f 4595 	4745 	4273
f 4323 	4325 	4327
f 4323 	4327 	4324
f 4325 	3569 	4327
f 4325 	4348 	3885
f 3569 	3567 	4324
f 3569 	4324 	4327
f 4288 	4319 	4329
f 4608 	4329 	4319
f 4287 	4307 	4326
f 4307 	4252 	4326
f 4247 	4273 	4252
f 4331 	4334 	4333
f 4331 	4333 	4332
f 4336 	4275 	4253
f 4336 	4295 	2877
f 4337 	4397 	4338
f 4312 	4337 	4313
f 2861 	2878 	4339
f 1073 	4341 	1074
f 4340 	1074 	4341
f 4314 	4313 	4337
f 4338 	4334 	4337
f 4334 	4331 	4337
f 4314 	4337 	4331
f 4330 	4746 	4335
f 4323 	3884 	4343
f 4341 	4344 	4345
f 4341 	4345 	4340
f 4332 	4343 	4331
f 4323 	4343 	4325
f 4348 	4325 	4343
f 4333 	4348 	4343
f 4333 	4343 	4332
f 4345 	4557 	4340
f 4366 	4348 	4334
f 4333 	4334 	4348
f 4311 	4314 	4331
f 4351 	4352 	4561
f 4346 	4852 	4347
f 4397 	4392 	4338
f 4312 	4367 	4337
f 4157 	4195 	1153
f 4176 	4359 	4177
f 4357 	4177 	4359
f 4176 	4186 	4359
f 4355 	4357 	4359
f 4355 	4359 	4356
f 4360 	4361 	4362
f 4360 	4362 	4358
f 4498 	4371 	4494
f 4362 	4338 	4358
f 4338 	4369 	4358
f 3859 	4371 	4363
f 4363 	4364 	3859
f 4366 	4334 	4360
f 4334 	4361 	4360
f 4362 	4361 	4338
f 4334 	4338 	4361
f 4331 	4343 	4365
f 4365 	4343 	3884
f 4364 	4363 	5650
f 4366 	3885 	4348
f 4317 	4311 	4365
f 4360 	4439 	4366
f 4396 	4393 	2422
f 2422 	4394 	2423
f 4494 	3859 	3853
f 2422 	4368 	4370
f 4441 	4358 	4369
f 3551 	4317 	3884
f 4365 	3884 	4317
f 4363 	4371 	4487
f 4396 	2422 	4370
f 4366 	4621 	4103
f 4300 	4372 	4373
f 4374 	4375 	4376
f 4363 	4487 	4376
f 6212 	4320 	4377
f 4373 	4377 	4320
f 4375 	5672 	4376
f 4372 	4219 	4373
f 5650 	4363 	5672
f 4376 	5672 	4363
f 4372 	4300 	4219
f 4379 	4380 	4374
f 4220 	4378 	4377
f 4374 	4387 	5681
f 4380 	4387 	4374
f 4383 	4367 	4382
f 4387 	4385 	4386
f 4384 	3503 	4388
f 4389 	4382 	6217
f 4383 	4390 	4337
f 4337 	4367 	4383
f 4383 	4382 	4391
f 4383 	4391 	4392
f 4400 	4436 	4032
f 4437 	4402 	4033
f 4389 	4395 	4391
f 4389 	4391 	4382
f 4437 	4032 	4436
f 4395 	6218 	4391
f 4394 	2422 	4393
f 4388 	4381 	4384
f 4381 	2423 	4384
f 4394 	4384 	2423
f 4389 	6218 	4395
f 4383 	4392 	4397
f 4383 	4397 	4390
f 4392 	4391 	4369
f 4369 	4338 	4392
f 4021 	3957 	4398
f 4397 	4337 	4390
f 4022 	4399 	3965
f 4367 	4320 	6212
f 4921 	4035 	4398
f 4400 	4460 	4436
f 4401 	4432 	4403
f 4403 	4404 	4405
f 4403 	4405 	4401
f 4076 	4404 	4403
f 4100 	4076 	4403
f 3336 	4123 	4457
f 4076 	4079 	4405
f 4076 	4405 	4404
f 4078 	4457 	4062
f 4079 	4103 	4401
f 4401 	4405 	4079
f 3944 	4921 	4398
f 4411 	4459 	4069
f 4407 	4406 	4408
f 4407 	4408 	4411
f 4407 	4411 	4069
f 4407 	4069 	4062
f 4418 	4419 	4417
f 4418 	4417 	4415
f 4108 	4117 	4421
f 4442 	4423 	4415
f 4013 	4418 	4012
f 4422 	4435 	4424
f 4435 	4457 	4424
f 4421 	4420 	4422
f 4421 	4422 	4424
f 4421 	4424 	4108
f 4113 	4108 	4424
f 4416 	4428 	4412
f 4416 	4412 	4413
f 4410 	4409 	4428
f 4416 	4414 	4428
f 4414 	4425 	4428
f 4410 	4428 	4425
f 4429 	4614 	4430
f 4421 	4429 	4420
f 4442 	4431 	4423
f 4432 	4433 	4403
f 4014 	4012 	4418
f 4415 	4426 	4418
f 4423 	4431 	4415
f 4431 	4426 	4415
f 4426 	4427 	4418
f 4014 	4418 	4427
f 4420 	4429 	4422
f 4435 	4422 	4429
f 4417 	4436 	4415
f 4407 	4435 	4406
f 4410 	4433 	4432
f 4410 	4432 	4409
f 4434 	4438 	4440
f 4434 	4440 	4430
f 4418 	4437 	4419
f 4358 	4441 	4360
f 4439 	4360 	4441
f 4429 	4430 	4440
f 4408 	4406 	4440
f 4406 	4435 	4440
f 4429 	4440 	4435
f 4418 	4461 	4437
f 4461 	4402 	4437
f 4437 	4436 	4419
f 4417 	4419 	4436
f 4428 	4621 	4439
f 4441 	4413 	4439
f 4412 	4439 	4413
f 4411 	4408 	4440
f 4414 	4677 	4456
f 4458 	4674 	4416
f 4614 	4615 	4430
f 4415 	4460 	4442
f 4418 	4013 	4461
f 4413 	4441 	4416
f 4430 	4453 	4443
f 4430 	4443 	4434
f 4633 	4673 	4447
f 4410 	4425 	4433
f 4431 	4444 	4426
f 4412 	4428 	4439
f 4014 	4427 	4015
f 4438 	4445 	4440
f 4409 	4432 	4428
f 4401 	4103 	4432
f 4438 	4434 	4443
f 4438 	4443 	4445
f 4431 	4442 	4444
f 4445 	4443 	4885
f 4447 	4448 	4449
f 4447 	4449 	4446
f 4451 	4426 	4450
f 4733 	4612 	4452
f 4449 	4414 	4446
f 4414 	4456 	4446
f 4426 	4463 	4450
f 4414 	4449 	4425
f 4448 	4425 	4449
f 4427 	4426 	4454
f 4451 	4454 	4426
f 4429 	4421 	4452
f 4117 	4452 	4421
f 4448 	4447 	4425
f 4455 	4427 	4454
f 840 	854 	4455
f 4113 	4424 	4457
f 4451 	4450 	4455
f 4451 	4455 	4454
f 4407 	4062 	4457
f 4435 	4407 	4457
f 837 	840 	4450
f 4455 	4450 	840
f 4888 	4953 	4445
f 4440 	4459 	4411
f 4082 	4069 	4459
f 4452 	4117 	4733
f 4442 	4957 	4444
f 4416 	4441 	4458
f 4369 	4458 	4441
f 4415 	4436 	4460
f 4078 	3336 	4457
f 4994 	4442 	4460
f 4013 	4005 	4461
f 853 	4450 	4463
f 4427 	4455 	4464
f 854 	4464 	4455
f 4964 	4463 	4444
f 4426 	4444 	4463
f 4020 	4009 	4464
f 4465 	4468 	4388
f 4402 	4461 	4019
f 4468 	4465 	4355
f 4355 	4356 	4468
f 4464 	854 	4020
f 4918 	4357 	4465
f 4941 	4999 	4964
f 4994 	4460 	4400
f 3659 	4668 	3643
f 3663 	3646 	4671
f 4467 	4231 	5880
f 3646 	4652 	4654
f 4469 	4663 	4470
f 4469 	4471 	4652
f 4472 	4473 	4471
f 4472 	4471 	4469
f 4031 	4231 	4467
f 4473 	4652 	4471
f 4466 	5952 	4168
f 4472 	4474 	4657
f 4168 	4466 	6181
f 4469 	4470 	4475
f 4476 	4474 	4475
f 4474 	4472 	4475
f 4469 	4475 	4472
f 4168 	4477 	4466
f 4386 	4385 	5683
f 7055 	5683 	4385
f 4387 	4478 	4479
f 4478 	4380 	4379
f 4478 	4379 	4479
f 4478 	4387 	4380
f 4386 	5681 	4387
f 4481 	4524 	4480
f 3873 	5713 	5709
f 4489 	4493 	4483
f 4485 	4483 	4493
f 4487 	4542 	4379
f 4374 	4487 	4379
f 4481 	4480 	4484
f 4481 	4484 	4482
f 4188 	4467 	4483
f 4512 	4393 	4396
f 4479 	4379 	4484
f 4480 	4479 	4484
f 4468 	5277 	4388
f 4480 	4538 	4479
f 4387 	4479 	4486
f 4374 	4376 	4487
f 4190 	4485 	4192
f 4484 	4379 	4542
f 4483 	4485 	4188
f 4194 	4485 	4190
f 4371 	4498 	4487
f 4188 	4485 	4190
f 4491 	4492 	4490
f 4490 	4497 	4491
f 4368 	4488 	4370
f 3859 	4494 	4371
f 4494 	4495 	4496
f 4507 	4542 	4496
f 4495 	4492 	4491
f 4495 	4491 	4496
f 4467 	5880 	4483
f 3843 	4581 	3853
f 4494 	3853 	4490
f 4581 	4490 	3853
f 4494 	4490 	4492
f 4494 	4492 	4495
f 5713 	3873 	4493
f 4512 	4370 	4488
f 3873 	4190 	4485
f 4496 	4491 	4507
f 4493 	3873 	4485
f 4194 	4192 	4485
f 4581 	4585 	4490
f 4497 	4541 	4491
f 4508 	6043 	4225
f 4494 	4496 	4498
f 4542 	4498 	4496
f 4500 	4508 	4225
f 4542 	4487 	4498
f 4225 	4499 	4500
f 4501 	4502 	4503
f 4531 	4555 	4500
f 4024 	4500 	4025
f 4499 	4025 	4500
f 4499 	4225 	4025
f 4505 	4506 	4502
f 4505 	4502 	4501
f 4531 	4500 	4024
f 4505 	4507 	4506
f 4505 	4542 	4507
f 4556 	4024 	4509
f 4503 	4502 	4506
f 4503 	4506 	4507
f 4507 	4491 	4503
f 4510 	4511 	4501
f 4512 	4396 	4370
f 4542 	4505 	4484
f 2433 	4509 	4016
f 4018 	2432 	4016
f 4482 	4484 	4505
f 4511 	4510 	4530
f 4514 	4533 	4513
f 4514 	4513 	4516
f 4501 	4520 	4505
f 4511 	4520 	4501
f 4513 	4556 	4516
f 4665 	4517 	4504
f 4520 	4518 	4519
f 2454 	4540 	4516
f 4537 	4518 	4520
f 4515 	4521 	4513
f 4519 	4523 	4524
f 4519 	4524 	4520
f 4504 	4512 	4536
f 4523 	4525 	4524
f 4504 	4517 	4512
f 4521 	4531 	4024
f 4524 	4525 	4538
f 4519 	4518 	4525
f 4519 	4525 	4523
f 4526 	4528 	4527
f 4522 	4393 	4512
f 4527 	4528 	4555
f 4520 	4529 	4530
f 4522 	4394 	4393
f 4522 	4512 	4517
f 4537 	4520 	4530
f 4531 	4532 	4527
f 4538 	4480 	4524
f 4486 	4479 	4538
f 4527 	4555 	4531
f 4508 	4500 	4555
f 4529 	4511 	4530
f 4532 	4515 	4527
f 4515 	4513 	4527
f 4520 	4524 	4505
f 4529 	4520 	4511
f 4482 	4505 	4524
f 4481 	4482 	4524
f 4521 	4515 	4531
f 4532 	4531 	4515
f 4501 	4541 	4510
f 4533 	4535 	4534
f 4553 	4535 	4533
f 5225 	4537 	4530
f 4539 	4540 	4533
f 4512 	4488 	4536
f 4553 	4533 	4540
f 3194 	3198 	4553
f 4501 	4503 	4541
f 4503 	4491 	4541
f 4514 	4539 	4533
f 4534 	4545 	4533
f 4527 	4513 	4533
f 5236 	4510 	4541
f 4540 	4539 	4516
f 4514 	4516 	4539
f 4545 	4543 	4544
f 4497 	5236 	4541
f 4544 	4526 	4545
f 4544 	4543 	4528
f 4544 	4528 	4526
f 4546 	4547 	4545
f 4545 	4534 	4546
f 4526 	4527 	4545
f 4527 	4533 	4545
f 4547 	4546 	4535
f 4534 	4535 	4546
f 4116 	4462 	4090
f 4549 	4090 	4462
f 4575 	4462 	4583
f 4545 	4547 	4551
f 4549 	4552 	4090
f 4540 	3194 	4553
f 4576 	4584 	4554
f 4528 	6445 	4555
f 4344 	4341 	4353
f 2454 	4516 	4556
f 4557 	4345 	4344
f 4557 	4344 	4353
f 4521 	4024 	4556
f 4521 	4556 	4513
f 4551 	5223 	52
f 6502 	6439 	4555
f 4349 	4558 	4354
f 4349 	4354 	4350
f 4353 	4354 	4558
f 4352 	4351 	4558
f 4351 	4557 	4558
f 4353 	4558 	4557
f 2339 	2338 	4573
f 4561 	4352 	4558
f 4563 	4550 	4565
f 4548 	2339 	4565
f 4573 	4565 	2339
f 4561 	4562 	4351
f 4351 	4562 	4557
f 4265 	4594 	4562
f 4549 	4462 	4554
f 4549 	4554 	4552
f 3163 	4567 	4564
f 4550 	4548 	4565
f 4569 	4570 	4571
f 2767 	4569 	2770
f 4569 	2805 	4570
f 2804 	4570 	2805
f 3163 	3167 	4560
f 4569 	2767 	2805
f 4571 	4574 	4575
f 4573 	2338 	4572
f 4116 	4583 	4462
f 4576 	4577 	4578
f 3163 	4560 	4567
f 4578 	4584 	4576
f 4574 	4577 	4576
f 4574 	4576 	4575
f 4574 	4571 	4578
f 4574 	4578 	4577
f 4554 	4462 	4575
f 4554 	4575 	4576
f 4579 	4580 	4578
f 4578 	4571 	2803
f 4570 	2803 	4571
f 2817 	4580 	2818
f 4579 	2818 	4580
f 4581 	3843 	4572
f 2812 	2818 	4578
f 4578 	2818 	4579
f 4580 	2817 	2940
f 4571 	4583 	4569
f 2770 	4569 	4583
f 2338 	4582 	4572
f 4581 	4572 	4582
f 4571 	4575 	4583
f 4117 	4554 	4584
f 4578 	4580 	4584
f 4560 	4559 	4567
f 4599 	4567 	4559
f 4560 	4805 	4559
f 4350 	4566 	4568
f 4350 	4568 	4349
f 3180 	3186 	4586
f 4341 	4592 	4353
f 4354 	4566 	4350
f 4558 	4349 	4568
f 4558 	4568 	4595
f 4558 	4595 	4561
f 4589 	4590 	4591
f 4589 	4591 	4588
f 4591 	4353 	4588
f 4353 	4592 	4588
f 4354 	4353 	4590
f 4591 	4590 	4353
f 3198 	3114 	5184
f 4590 	4589 	4354
f 4354 	4589 	4593
f 4589 	5070 	4593
f 4560 	4586 	4805
f 4341 	1099 	4592
f 1073 	1099 	4341
f 4653 	4566 	4593
f 1102 	4594 	4265
f 4557 	4594 	4340
f 1102 	4340 	4594
f 4586 	4560 	3180
f 4557 	4562 	4594
f 4562 	4261 	4265
f 4568 	4611 	4595
f 4561 	4595 	4262
f 4611 	4568 	4566
f 4611 	4566 	4610
f 4550 	4563 	4596
f 4563 	4565 	4596
f 4600 	4601 	4608
f 4604 	1993 	4564
f 4606 	4598 	4597
f 4606 	4597 	4602
f 4585 	4581 	4587
f 4607 	4603 	4826
f 4602 	4603 	4607
f 4601 	4600 	4607
f 4600 	4606 	4607
f 4602 	4607 	4606
f 4599 	4604 	4567
f 4599 	4827 	4605
f 4573 	5157 	4565
f 4608 	4609 	4600
f 4604 	5229 	1993
f 4318 	4326 	4609
f 4601 	4607 	4608
f 4606 	4745 	4611
f 4604 	4599 	4605
f 4612 	4613 	4429
f 4356 	4359 	4468
f 4429 	4452 	4612
f 4613 	4614 	4429
f 5808 	1992 	4384
f 4453 	4430 	4615
f 4918 	4465 	3986
f 4388 	3986 	4465
f 4623 	4587 	4622
f 4726 	4736 	4724
f 4724 	4736 	4615
f 4355 	4465 	4357
f 4613 	4612 	4615
f 4613 	4615 	4614
f 4612 	4724 	4615
f 4587 	4623 	4585
f 4617 	4720 	4616
f 4580 	4616 	4733
f 4616 	2940 	4617
f 2939 	4617 	2940
f 4619 	4488 	4618
f 4673 	4620 	4447
f 4497 	4490 	4585
f 4403 	4433 	4100
f 4100 	4433 	4620
f 4425 	4620 	4433
f 4717 	4619 	4618
f 4619 	4536 	4488
f 4366 	4439 	4621
f 4103 	4621 	4432
f 4428 	4432 	4621
f 4619 	4717 	4680
f 4585 	4624 	4625
f 4536 	4619 	4504
f 5236 	5194 	4625
f 4624 	4623 	4622
f 4624 	4622 	4625
f 4624 	4585 	4623
f 4627 	4628 	4629
f 4627 	4629 	4626
f 4625 	4622 	5213
f 4548 	4630 	2339
f 4627 	4124 	4628
f 4627 	4269 	4124
f 4629 	4628 	4125
f 4124 	4125 	4628
f 4673 	4651 	4271
f 4125 	4626 	4629
f 5168 	4631 	5170
f 4633 	4447 	4632
f 4446 	4632 	4447
f 5162 	4634 	4631
f 4446 	4456 	4632
f 4618 	4488 	4368
f 4634 	5170 	4631
f 4368 	2422 	4618
f 4635 	4633 	4632
f 4635 	4632 	4636
f 4631 	4637 	5150
f 4637 	4548 	4550
f 4598 	4611 	4610
f 4598 	4610 	4597
f 4637 	4631 	4548
f 4631 	5150 	5162
f 4548 	4631 	4630
f 4667 	4695 	4643
f 4597 	4610 	4602
f 4636 	4632 	4643
f 4598 	4606 	4611
f 4642 	4641 	4640
f 4642 	4640 	4644
f 4600 	4609 	4606
f 4607 	4824 	4747
f 4747 	4608 	4607
f 4645 	4635 	4636
f 4645 	4636 	4643
f 4476 	4657 	4474
f 4643 	4642 	4645
f 4642 	4644 	4645
f 4638 	4645 	4644
f 4638 	4644 	4639
f 4633 	4635 	4645
f 4647 	4648 	4649
f 4647 	4649 	4646
f 4626 	4651 	4627
f 4650 	4627 	4651
f 4652 	4668 	4469
f 5072 	4646 	5096
f 4646 	4649 	4602
f 4649 	4648 	4603
f 4649 	4603 	4602
f 4743 	4603 	4647
f 4648 	4647 	4603
f 4470 	4669 	4678
f 4639 	4650 	4651
f 4639 	4651 	4638
f 5070 	4653 	4593
f 4472 	4654 	4473
f 4671 	4654 	4472
f 4652 	4473 	4654
f 4504 	4619 	4680
f 4641 	4655 	4656
f 4641 	4656 	4640
f 4472 	4657 	4671
f 4476 	4475 	4659
f 4642 	4655 	4641
f 4475 	4672 	4659
f 4657 	4476 	4659
f 3933 	3930 	4659
f 4644 	4640 	4656
f 4644 	4656 	4670
f 4662 	4469 	4660
f 4668 	4660 	4469
f 4670 	4650 	4644
f 4639 	4644 	4650
f 4668 	4734 	4660
f 4662 	4663 	4469
f 4673 	4633 	4645
f 4645 	4651 	4673
f 4638 	4651 	4645
f 4669 	4470 	4664
f 4662 	4660 	4664
f 4662 	4664 	4663
f 5765 	4655 	4666
f 4663 	4664 	4470
f 4643 	4632 	4667
f 4456 	4667 	4632
f 4652 	3643 	4668
f 4522 	4517 	4665
f 5758 	5769 	4656
f 4522 	4665 	4394
f 4627 	4650 	4269
f 4670 	4269 	4650
f 4475 	4687 	4672
f 4673 	4271 	4620
f 3933 	4659 	3944
f 3944 	4659 	4672
f 4425 	4447 	4620
f 3659 	3872 	4668
f 4626 	4271 	4651
f 4671 	3938 	3663
f 4674 	4675 	4676
f 4674 	4676 	4677
f 4672 	4921 	3944
f 4679 	4470 	4678
f 4458 	4675 	4674
f 4682 	4678 	4669
f 4669 	4916 	4682
f 4683 	4674 	4677
f 4683 	4677 	4684
f 4475 	4470 	4685
f 4679 	4685 	4470
f 4685 	4687 	4475
f 4414 	4684 	4677
f 6504 	4456 	4676
f 4677 	4676 	4456
f 4684 	4414 	4683
f 4416 	4683 	4414
f 4921 	4672 	4688
f 4687 	4688 	4672
f 4679 	4678 	4687
f 4679 	4687 	4685
f 4504 	4680 	4661
f 4682 	4681 	4686
f 4682 	4686 	4688
f 4674 	4683 	4416
f 4687 	4678 	4682
f 4687 	4682 	4688
f 4675 	4689 	4690
f 4675 	4690 	4676
f 4661 	4680 	4658
f 4706 	4692 	4734
f 4660 	4734 	4692
f 4689 	4675 	6388
f 4458 	6512 	4675
f 4504 	4661 	4665
f 4664 	4694 	4669
f 4710 	4735 	4694
f 4695 	4696 	4697
f 4695 	4697 	4698
f 4692 	4691 	4693
f 4692 	4693 	4694
f 4692 	4694 	4664
f 4692 	4664 	4660
f 4456 	6504 	4667
f 4699 	4695 	4698
f 4699 	4698 	4700
f 4701 	4703 	4704
f 4701 	4704 	4702
f 4698 	4642 	4700
f 6617 	6651 	4697
f 4666 	4642 	4698
f 4642 	4643 	4699
f 4642 	4699 	4700
f 4702 	4705 	4719
f 4706 	4707 	4705
f 4706 	4705 	4702
f 4696 	4695 	4667
f 4699 	4643 	4695
f 4696 	4708 	4709
f 4696 	4709 	4697
f 4707 	4719 	4705
f 4692 	4706 	4691
f 4698 	4697 	4666
f 4709 	6617 	4697
f 4702 	4704 	4710
f 4691 	4706 	4693
f 4693 	4706 	4710
f 4702 	4710 	4706
f 4667 	6664 	4696
f 4701 	4702 	4711
f 4703 	4714 	4704
f 4713 	4715 	4716
f 4713 	4716 	4712
f 4703 	4701 	4711
f 4703 	4711 	4714
f 3942 	3971 	4718
f 2945 	4617 	2939
f 2940 	4616 	4580
f 4733 	4616 	4720
f 4731 	4702 	4719
f 4731 	4719 	3745
f 4617 	2945 	4720
f 2951 	4720 	2945
f 4772 	4773 	4704
f 4720 	4721 	4722
f 4707 	4706 	4723
f 4720 	4722 	4733
f 4733 	4722 	4612
f 4706 	4734 	4723
f 4724 	4725 	4726
f 4719 	4707 	4723
f 3747 	3745 	4719
f 3747 	4719 	4723
f 4721 	4725 	4724
f 4721 	4724 	4722
f 4721 	4720 	4726
f 4721 	4726 	4725
f 4724 	4612 	4722
f 4726 	4728 	4729
f 4693 	4710 	4694
f 4728 	2950 	4729
f 4704 	4714 	4732
f 4728 	4726 	2950
f 2951 	2950 	4726
f 2951 	4726 	4720
f 4733 	4584 	4580
f 4723 	4734 	3747
f 3872 	3747 	4734
f 4453 	4615 	4736
f 4989 	5007 	4729
f 4669 	4694 	4735
f 4117 	4584 	4733
f 3870 	5553 	4731
f 4739 	4737 	4738
f 4734 	4668 	3872
f 4653 	4646 	4602
f 4347 	4346 	2346
f 4740 	4741 	4742
f 4765 	4800 	4742
f 4741 	4738 	4737
f 4741 	4737 	4742
f 4647 	5099 	4743
f 4740 	4739 	4738
f 4740 	4738 	4741
f 4602 	4610 	4653
f 4610 	4566 	4653
f 4354 	4593 	4566
f 4737 	4765 	4742
f 4603 	4743 	4821
f 5069 	3576 	4739
f 3576 	3573 	4739
f 4326 	4273 	4745
f 4739 	4740 	5069
f 4595 	4611 	4745
f 4326 	4745 	4609
f 4606 	4609 	4745
f 4746 	4330 	4328
f 3544 	3576 	5069
f 3544 	5069 	5033
f 4342 	4335 	4746
f 4608 	4747 	4329
f 4748 	4044 	4083
f 4750 	4751 	4752
f 4750 	4752 	4753
f 4044 	4748 	4739
f 4813 	4751 	4329
f 4752 	4819 	4753
f 4753 	4756 	4757
f 4753 	4757 	4750
f 4754 	4794 	4758
f 4754 	4758 	4755
f 4744 	4328 	4766
f 4871 	4329 	4747
f 4083 	4055 	4794
f 4758 	4794 	4055
f 4757 	4288 	4750
f 4756 	4297 	4757
f 4794 	4754 	4760
f 4759 	4760 	4754
f 4739 	4748 	4737
f 4760 	4737 	4794
f 4754 	4761 	4762
f 4754 	4762 	4759
f 4753 	4819 	4339
f 4339 	4297 	4753
f 4756 	4753 	4297
f 4761 	4754 	4769
f 4755 	4769 	4754
f 4763 	4752 	4751
f 4763 	4751 	4764
f 4761 	4765 	4762
f 4761 	4800 	4765
f 4800 	4749 	4742
f 4760 	4759 	4762
f 4760 	4762 	4765
f 4765 	4737 	4760
f 4769 	4767 	4768
f 4763 	4789 	4752
f 4669 	4735 	5045
f 4792 	4767 	4769
f 4768 	4774 	4775
f 4768 	4775 	4769
f 4774 	4778 	4775
f 4869 	4956 	4778
f 4775 	4778 	4798
f 4777 	4776 	4782
f 4777 	4782 	4781
f 4704 	4732 	4772
f 5041 	4780 	4732
f 4768 	4767 	4778
f 4768 	4778 	4774
f 4773 	4783 	4710
f 4773 	4710 	4704
f 4785 	4786 	4769
f 4783 	4787 	4710
f 4792 	4769 	4786
f 4082 	4792 	4072
f 4072 	4792 	4786
f 4764 	4781 	4763
f 4789 	4763 	4781
f 4788 	5045 	4787
f 4735 	4787 	5045
f 4710 	4787 	4735
f 4773 	4772 	4787
f 4773 	4787 	4783
f 4755 	4785 	4769
f 4775 	4761 	4769
f 4780 	4779 	4784
f 4780 	4784 	4788
f 4786 	4785 	4758
f 4755 	4758 	4785
f 4787 	4772 	4780
f 4787 	4780 	4788
f 4770 	4790 	4782
f 4770 	4782 	4771
f 4781 	4782 	4790
f 3248 	4789 	3249
f 3249 	4789 	4790
f 4781 	4790 	4789
f 4758 	4072 	4786
f 4791 	4817 	4793
f 4682 	4791 	4681
f 4794 	4737 	4748
f 4681 	4791 	4686
f 4799 	4686 	4791
f 4771 	4795 	4796
f 4771 	4796 	4770
f 4740 	4742 	4749
f 4813 	4806 	4781
f 4776 	4807 	4782
f 4799 	4802 	4803
f 4799 	4803 	4801
f 4813 	4781 	4751
f 4764 	4751 	4781
f 4797 	4804 	4793
f 4804 	4802 	4793
f 4791 	4793 	4802
f 4791 	4802 	4799
f 4782 	4795 	4771
f 4604 	4564 	4567
f 4789 	4819 	4752
f 3248 	3242 	4789
f 4790 	4770 	4796
f 4793 	4808 	4797
f 4793 	4917 	4808
f 4777 	4806 	4807
f 4777 	4807 	4776
f 4686 	4799 	4688
f 4799 	4921 	4688
f 4806 	4777 	4781
f 4801 	4809 	4799
f 4035 	4921 	4809
f 4796 	4795 	6024
f 6025 	6024 	4795
f 4803 	4802 	4810
f 4922 	4810 	4802
f 4400 	4036 	4810
f 4400 	4810 	4922
f 4810 	4809 	4803
f 4801 	4803 	4809
f 4790 	4796 	4820
f 4036 	4035 	4809
f 4036 	4809 	4810
f 4848 	4807 	4849
f 4806 	4849 	4807
f 4922 	4802 	4812
f 4804 	4812 	4802
f 4804 	4797 	4808
f 4804 	4808 	4812
f 4813 	4329 	4871
f 6048 	4814 	4878
f 4812 	4808 	4950
f 4807 	4878 	4814
f 4782 	4807 	4814
f 4791 	4815 	4816
f 4750 	4329 	4751
f 4791 	4916 	4815
f 4816 	4817 	4791
f 4917 	4793 	4818
f 4816 	4815 	4818
f 4816 	4818 	4817
f 4805 	4837 	4599
f 4789 	3242 	4819
f 4599 	4559 	4805
f 4820 	6050 	3238
f 6050 	4820 	6024
f 4796 	6024 	4820
f 4879 	4908 	4766
f 3238 	3243 	4820
f 4821 	4822 	4823
f 4821 	4823 	4824
f 4823 	4747 	4824
f 4824 	4825 	4826
f 4824 	4826 	4821
f 4822 	4821 	4743
f 4826 	4603 	4821
f 4837 	4827 	4599
f 4825 	4607 	4826
f 4825 	4824 	4607
f 4828 	4823 	4822
f 4828 	4822 	4829
f 4605 	4827 	4830
f 4743 	4870 	4822
f 4827 	5149 	4830
f 4836 	4871 	4823
f 4828 	4836 	4823
f 4833 	4834 	4848
f 4829 	4835 	4828
f 4836 	4828 	4835
f 4766 	4328 	7011
f 4837 	4805 	4586
f 4841 	4839 	4840
f 4832 	4831 	4843
f 4832 	4843 	4838
f 5184 	3114 	4842
f 4839 	4844 	4845
f 4839 	4845 	4840
f 4834 	4833 	4843
f 4833 	4836 	4843
f 4838 	4843 	4836
f 4838 	4836 	4835
f 4342 	4844 	4846
f 4839 	4846 	4844
f 4342 	4846 	4335
f 4848 	4834 	4843
f 4847 	4811 	2440
f 4346 	4347 	4839
f 4841 	4346 	4839
f 4849 	4806 	4813
f 4848 	4849 	4833
f 4342 	4852 	4844
f 4833 	4849 	4836
f 4813 	4871 	4849
f 4083 	4794 	4748
f 5521 	4749 	4800
f 4840 	4845 	4841
f 4841 	4845 	4852
f 4845 	4844 	4852
f 5060 	4740 	4749
f 4832 	4850 	4851
f 4832 	4851 	4831
f 4845 	5073 	4840
f 4844 	5073 	4845
f 1 	2284 	50
f 4829 	4822 	4835
f 4841 	4852 	4346
f 4855 	4856 	4775
f 4346 	4841 	2346
f 4840 	2346 	4841
f 4855 	4798 	4854
f 4855 	4775 	4798
f 4798 	5520 	4854
f 4761 	4775 	4858
f 4856 	4858 	4775
f 4838 	4850 	4832
f 4843 	4831 	4851
f 4843 	4851 	4878
f 4858 	4860 	4761
f 4843 	4878 	4848
f 5498 	5521 	4859
f 4857 	5498 	4859
f 4860 	4859 	4800
f 4761 	4860 	4800
f 6265 	4851 	4850
f 4854 	4853 	4857
f 4854 	4857 	4859
f 4856 	4855 	4860
f 4856 	4860 	4858
f 4860 	4855 	4854
f 4860 	4854 	4859
f 4851 	6264 	4878
f 4844 	4845 	4863
f 4792 	4953 	4767
f 4767 	4953 	4865
f 4862 	4866 	4867
f 4862 	4867 	4861
f 4893 	4863 	4744
f 4867 	4835 	4861
f 4867 	4866 	4838
f 4867 	4838 	4835
f 4328 	4744 	4863
f 4880 	4956 	4869
f 4866 	4862 	4838
f 4865 	4864 	4868
f 4865 	4868 	4869
f 4863 	4746 	4328
f 4865 	4869 	4778
f 4865 	4778 	4767
f 4840 	4841 	4863
f 4835 	4822 	4870
f 4453 	4945 	4443
f 4845 	4840 	4863
f 4342 	4746 	4852
f 4863 	4852 	4746
f 4747 	4823 	4871
f 4870 	5908 	4861
f 4346 	4347 	4863
f 4841 	4346 	4863
f 4872 	4983 	4873
f 4836 	4849 	4871
f 4872 	4875 	4885
f 4838 	4862 	4874
f 4876 	4877 	4875
f 4876 	4875 	4872
f 4877 	4885 	4875
f 4865 	4876 	4864
f 4848 	4878 	4807
f 4876 	4880 	4868
f 4876 	4868 	4864
f 4882 	4589 	4881
f 4588 	4881 	4589
f 4872 	4873 	4880
f 4872 	4880 	4876
f 4881 	4588 	5059
f 4882 	5070 	4589
f 4881 	4883 	4884
f 4881 	4884 	4882
f 1390 	4887 	1391
f 4886 	1391 	4887
f 4960 	4873 	4946
f 4877 	4876 	4888
f 4876 	4953 	4888
f 4889 	4886 	4887
f 4889 	4887 	4890
f 4885 	4877 	4888
f 4718 	4910 	3942
f 4893 	4744 	4766
f 4891 	4718 	4895
f 4727 	4661 	4658
f 4716 	4892 	4712
f 4891 	4902 	4894
f 4894 	4901 	4892
f 4715 	4894 	4892
f 4715 	4892 	4716
f 4891 	4894 	4718
f 4910 	4718 	4894
f 4894 	4713 	4910
f 4715 	4713 	4894
f 4895 	4718 	3971
f 4053 	4909 	3971
f 4893 	4766 	4908
f 4895 	4896 	4891
f 4665 	4661 	4727
f 4899 	4897 	4898
f 4899 	4898 	4900
f 4901 	4900 	4898
f 4902 	4899 	4900
f 4902 	4900 	4901
f 5620 	5088 	6792
f 4899 	4902 	4897
f 4909 	4897 	4902
f 4904 	4730 	4727
f 4896 	4895 	4902
f 4909 	4902 	4895
f 4896 	4902 	4891
f 4901 	4894 	4902
f 4658 	4904 	4727
f 4717 	4904 	4680
f 4892 	4915 	4907
f 4904 	4658 	4680
f 4901 	4898 	4905
f 4892 	4907 	4712
f 4053 	4274 	4909
f 4908 	4906 	5093
f 4895 	3971 	4909
f 4906 	4908 	4879
f 4468 	4911 	5388
f 4911 	4186 	5388
f 4912 	4913 	4914
f 4912 	4914 	4915
f 5045 	4815 	4916
f 4911 	4468 	4359
f 4359 	4186 	4911
f 4817 	4818 	4793
f 4791 	4682 	4916
f 4987 	4950 	4917
f 4918 	4132 	4187
f 4919 	4914 	4913
f 4919 	4913 	4920
f 4799 	4809 	4921
f 4357 	4918 	4187
f 4177 	4357 	4187
f 4912 	4905 	4913
f 4812 	4952 	4922
f 5354 	4919 	4920
f 4669 	5045 	4916
f 5354 	5373 	4914
f 5354 	4914 	4919
f 4915 	4926 	4927
f 4915 	4927 	4912
f 1506 	4928 	1507
f 4925 	1507 	4928
f 1506 	4981 	4928
f 4905 	5370 	4913
f 4927 	4901 	4912
f 4901 	4905 	4912
f 4986 	1519 	4925
f 4901 	4927 	4892
f 4926 	4892 	4927
f 4932 	4925 	4928
f 4932 	4928 	4934
f 4931 	4933 	4930
f 4931 	4930 	4929
f 4915 	4914 	4907
f 4926 	4915 	4892
f 4937 	4898 	4936
f 4897 	4936 	4898
f 4934 	4928 	4935
f 4935 	4939 	4932
f 4935 	4932 	4934
f 5299 	5322 	4937
f 4955 	4939 	4935
f 4445 	4885 	4888
f 4932 	4939 	4925
f 4986 	4925 	4939
f 4923 	4154 	4191
f 4924 	4923 	4939
f 4939 	4923 	4986
f 4941 	4942 	4938
f 4941 	4938 	4931
f 4868 	4880 	4869
f 4931 	4929 	4941
f 4929 	4940 	4941
f 4941 	4940 	4971
f 4944 	4947 	4948
f 4944 	4948 	4943
f 4872 	4885 	4945
f 4885 	4443 	4945
f 4930 	4950 	4929
f 235 	4963 	266
f 4929 	4950 	4987
f 4953 	4459 	4445
f 4440 	4445 	4459
f 4924 	4951 	4949
f 4924 	4949 	4923
f 4933 	4931 	4952
f 4948 	4954 	4943
f 4972 	4943 	4954
f 4876 	4865 	4953
f 4931 	4994 	4952
f 4948 	4947 	4955
f 4948 	4955 	4954
f 4798 	4778 	4956
f 4952 	4950 	4933
f 4930 	4933 	4950
f 4812 	4950 	4952
f 4947 	4944 	4955
f 4880 	4969 	4956
f 4945 	4453 	4736
f 4965 	4959 	4954
f 4987 	4979 	4929
f 4951 	4955 	4949
f 4938 	4957 	4931
f 4082 	4459 	4953
f 4082 	4953 	4792
f 4442 	4994 	4957
f 4955 	4935 	4954
f 4951 	4924 	4955
f 4924 	4939 	4955
f 4961 	4873 	4960
f 4996 	4970 	4940
f 4971 	4940 	4970
f 4942 	4941 	4964
f 4935 	4981 	4958
f 4959 	4965 	4966
f 4959 	4966 	4958
f 4960 	4946 	4963
f 4946 	266 	4963
f 4972 	4954 	4959
f 4964 	4957 	4942
f 4938 	4942 	4957
f 4880 	4873 	4967
f 4961 	4967 	4873
f 4965 	4954 	4935
f 4935 	4966 	4965
f 4964 	4444 	4957
f 4962 	241 	4968
f 4966 	4935 	4958
f 4880 	4967 	4969
f 272 	4973 	241
f 241 	4973 	4968
f 4996 	907 	4970
f 272 	4956 	4973
f 4969 	4973 	4956
f 4971 	4974 	4941
f 4961 	4960 	4969
f 4961 	4969 	4967
f 4963 	4962 	4968
f 4963 	4968 	4973
f 4974 	4976 	4941
f 4955 	4944 	4975
f 4969 	4960 	4963
f 4969 	4963 	4973
f 911 	4999 	4976
f 884 	911 	4976
f 5395 	5430 	4959
f 4946 	5010 	266
f 4971 	4970 	4976
f 4971 	4976 	4974
f 272 	5520 	4956
f 4949 	4955 	4975
f 881 	884 	4970
f 4976 	4970 	884
f 4980 	4929 	4979
f 4978 	4872 	4977
f 4872 	4945 	4977
f 4940 	4929 	4982
f 4980 	4982 	4929
f 4978 	4983 	4872
f 4935 	4928 	4981
f 1515 	4981 	1506
f 4940 	4982 	4984
f 4873 	4983 	4985
f 4986 	4191 	1519
f 4191 	1156 	1519
f 4873 	4985 	4946
f 1507 	4925 	1519
f 4980 	4979 	4984
f 4980 	4984 	4982
f 4978 	4977 	4985
f 4978 	4985 	4983
f 4986 	4923 	4191
f 4808 	4917 	4950
f 4989 	4991 	4992
f 4922 	4952 	4994
f 4943 	4995 	4944
f 4993 	4944 	4995
f 4992 	5007 	4989
f 4726 	4729 	4736
f 5383 	4995 	4972
f 4989 	3878 	4991
f 3877 	4991 	3878
f 4931 	4957 	4994
f 3877 	4992 	4991
f 4988 	4993 	4995
f 4988 	4995 	4990
f 4940 	4984 	4996
f 5133 	4996 	4984
f 4989 	4729 	3878
f 881 	4970 	907
f 4992 	4997 	4998
f 4463 	4964 	4999
f 4992 	4998 	5007
f 5007 	4998 	4977
f 4941 	4976 	4999
f 4400 	4922 	4994
f 5001 	4618 	2422
f 5002 	5003 	5000
f 5002 	5000 	5010
f 907 	4996 	5133
f 4463 	4999 	911
f 4997 	5003 	5002
f 4997 	5002 	4998
f 5003 	4997 	5000
f 4997 	4992 	5000
f 4815 	5045 	5005
f 4998 	5002 	4985
f 4998 	4985 	4977
f 5007 	4736 	4729
f 5007 	4977 	4945
f 4818 	5008 	4917
f 5005 	5004 	5006
f 5005 	5006 	5008
f 4946 	4985 	5010
f 4985 	5002 	5010
f 5005 	5008 	4818
f 5005 	4818 	4815
f 4736 	5007 	4945
f 5012 	5014 	5015
f 5012 	5015 	5013
f 4992 	3883 	5000
f 5017 	3904 	341
f 5016 	5018 	5000
f 341 	353 	5019
f 341 	5019 	5017
f 4780 	5013 	4779
f 5011 	5009 	5001
f 353 	5010 	5019
f 5018 	5019 	5010
f 5000 	5018 	5010
f 4779 	5013 	4784
f 5021 	4784 	5013
f 5016 	3902 	5018
f 5011 	5027 	5009
f 5019 	3904 	5017
f 5005 	5021 	5004
f 5018 	3902 	5019
f 5020 	5022 	5023
f 5020 	5023 	5015
f 353 	266 	5010
f 5013 	5015 	5023
f 5004 	5021 	5006
f 5006 	5021 	5023
f 5013 	5023 	5021
f 2136 	5032 	2137
f 5025 	5032 	5024
f 5001 	5009 	4618
f 4717 	4618 	5009
f 5041 	5030 	5013
f 5013 	4780 	5041
f 4772 	4732 	4780
f 5028 	5020 	5015
f 5015 	5043 	5028
f 4784 	5021 	4788
f 4788 	5021 	5045
f 5045 	5021 	5005
f 5024 	5026 	5025
f 5048 	5023 	5029
f 5022 	5029 	5023
f 5028 	5029 	5020
f 5022 	5020 	5029
f 2136 	5026 	5024
f 5006 	5023 	5008
f 5048 	5008 	5023
f 5012 	5013 	5030
f 5014 	5031 	5015
f 5014 	5012 	5030
f 5014 	5030 	5031
f 4889 	5042 	4886
f 4890 	4887 	5040
f 5035 	5032 	5034
f 5032 	5025 	5034
f 5042 	4889 	4890
f 5042 	4890 	5040
f 5015 	5031 	5043
f 5035 	5044 	5032
f 5034 	5085 	5035
f 5042 	4883 	4881
f 5037 	5036 	5046
f 5037 	5046 	5040
f 5035 	5085 	5047
f 4917 	5008 	5048
f 4883 	5042 	4884
f 5049 	4884 	5042
f 6339 	6412 	4732
f 6479 	5128 	5043
f 5042 	5040 	5049
f 5040 	5046 	5049
f 5038 	5049 	5046
f 5038 	5046 	5039
f 4917 	5048 	4987
f 5037 	5052 	5053
f 5037 	5053 	5036
f 5039 	5054 	5055
f 5039 	5055 	5038
f 5047 	5044 	5035
f 4903 	6792 	5088
f 5040 	5056 	5052
f 5040 	5052 	5037
f 5046 	5036 	5053
f 5046 	5054 	5039
f 4884 	5049 	4882
f 5070 	4882 	5049
f 5057 	5058 	4903
f 5038 	5055 	5049
f 5070 	5049 	5055
f 5040 	4887 	5056
f 1404 	5056 	4887
f 5058 	5300 	5339
f 5024 	5032 	2136
f 5032 	5033 	2137
f 5069 	5068 	5033
f 5068 	2137 	5033
f 4592 	1099 	5059
f 1407 	5059 	1099
f 5042 	5059 	4886
f 1407 	4886 	5059
f 5298 	4903 	5058
f 5339 	5298 	5058
f 5062 	5063 	5064
f 4592 	5059 	4588
f 5042 	4881 	5059
f 5066 	5064 	5065
f 5063 	5065 	5064
f 5065 	5063 	5062
f 5046 	5053 	5067
f 5069 	4740 	5060
f 5046 	5067 	5054
f 5068 	5069 	5816
f 5060 	5061 	5069
f 5066 	5062 	5064
f 5055 	5090 	5070
f 5064 	5073 	5062
f 4646 	5072 	4647
f 5071 	4647 	5072
f 5066 	5073 	5064
f 4844 	5062 	5073
f 4653 	5096 	4646
f 5071 	5099 	4647
f 5072 	5074 	5075
f 5072 	5075 	5071
f 5075 	5086 	5071
f 5054 	5089 	5090
f 5054 	5090 	5055
f 5054 	5067 	5089
f 2346 	4840 	5073
f 5076 	4893 	5097
f 5062 	4844 	5076
f 4863 	4893 	5076
f 4844 	4863 	5076
f 5081 	5079 	5083
f 5081 	5083 	5082
f 5084 	5078 	5077
f 5084 	5077 	5082
f 5025 	5026 	5080
f 5076 	5097 	5062
f 5074 	5072 	5084
f 5064 	5062 	5097
f 5075 	5074 	5086
f 5084 	5086 	5074
f 5064 	5097 	5066
f 5082 	5083 	5086
f 5082 	5086 	5084
f 2345 	2347 	6792
f 5099 	5071 	5086
f 5044 	5087 	5032
f 5057 	4903 	5088
f 5078 	5090 	5089
f 5078 	5089 	5077
f 5081 	5091 	5092
f 5081 	5092 	5079
f 5081 	5082 	5091
f 5094 	5091 	5082
f 5083 	5079 	5092
f 5077 	5089 	5082
f 5094 	5082 	5089
f 5078 	5084 	5090
f 4908 	5093 	5385
f 5099 	5086 	5828
f 5067 	5523 	5094
f 4908 	5385 	4893
f 5092 	5095 	5083
f 5094 	5089 	5067
f 5449 	5032 	5087
f 4653 	5070 	5096
f 5084 	5096 	5090
f 5070 	5090 	5096
f 5084 	5072 	5096
f 5508 	5053 	5509
f 5052 	5509 	5053
f 5519 	5509 	5056
f 5085 	5080 	5101
f 5065 	5103 	5066
f 5062 	5103 	5065
f 5103 	5100 	5065
f 5102 	1776 	1823
f 4979 	4987 	5051
f 5449 	5098 	5101
f 5051 	5050 	5104
f 5051 	5104 	5105
f 5051 	5105 	4984
f 5051 	4984 	4979
f 5106 	5108 	5109
f 5106 	5109 	5107
f 5087 	5044 	5047
f 5107 	5110 	5117
f 5102 	5111 	1776
f 5085 	5087 	5047
f 5112 	5113 	5110
f 5112 	5110 	5107
f 5113 	5117 	5110
f 5051 	5112 	5050
f 5085 	5101 	5087
f 5112 	5114 	5104
f 5112 	5104 	5050
f 5123 	5114 	5109
f 5107 	5109 	5114
f 5107 	5114 	5112
f 1776 	5111 	1781
f 5034 	5025 	5085
f 5106 	5107 	5115
f 5128 	5115 	5107
f 5080 	5085 	5025
f 5108 	5116 	5109
f 5087 	5101 	5098
f 5111 	5160 	1425
f 5108 	5106 	5115
f 5108 	5115 	5116
f 1425 	1781 	5111
f 2363 	5644 	1424
f 5028 	5043 	5117
f 5107 	5117 	5128
f 5113 	5112 	5119
f 5132 	5119 	5112
f 5132 	5048 	5119
f 5117 	5113 	5119
f 5029 	5028 	5117
f 5029 	5117 	5119
f 5112 	5051 	5132
f 5104 	5114 	5105
f 5133 	5105 	5114
f 5122 	5109 	5121
f 5131 	5121 	5109
f 1632 	5121 	5131
f 5122 	5123 	5109
f 5114 	5123 	5124
f 1604 	1636 	1606
f 1606 	5133 	5124
f 5114 	5124 	5133
f 5127 	5060 	5126
f 5122 	5121 	5124
f 5122 	5124 	5123
f 5124 	5121 	1606
f 5128 	5117 	5043
f 1594 	1596 	1632
f 5029 	5119 	5048
f 5132 	5051 	4987
f 4847 	4837 	4811
f 1454 	5142 	5118
f 4984 	5105 	5133
f 4811 	4837 	4586
f 5048 	5132 	4987
f 1636 	907 	5133
f 5102 	1823 	1821
f 5139 	5148 	5140
f 5118 	5102 	1821
f 5102 	5118 	5120
f 5135 	5136 	5137
f 5135 	5137 	5134
f 5142 	5151 	5102
f 5138 	5137 	5136
f 5138 	5136 	5139
f 5137 	5138 	5134
f 5147 	5134 	5138
f 5102 	5120 	5142
f 5136 	5135 	5139
f 5164 	1443 	1439
f 5284 	5286 	5138
f 5147 	5138 	5286
f 5141 	5139 	5140
f 5118 	5142 	5120
f 3098 	5141 	5140
f 3095 	3406 	5138
f 5138 	5139 	3097
f 3098 	3097 	5139
f 3098 	5139 	5141
f 5144 	5135 	5143
f 5134 	5143 	5135
f 5145 	5146 	5144
f 5145 	5144 	5143
f 5179 	5180 	4842
f 5146 	5258 	5144
f 5146 	5145 	5258
f 5147 	5280 	5143
f 4605 	5229 	4604
f 4631 	5168 	4630
f 5142 	1454 	5125
f 4605 	4830 	5229
f 5229 	4830 	5149
f 4596 	5150 	4550
f 4827 	5161 	5149
f 4637 	4550 	5150
f 5102 	5151 	5111
f 1994 	2337 	5176
f 5150 	5154 	5153
f 5151 	5165 	5171
f 5154 	5150 	4596
f 5151 	5142 	5165
f 5157 	4596 	4565
f 4596 	5157 	5154
f 5160 	5151 	5171
f 5160 	5111 	5151
f 4573 	5495 	5488
f 2441 	5176 	4842
f 1439 	1424 	5644
f 5161 	5173 	5152
f 5162 	5153 	5154
f 5644 	5164 	1439
f 5150 	5153 	5162
f 5159 	5164 	5163
f 5159 	5163 	5158
f 5161 	4827 	4837
f 4847 	5156 	4837
f 5162 	5170 	4634
f 5161 	4837 	5156
f 5161 	5152 	5149
f 5125 	1454 	5183
f 5243 	5156 	4847
f 5244 	5173 	5161
f 2441 	1994 	5176
f 4842 	5155 	5179
f 5125 	5183 	5166
f 5125 	5166 	5165
f 5155 	4842 	5176
f 5125 	5165 	5142
f 5243 	5167 	5156
f 5169 	5168 	5170
f 5686 	5687 	1452
f 5168 	2339 	4630
f 5161 	5156 	5167
f 5188 	5174 	5171
f 5161 	5167 	5244
f 5160 	5172 	5175
f 5174 	5172 	5160
f 5160 	5171 	5174
f 4587 	4581 	5494
f 5179 	5155 	5178
f 5182 	5178 	5155
f 5154 	5177 	5162
f 5184 	4842 	5181
f 5180 	5181 	4842
f 5154 	5247 	5177
f 5197 	5224 	5200
f 5180 	5179 	5178
f 5180 	5178 	5181
f 5160 	5175 	5525
f 5247 	5154 	5248
f 5181 	5178 	5200
f 5219 	5178 	5182
f 5164 	5644 	5163
f 5154 	5157 	5248
f 5248 	5157 	4573
f 3198 	5184 	4553
f 5187 	5211 	5186
f 5211 	5223 	5186
f 5189 	5190 	5197
f 5188 	5171 	5165
f 4553 	5224 	4535
f 5187 	5186 	5190
f 5187 	5190 	5189
f 5190 	5186 	4547
f 5190 	4547 	4535
f 5233 	4622 	5192
f 5203 	4622 	5233
f 4587 	5192 	4622
f 5219 	5665 	5193
f 4497 	4585 	5194
f 5195 	5196 	5193
f 4585 	4625 	5194
f 5219 	5193 	5196
f 5196 	5178 	5219
f 5187 	5189 	5197
f 5198 	5195 	5197
f 5195 	5193 	5197
f 5661 	5206 	5193
f 4497 	5194 	5236
f 5188 	5165 	5199
f 5197 	5200 	5198
f 5165 	5166 	5199
f 5200 	5224 	5181
f 5196 	5195 	5198
f 5196 	5198 	5200
f 5200 	5178 	5196
f 5202 	5203 	5201
f 5206 	5204 	5205
f 5201 	5207 	5208
f 5201 	5208 	5202
f 5206 	5218 	5204
f 34 	5204 	49
f 5199 	5185 	5188
f 5205 	5210 	5211
f 5205 	5211 	5206
f 5201 	5221 	5207
f 5210 	5212 	5211
f 5207 	5213 	5208
f 5185 	5174 	5188
f 5207 	5236 	5213
f 4625 	5213 	5236
f 5203 	5202 	5208
f 5203 	5208 	5213
f 5205 	5204 	5212
f 5205 	5212 	5210
f 5213 	4622 	5203
f 5212 	5204 	34
f 5209 	5214 	5207
f 5661 	5662 	5206
f 5214 	4510 	5236
f 5207 	5214 	5236
f 5211 	5193 	5206
f 5187 	5197 	5211
f 5197 	5193 	5211
f 5217 	5215 	5216
f 5206 	5662 	5218
f 5216 	5220 	5221
f 5216 	5221 	5217
f 49 	5204 	5218
f 5220 	5222 	5221
f 257 	312 	5222
f 5211 	5212 	5223
f 52 	5223 	5212
f 5216 	5215 	5222
f 5216 	5222 	5220
f 5186 	5223 	4547
f 4551 	4547 	5223
f 5197 	5190 	5224
f 5190 	4535 	5224
f 5184 	5181 	5224
f 5225 	5226 	5221
f 5218 	5689 	49
f 5227 	5228 	5217
f 5183 	5199 	5166
f 5182 	5690 	5219
f 5221 	5235 	5225
f 5221 	5201 	5217
f 5226 	5209 	5221
f 5209 	5207 	5221
f 5184 	5224 	4553
f 5226 	5225 	5214
f 5226 	5214 	5209
f 4510 	5214 	4530
f 5225 	4530 	5214
f 5227 	5217 	5230
f 5230 	5217 	5201
f 5230 	5201 	5231
f 5228 	5227 	5230
f 5228 	5230 	5231
f 1454 	1452 	5687
f 5231 	5957 	5228
f 5217 	5228 	5232
f 6067 	5231 	5233
f 5174 	5185 	5172
f 311 	5215 	5232
f 5191 	5172 	5185
f 5201 	5203 	5233
f 5221 	5222 	5235
f 312 	5235 	5222
f 4537 	5225 	5235
f 5234 	5254 	5229
f 5192 	6067 	5233
f 4537 	5235 	312
f 5234 	5229 	5149
f 5149 	5152 	5234
f 5168 	5169 	5241
f 5152 	5173 	5234
f 4727 	5249 	4665
f 5249 	4394 	4665
f 4717 	5240 	4904
f 4717 	5009 	5240
f 5238 	5241 	5169
f 5243 	5242 	5167
f 5240 	4730 	4904
f 5247 	5238 	5169
f 5238 	5237 	5241
f 5240 	5239 	4730
f 4727 	4730 	5249
f 2440 	3842 	4847
f 5238 	5247 	5245
f 5247 	5246 	5245
f 5239 	5240 	5027
f 5027 	5240 	5009
f 5170 	5247 	5169
f 5239 	5027 	5262
f 5244 	5234 	5173
f 5162 	5177 	5247
f 5170 	5162 	5247
f 4381 	4388 	5277
f 5484 	5247 	5248
f 5656 	5182 	5155
f 5243 	5250 	5242
f 5249 	5251 	5274
f 5248 	4573 	5488
f 5237 	5238 	5493
f 5249 	5337 	4394
f 5493 	2339 	5253
f 5251 	5249 	5252
f 4730 	5239 	5249
f 5168 	5253 	2339
f 5252 	5249 	5239
f 5139 	5135 	5148
f 5282 	5148 	5144
f 5135 	5144 	5148
f 5255 	5250 	5272
f 3129 	3120 	5148
f 5167 	5242 	5255
f 5264 	3141 	3150
f 5264 	3142 	3141
f 5443 	5257 	5256
f 5234 	5255 	5254
f 5145 	5143 	5256
f 5255 	5234 	5244
f 5244 	5167 	5255
f 5258 	5261 	5260
f 5258 	5260 	5259
f 5255 	5242 	5250
f 5258 	5145 	5256
f 5257 	5261 	5256
f 5269 	5261 	5257
f 5261 	5258 	5256
f 5239 	5262 	5275
f 5229 	5263 	5279
f 5259 	5264 	5258
f 5383 	5287 	4995
f 5260 	5261 	5265
f 5283 	5265 	5261
f 5229 	5254 	5263
f 2427 	2423 	5353
f 5283 	3151 	5265
f 5265 	5264 	5260
f 5259 	5260 	5264
f 3843 	2439 	1
f 5264 	5265 	3142
f 5269 	5270 	5261
f 5257 	5267 	5268
f 5268 	5269 	5257
f 5262 	5266 	5275
f 5461 	5474 	5283
f 5270 	5461 	5283
f 5268 	5267 	5270
f 5268 	5270 	5269
f 5270 	5267 	5461
f 5266 	5011 	5001
f 5266 	5027 	5011
f 5001 	5372 	5266
f 5062 	5066 	5103
f 5266 	5262 	5027
f 5066 	5103 	5073
f 5271 	5272 	5250
f 5097 	5100 	5103
f 5066 	5097 	5103
f 5255 	5272 	5273
f 5274 	5252 	5275
f 5254 	5255 	5276
f 5273 	5276 	5255
f 5275 	5252 	5239
f 5274 	5251 	5252
f 5063 	5065 	5100
f 5287 	5277 	4988
f 4988 	4990 	5287
f 5093 	4906 	5616
f 5249 	5274 	5321
f 5278 	5604 	5619
f 5256 	5143 	5280
f 5134 	5147 	5143
f 5266 	5295 	5275
f 5257 	5281 	5267
f 5258 	5264 	5282
f 3150 	5282 	5264
f 3142 	5265 	3151
f 5279 	5254 	5278
f 5258 	5282 	5144
f 5353 	4381 	5277
f 5283 	5261 	5270
f 5254 	5276 	5278
f 3129 	5148 	3150
f 3709 	3151 	5283
f 5284 	5138 	3406
f 5278 	5603 	5604
f 5278 	5276 	5273
f 5385 	5402 	4893
f 5254 	5279 	5263
f 4990 	4995 	5287
f 5620 	5621 	5088
f 4936 	5288 	5289
f 4936 	5289 	4937
f 5291 	5088 	5292
f 4937 	5289 	5299
f 5290 	5057 	5088
f 5306 	4264 	4263
f 5306 	4263 	5305
f 5058 	5057 	5291
f 5290 	5291 	5057
f 5290 	5088 	5291
f 5291 	5292 	5334
f 5297 	5733 	5296
f 5291 	5317 	5058
f 5300 	5058 	5317
f 5307 	5339 	5300
f 5297 	5301 	5294
f 5297 	5294 	5293
f 4468 	5388 	5277
f 5302 	5300 	5317
f 5289 	5288 	5301
f 5297 	5296 	5301
f 5296 	5299 	5301
f 5289 	5301 	5299
f 4988 	5277 	4993
f 5388 	4993 	5277
f 4936 	5301 	5288
f 5312 	5303 	5304
f 5302 	5319 	5307
f 5307 	5300 	5302
f 5304 	5303 	5307
f 5339 	5307 	5303
f 5306 	5326 	4264
f 5304 	5307 	5312
f 5294 	5306 	5305
f 5294 	5305 	5293
f 5342 	5309 	1861
f 5311 	7042 	5303
f 5293 	5305 	5297
f 5318 	5297 	5305
f 5312 	5311 	5303
f 5320 	5329 	5313
f 5313 	5307 	5320
f 5312 	5307 	5313
f 5309 	5342 	5313
f 5310 	5309 	5313
f 5266 	5372 	5308
f 5313 	5342 	5311
f 5313 	5311 	5312
f 5326 	5306 	5301
f 5294 	5301 	5306
f 4936 	5326 	5301
f 5316 	5314 	5327
f 5731 	5315 	5296
f 5317 	5319 	5302
f 5319 	5317 	5320
f 5334 	5320 	5317
f 5296 	5315 	5330
f 5320 	5307 	5319
f 5305 	4263 	5318
f 4124 	4269 	4263
f 5334 	5314 	5320
f 5316 	5320 	5314
f 5576 	5322 	5333
f 1861 	5309 	5323
f 4905 	4937 	5322
f 4898 	4937 	4905
f 5323 	5309 	5325
f 5310 	5325 	5309
f 4274 	5326 	4909
f 5314 	5633 	5327
f 5295 	5324 	5275
f 5327 	5328 	5316
f 4936 	4909 	5326
f 4897 	4909 	4936
f 5324 	5274 	5275
f 5316 	5328 	5329
f 5330 	5331 	5332
f 5330 	5332 	5333
f 5328 	5327 	5329
f 5324 	5321 	5274
f 5325 	5329 	5323
f 5316 	5329 	5320
f 5325 	5313 	5329
f 5310 	5313 	5325
f 5292 	5663 	5334
f 5332 	5576 	5333
f 5335 	5332 	5331
f 5335 	5331 	5336
f 5329 	5327 	5338
f 5334 	5317 	5291
f 5331 	5330 	5574
f 5338 	1893 	5323
f 5329 	5338 	5323
f 5249 	5321 	5337
f 5335 	5438 	5332
f 7042 	7049 	5303
f 5333 	5340 	5341
f 5333 	5341 	5330
f 5342 	1894 	7051
f 1894 	5342 	1861
f 5330 	5341 	5296
f 5315 	5574 	5330
f 5342 	7051 	5311
f 5296 	5341 	5299
f 5340 	5299 	5341
f 5576 	4905 	5322
f 5299 	5333 	5322
f 5340 	5333 	5299
f 5321 	5308 	5359
f 5324 	5308 	5321
f 5266 	5308 	5324
f 5347 	5349 	5350
f 5347 	5350 	5346
f 5295 	5266 	5324
f 5351 	5147 	5286
f 3406 	5286 	5284
f 5371 	5352 	5344
f 5345 	5344 	5352
f 5277 	5287 	5353
f 5371 	5346 	5352
f 5350 	5352 	5346
f 5285 	5351 	3408
f 4920 	5367 	5354
f 5354 	5366 	5352
f 5349 	5354 	5352
f 5349 	5352 	5350
f 5772 	5351 	5285
f 5349 	5347 	5354
f 5358 	5344 	5360
f 5345 	5360 	5344
f 5100 	5097 	5363
f 5362 	5364 	5365
f 5362 	5365 	5361
f 5366 	5364 	5362
f 5366 	5362 	5369
f 5363 	5097 	5348
f 5367 	5365 	5364
f 5367 	5364 	5366
f 5348 	5422 	5363
f 5361 	5370 	5425
f 5365 	5367 	5361
f 5369 	5358 	5366
f 5360 	5366 	5358
f 4920 	4913 	5367
f 5366 	5354 	5367
f 5360 	5345 	5366
f 5345 	5352 	5366
f 5368 	5337 	5321
f 4905 	5576 	5370
f 5063 	2346 	5065
f 5576 	5425 	5370
f 5367 	4913 	5370
f 5450 	5372 	5439
f 4907 	4914 	5373
f 6865 	5373 	5347
f 5354 	5347 	5373
f 5358 	5393 	5344
f 5375 	5374 	5393
f 5620 	6792 	2347
f 5468 	5359 	5308
f 5377 	5378 	5379
f 5377 	5379 	5376
f 5383 	5839 	5287
f 5413 	5376 	5380
f 5379 	5380 	5376
f 5375 	5396 	5382
f 5396 	5400 	5382
f 5378 	5382 	5380
f 5378 	5380 	5379
f 5375 	5382 	5374
f 5420 	5374 	5382
f 5382 	5377 	5420
f 5378 	5377 	5382
f 2543 	2518 	5384
f 2839 	5384 	2518
f 5385 	5093 	5381
f 5407 	5384 	5386
f 5397 	5407 	5380
f 4943 	4972 	4995
f 5384 	5413 	5380
f 5386 	5384 	5380
f 4186 	4975 	5388
f 5385 	5381 	5402
f 4944 	4993 	4975
f 5388 	4975 	4993
f 5389 	5390 	5391
f 5389 	5391 	5387
f 5393 	5374 	5344
f 5395 	4959 	5394
f 4958 	5394 	4959
f 5358 	5369 	5393
f 4972 	4959 	5430
f 5393 	5396 	5375
f 5394 	5398 	5399
f 5394 	5399 	5395
f 5399 	5424 	5395
f 5390 	5389 	5397
f 5400 	5391 	5390
f 5400 	5390 	5397
f 5391 	5400 	5387
f 5396 	5393 	5400
f 5403 	5401 	5419
f 5380 	5382 	5400
f 5400 	5397 	5380
f 1754 	5406 	1756
f 5404 	1756 	5406
f 5405 	2543 	5384
f 5381 	5392 	5343
f 5411 	2543 	5405
f 5343 	5392 	5570
f 5407 	5405 	5384
f 5408 	5404 	5406
f 5408 	5406 	5409
f 5397 	5411 	5405
f 5407 	5397 	5405
f 5386 	5380 	5407
f 5403 	5410 	5401
f 5409 	5406 	5410
f 5381 	5343 	5402
f 5411 	2834 	2543
f 5410 	5423 	5412
f 5348 	5097 	5402
f 5408 	5409 	5412
f 5409 	5410 	5412
f 5403 	5423 	5410
f 5097 	4893 	5402
f 2839 	5413 	5384
f 5398 	5394 	5412
f 5402 	5343 	5348
f 5412 	5404 	5408
f 5389 	5577 	5411
f 5397 	5389 	5411
f 5413 	6911 	5376
f 5415 	5417 	5418
f 5415 	5418 	5414
f 5400 	5393 	5416
f 5369 	5416 	5393
f 6916 	5371 	5420
f 5419 	5421 	5403
f 5420 	5371 	5374
f 5344 	5374 	5371
f 5418 	5423 	5414
f 5429 	5414 	5423
f 5417 	5424 	5423
f 5417 	5423 	5418
f 5426 	5362 	5425
f 5361 	5425 	5362
f 5430 	5424 	5415
f 5417 	5415 	5424
f 5426 	5369 	5362
f 5421 	5419 	5423
f 5429 	5423 	5419
f 5425 	5427 	5428
f 5425 	5428 	5426
f 5398 	5412 	5399
f 5421 	5423 	5403
f 5423 	5424 	5412
f 5399 	5412 	5424
f 5428 	5436 	5426
f 5348 	5343 	5422
f 5415 	5741 	5430
f 5424 	5430 	5395
f 1764 	2452 	5435
f 5573 	5440 	5433
f 5410 	5406 	5435
f 5406 	1764 	5435
f 5433 	5432 	5431
f 5433 	5431 	5436
f 5437 	4981 	1766
f 1515 	1766 	4981
f 5343 	5587 	5422
f 5394 	4958 	5437
f 5412 	5394 	5437
f 4981 	5437 	4958
f 5427 	5438 	5436
f 5427 	5436 	5428
f 1766 	5404 	5437
f 5412 	5437 	5404
f 5336 	5434 	5335
f 5438 	5335 	5434
f 5436 	5438 	5434
f 5436 	5434 	5433
f 5427 	5425 	5438
f 5061 	5129 	5130
f 5256 	5280 	5357
f 5439 	5442 	5450
f 5443 	5256 	5357
f 5356 	5357 	5856
f 5856 	5357 	5280
f 5129 	5127 	5126
f 5129 	5126 	5130
f 5355 	5820 	5444
f 5061 	5060 	5127
f 5061 	5127 	5129
f 5257 	5443 	5445
f 5372 	2428 	5439
f 5501 	5130 	5126
f 5447 	5446 	5281
f 5001 	2422 	2428
f 5356 	5355 	5444
f 5356 	5444 	5446
f 5356 	5446 	5447
f 5356 	5447 	5357
f 5357 	5447 	5445
f 5357 	5445 	5443
f 5372 	5001 	2428
f 5445 	5447 	5257
f 5281 	5257 	5447
f 5856 	5280 	5147
f 5439 	5489 	5442
f 3675 	3709 	3695
f 5462 	3697 	3695
f 5450 	5442 	5489
f 5449 	5453 	5448
f 5451 	5454 	5460
f 5455 	5456 	5454
f 5455 	5454 	5451
f 5456 	5460 	5454
f 5372 	5450 	5308
f 5455 	5458 	5459
f 5455 	5459 	5457
f 5469 	5458 	5452
f 5451 	5452 	5458
f 5451 	5458 	5455
f 5032 	5449 	5486
f 5557 	5559 	5452
f 5472 	5561 	5451
f 5267 	5281 	5460
f 5281 	5472 	5460
f 5451 	5460 	5472
f 5452 	5471 	5466
f 5468 	5308 	5450
f 5456 	5455 	5461
f 5455 	5474 	5461
f 5460 	5456 	5461
f 5461 	5267 	5460
f 5457 	5462 	5455
f 5087 	5098 	5449
f 5462 	3695 	3709
f 5459 	5458 	5463
f 5101 	5464 	5453
f 5458 	5475 	5463
f 5457 	5459 	5463
f 5457 	5463 	5462
f 3697 	5462 	5463
f 5453 	5464 	5448
f 5469 	5470 	5458
f 5101 	5453 	5449
f 5467 	5452 	5466
f 5467 	5469 	5452
f 5464 	5490 	5448
f 5101 	5490 	5464
f 5467 	5466 	5470
f 5467 	5470 	5469
f 5468 	5321 	5359
f 5452 	5559 	5471
f 5483 	5321 	5468
f 5455 	5462 	5474
f 3709 	5474 	5462
f 3711 	5463 	5475
f 3697 	5463 	3711
f 5458 	5470 	5475
f 5080 	5490 	5101
f 5468 	5473 	5483
f 5080 	5026 	5490
f 5283 	5474 	3709
f 5542 	3749 	3868
f 5542 	3752 	3749
f 5466 	5471 	5477
f 5480 	5482 	5490
f 5168 	5241 	5253
f 5241 	5237 	5253
f 5482 	5480 	5479
f 5238 	5245 	5493
f 5502 	5473 	5465
f 5465 	5473 	5468
f 2342 	6542 	2338
f 5483 	5368 	5321
f 5368 	5483 	5473
f 5246 	5247 	5484
f 5448 	5482 	5479
f 5450 	5465 	5468
f 5448 	5479 	5486
f 5248 	5488 	5484
f 5439 	2428 	5489
f 5487 	5489 	2428
f 5487 	5491 	5489
f 5448 	5490 	5482
f 5492 	5450 	5489
f 5491 	5492 	5489
f 5493 	5245 	5246
f 5246 	5484 	5493
f 5450 	5492 	5465
f 5253 	5237 	5493
f 5529 	5480 	5490
f 5484 	5485 	5493
f 5516 	5526 	5493
f 5448 	5486 	5449
f 159 	5816 	5061
f 5498 	5501 	5521
f 5521 	5126 	5496
f 5061 	5130 	5497
f 5524 	5497 	5130
f 5493 	5485 	5516
f 4749 	5521 	5496
f 5497 	5524 	159
f 4749 	5496 	5060
f 5061 	5497 	159
f 4853 	5512 	4857
f 4857 	5512 	5498
f 5810 	5516 	5485
f 5500 	5501 	5498
f 5126 	5521 	5501
f 5492 	5502 	5465
f 5505 	5500 	5504
f 5504 	5500 	5498
f 5494 	4581 	4582
f 5524 	5504 	5506
f 5503 	5506 	5504
f 5939 	5940 	5494
f 165 	5524 	5506
f 5503 	5517 	5506
f 5517 	204 	5506
f 5504 	5524 	5507
f 5504 	5507 	5505
f 5501 	5500 	5505
f 5501 	5505 	5507
f 5494 	4582 	5821
f 5501 	5507 	5130
f 5512 	5510 	5511
f 5512 	5520 	5510
f 5509 	5159 	5508
f 5158 	5508 	5159
f 5511 	5513 	5514
f 5511 	5514 	5512
f 5513 	5515 	5514
f 5519 	1860 	5164
f 5511 	5510 	5515
f 5511 	5515 	5513
f 5159 	5509 	5164
f 5519 	5164 	5509
f 4854 	5512 	4853
f 5517 	5518 	5514
f 5514 	5522 	5517
f 5523 	5508 	5163
f 5158 	5163 	5508
f 5810 	5485 	5484
f 5514 	5498 	5512
f 5503 	5504 	5518
f 5514 	5518 	5504
f 5504 	5498 	5514
f 5518 	5517 	5503
f 1745 	5164 	1860
f 5512 	4854 	5520
f 5519 	5056 	1404
f 5495 	5810 	5488
f 4800 	4859 	5521
f 272 	5510 	5520
f 5052 	5056 	5509
f 5060 	5496 	5126
f 5522 	5515 	274
f 5514 	5515 	5522
f 215 	204 	5522
f 5517 	5522 	204
f 5130 	5507 	5524
f 4798 	4956 	5520
f 5067 	5508 	5523
f 5053 	5508 	5067
f 5091 	5728 	5092
f 5727 	5092 	5728
f 5095 	5092 	5727
f 557 	5887 	5026
f 557 	5026 	2136
f 5032 	564 	5033
f 5486 	5479 	5534
f 5527 	5479 	5480
f 5490 	5530 	5529
f 5516 	5810 	5526
f 5026 	5530 	5490
f 5529 	5527 	5480
f 5530 	5527 	5529
f 5525 	5175 	5172
f 5478 	5536 	5481
f 5527 	5530 	5531
f 5477 	5476 	5478
f 5477 	5478 	5481
f 5172 	5528 	5525
f 5477 	5481 	5466
f 5470 	5466 	5481
f 5477 	5532 	5476
f 5476 	5532 	5478
f 5536 	5478 	5532
f 5534 	5032 	5486
f 5536 	5539 	5540
f 5536 	5540 	5537
f 5191 	5185 	5538
f 5535 	5541 	5533
f 5541 	5539 	5533
f 5532 	5533 	5539
f 5532 	5539 	5536
f 5538 	5185 	5199
f 3868 	5550 	5542
f 5540 	5539 	5543
f 5539 	5553 	5543
f 5543 	5542 	5540
f 5537 	5540 	5542
f 5534 	5479 	5527
f 3752 	5542 	5543
f 1454 	5687 	5183
f 5533 	5544 	5535
f 5533 	5548 	5544
f 5183 	5687 	5545
f 5475 	5481 	5550
f 5550 	5481 	5536
f 5537 	5542 	5536
f 5550 	5536 	5542
f 5033 	579 	50
f 5553 	3870 	5543
f 5553 	5539 	5546
f 5541 	5546 	5539
f 5541 	5535 	5544
f 5541 	5544 	5546
f 5546 	5544 	6321
f 5533 	5569 	5548
f 5532 	5477 	5549
f 5471 	5549 	5477
f 5545 	5538 	5547
f 5470 	5481 	5475
f 5538 	5183 	5547
f 5893 	5892 	5032
f 3752 	5543 	3870
f 5199 	5183 	5538
f 6326 	6336 	5546
f 5551 	5552 	5530
f 5538 	5545 	5572
f 6112 	6590 	5548
f 5475 	5550 	3868
f 5183 	5545 	5547
f 5451 	5556 	5557
f 5451 	5557 	5452
f 6007 	6049 	5558
f 5551 	5530 	5909
f 5555 	5554 	5558
f 5555 	5558 	5560
f 5561 	5560 	5558
f 5561 	5558 	5559
f 5534 	5527 	5562
f 5560 	5561 	6045
f 5527 	5531 	5562
f 5552 	5551 	5562
f 5556 	5561 	5559
f 5556 	5559 	5557
f 5552 	5562 	5531
f 5530 	5552 	5531
f 6045 	5561 	5472
f 5451 	5561 	5556
f 5281 	5859 	5472
f 5909 	5562 	5551
f 5564 	5565 	6071
f 5532 	5566 	5567
f 5532 	5567 	5533
f 5534 	5893 	5032
f 5569 	5533 	5567
f 5432 	5440 	5441
f 5432 	5441 	5431
f 5942 	5812 	5433
f 5432 	5433 	5440
f 5525 	5528 	5563
f 5336 	5331 	5434
f 5436 	5431 	5441
f 5436 	5575 	5426
f 5570 	5381 	5093
f 5392 	5381 	5570
f 5576 	5332 	5438
f 5589 	5441 	5440
f 5191 	5538 	5571
f 5538 	5572 	5571
f 5434 	5331 	5574
f 5726 	5416 	5575
f 5436 	5441 	5575
f 5726 	5575 	5441
f 5369 	5426 	5575
f 5438 	5425 	5576
f 5367 	5370 	5361
f 5687 	5660 	5545
f 5387 	5578 	5389
f 5577 	5389 	5578
f 5292 	5088 	5596
f 5400 	5416 	5387
f 5578 	5579 	5580
f 5578 	5580 	5577
f 5571 	5172 	5191
f 5610 	5581 	5587
f 5581 	2346 	5422
f 6090 	6088 	5584
f 5580 	5585 	5577
f 6090 	5584 	5586
f 5422 	2346 	5363
f 5581 	5422 	5587
f 5571 	5528 	5172
f 5588 	5585 	5579
f 5580 	5579 	5585
f 5583 	5582 	5588
f 5582 	5586 	5588
f 5585 	5588 	5586
f 5585 	5586 	5584
f 5579 	5578 	5588
f 5644 	5645 	5163
f 5589 	5590 	5441
f 5589 	5440 	5724
f 5590 	5726 	5441
f 5583 	5590 	5589
f 5583 	5589 	5582
f 5720 	3384 	5594
f 5584 	6088 	5720
f 2362 	1425 	5160
f 5343 	5601 	5587
f 2362 	5525 	5563
f 5586 	5589 	5724
f 5582 	5589 	5586
f 5726 	5588 	5578
f 5583 	5588 	5590
f 3181 	5595 	3182
f 5594 	3182 	5595
f 5585 	5595 	5721
f 3181 	3385 	5595
f 5596 	5088 	5621
f 5595 	5597 	5598
f 5595 	5598 	5594
f 5594 	5598 	5584
f 5584 	5720 	5594
f 2336 	1993 	5229
f 5618 	5599 	5593
f 5571 	5599 	5528
f 5601 	5600 	5614
f 5563 	5528 	5599
f 5273 	5272 	5602
f 5278 	5273 	5603
f 5615 	5600 	5570
f 5615 	5570 	5093
f 5545 	5660 	5605
f 5600 	5601 	5343
f 5545 	5605 	5572
f 5600 	5343 	5570
f 5587 	5601 	5607
f 5610 	5587 	5607
f 5593 	5605 	5606
f 5273 	5602 	5603
f 5625 	5626 	5596
f 5608 	5604 	5603
f 5593 	5571 	5572
f 5610 	5615 	5609
f 5609 	5616 	2346
f 2346 	5616 	2347
f 5593 	5599 	5571
f 5572 	5605 	5593
f 5602 	5608 	5603
f 5609 	2346 	5581
f 5272 	5271 	5602
f 5271 	5608 	5602
f 2336 	5229 	5279
f 5609 	5581 	5610
f 3838 	5279 	5278
f 5103 	5065 	2346
f 5278 	5619 	3838
f 2346 	5063 	5100
f 2346 	5100 	5363
f 3838 	3837 	5279
f 5073 	5103 	2346
f 5593 	5612 	5618
f 5616 	5609 	5615
f 5614 	5615 	5610
f 5613 	2347 	5616
f 5611 	5618 	5612
f 5615 	5093 	5616
f 3854 	3853 	5176
f 3853 	5637 	5176
f 5243 	4847 	3842
f 5600 	5615 	5614
f 5250 	5243 	3842
f 5607 	5601 	5614
f 2337 	3854 	5176
f 5617 	5618 	5611
f 3842 	5271 	5250
f 5610 	5607 	5614
f 5613 	5621 	5620
f 5613 	5620 	2347
f 5622 	5596 	5621
f 5625 	5596 	5622
f 3842 	5608 	5271
f 5613 	5855 	5621
f 5623 	5473 	5502
f 2440 	2439 	3842
f 3843 	3842 	2439
f 5473 	5623 	5499
f 5621 	5674 	5622
f 5630 	5627 	5622
f 5632 	5292 	5596
f 5596 	5628 	5632
f 3845 	5624 	3846
f 5629 	5624 	5608
f 5608 	3842 	5629
f 5625 	5627 	5628
f 5625 	5628 	5626
f 5627 	5625 	5622
f 5629 	3846 	5624
f 5628 	5596 	5626
f 5663 	5632 	5628
f 5628 	5639 	5663
f 3846 	5629 	3842
f 5353 	5796 	2427
f 1 	463 	6786
f 3845 	3838 	5619
f 5630 	5657 	5627
f 5624 	5604 	5608
f 3845 	5619 	5604
f 3845 	5604 	5624
f 5314 	5634 	5633
f 5663 	5634 	5334
f 5634 	5635 	5636
f 5634 	5636 	5633
f 5766 	5798 	5353
f 5663 	5643 	5634
f 5637 	5656 	5176
f 5636 	5655 	5633
f 5639 	5628 	5638
f 5627 	5638 	5628
f 2362 	5599 	5618
f 5638 	5627 	5657
f 3859 	5637 	3853
f 5160 	5525 	2362
f 5640 	5639 	5638
f 5640 	5638 	5641
f 5563 	5599 	2362
f 5641 	5638 	5642
f 5643 	5640 	5641
f 5643 	5641 	5642
f 5643 	5663 	5639
f 5643 	5639 	5640
f 3859 	4364 	5637
f 2362 	5618 	5679
f 5679 	5675 	2362
f 5617 	5679 	5618
f 5635 	5634 	5643
f 5155 	5176 	5656
f 5635 	5643 	5636
f 5643 	5642 	5653
f 5697 	5653 	5642
f 2178 	5647 	2179
f 5646 	2179 	5647
f 2179 	5646 	5666
f 5653 	5666 	5646
f 2205 	5669 	5647
f 2178 	2205 	5647
f 5637 	5649 	5650
f 5647 	5651 	5652
f 5647 	5652 	5646
f 5637 	5650 	5656
f 5649 	4364 	5650
f 5649 	5637 	4364
f 5654 	5163 	5645
f 5648 	5654 	5645
f 5652 	5653 	5646
f 5654 	5648 	5592
f 5591 	5592 	5648
f 5651 	5655 	5653
f 5651 	5653 	5652
f 5818 	5523 	5654
f 5636 	5643 	5655
f 5655 	5643 	5653
f 5651 	5647 	5655
f 5656 	5650 	5690
f 5182 	5656 	5690
f 5658 	5659 	5660
f 5642 	5638 	5657
f 5292 	5632 	5663
f 5642 	5657 	5694
f 5193 	5664 	5661
f 5193 	5665 	5664
f 5314 	5334 	5634
f 5671 	5665 	5690
f 5662 	5661 	5664
f 5662 	5664 	5665
f 5671 	5662 	5665
f 5606 	5660 	5659
f 5606 	5605 	5660
f 2205 	1893 	5338
f 2205 	5338 	5669
f 4375 	4374 	5668
f 5670 	4375 	5668
f 5655 	5647 	5669
f 5667 	5671 	5668
f 5338 	5633 	5669
f 5338 	5327 	5633
f 5655 	5669 	5633
f 5668 	5672 	5670
f 5621 	5673 	5674
f 5668 	5690 	5672
f 5660 	5675 	5658
f 5676 	5674 	5673
f 5676 	5673 	5677
f 5672 	4375 	5670
f 5675 	5679 	5658
f 5681 	5682 	5683
f 5677 	5678 	5680
f 5677 	5680 	5676
f 5682 	5681 	4386
f 5659 	5612 	5593
f 4386 	5683 	5682
f 5659 	5593 	5606
f 5673 	5688 	5678
f 5673 	5678 	5677
f 7055 	101 	5683
f 5684 	5685 	5681
f 5679 	5611 	5658
f 5681 	5689 	5684
f 5684 	5689 	5662
f 5691 	5622 	5674
f 5630 	5622 	5691
f 5676 	5680 	5674
f 5685 	5667 	5681
f 5667 	5668 	5681
f 5668 	4374 	5681
f 5685 	5684 	5671
f 5685 	5671 	5667
f 5671 	5684 	5662
f 5681 	5683 	5689
f 5683 	101 	5689
f 5218 	5662 	5689
f 5668 	5671 	5690
f 5219 	5690 	5665
f 5688 	5722 	5678
f 5650 	5672 	5690
f 5689 	121 	49
f 5725 	5657 	5691
f 5725 	5691 	5680
f 5674 	5680 	5691
f 5693 	5623 	5502
f 5499 	5623 	5693
f 5698 	6015 	5692
f 5631 	5768 	5693
f 5695 	5696 	5697
f 5695 	5697 	5694
f 4231 	4237 	5692
f 5697 	5642 	5694
f 5657 	5699 	5694
f 5653 	5697 	5696
f 5499 	5693 	5768
f 5666 	5653 	5695
f 5696 	5695 	5653
f 4237 	5698 	5692
f 5717 	5699 	5700
f 5702 	5680 	5701
f 5678 	5701 	5680
f 5701 	5678 	5722
f 5499 	5809 	5473
f 5702 	5725 	5680
f 6004 	5698 	2001
f 5703 	5702 	5701
f 5703 	5701 	5704
f 5704 	5701 	5705
f 5722 	5705 	5701
f 5706 	5703 	5704
f 5706 	5704 	5705
f 5706 	5725 	5702
f 5706 	5702 	5703
f 5693 	5502 	5492
f 5722 	5734 	5705
f 5706 	5699 	5725
f 5700 	5699 	5706
f 5657 	5725 	5699
f 4237 	2001 	5698
f 5808 	4384 	4394
f 5700 	5706 	5719
f 5706 	5705 	5718
f 5745 	5718 	5705
f 2790 	5708 	2791
f 5707 	2791 	5708
f 5709 	5710 	5711
f 5709 	5711 	5712
f 5713 	5710 	5709
f 5631 	5492 	5491
f 5708 	5714 	5715
f 5708 	5715 	5707
f 5694 	5699 	5695
f 5716 	5695 	5699
f 5631 	5693 	5492
f 5709 	4489 	5880
f 5719 	5729 	5716
f 5717 	5716 	5699
f 5719 	5706 	5718
f 4489 	4483 	5880
f 5597 	5585 	5584
f 5597 	5584 	5598
f 5597 	5595 	5585
f 5723 	5707 	5718
f 5723 	2819 	5707
f 5715 	5718 	5707
f 5687 	5686 	2363
f 2363 	2362 	5687
f 5714 	5719 	5718
f 5714 	5718 	5715
f 5717 	5700 	5719
f 5708 	2790 	5729
f 5714 	5708 	5719
f 5659 	5611 	5612
f 2834 	5411 	5721
f 5719 	5716 	5717
f 3385 	5721 	5595
f 5659 	5658 	5611
f 6088 	6110 	5720
f 5718 	5737 	5723
f 5585 	5721 	5577
f 5411 	5577 	5721
f 5679 	5617 	5611
f 5630 	5691 	5657
f 5440 	5573 	5724
f 5686 	5645 	5644
f 5675 	5660 	2362
f 5660 	5687 	2362
f 5644 	2363 	5686
f 5369 	5575 	5416
f 5416 	5726 	5578
f 5578 	5387 	5416
f 5728 	5091 	5094
f 2827 	2204 	5729
f 5590 	5588 	5726
f 5719 	5708 	5729
f 5730 	5761 	5731
f 5728 	5592 	5727
f 5591 	5727 	5592
f 5695 	5716 	5666
f 5729 	5666 	5716
f 5730 	5318 	5761
f 5731 	5732 	5733
f 5731 	5733 	5730
f 5592 	5728 	5654
f 5094 	5818 	5728
f 5654 	5728 	5818
f 5731 	5296 	5732
f 5688 	5673 	5900
f 5621 	5899 	5673
f 5733 	5732 	5296
f 5297 	5318 	5730
f 5733 	5297 	5730
f 5353 	5287 	5839
f 5734 	5735 	5736
f 5734 	5736 	5737
f 5758 	4656 	4655
f 5758 	4655 	5757
f 5741 	5415 	5740
f 5414 	5740 	5415
f 5414 	5429 	5740
f 6587 	4266 	5723
f 5736 	6587 	5723
f 5737 	5744 	5745
f 5737 	5745 	5734
f 5738 	5741 	5740
f 5738 	5740 	5739
f 5735 	5734 	5722
f 5745 	5705 	5734
f 5718 	5745 	5744
f 5737 	5736 	5723
f 5744 	5737 	5718
f 5735 	5750 	5751
f 5735 	5751 	5736
f 5748 	5785 	5784
f 5748 	5784 	5752
f 4381 	5353 	2423
f 6571 	5735 	5722
f 5753 	2428 	5754
f 5753 	5491 	5487
f 5751 	6561 	5736
f 5755 	5743 	5742
f 5755 	5742 	5749
f 5749 	5748 	5755
f 5748 	5752 	5755
f 5746 	5755 	5752
f 5746 	5752 	5747
f 5769 	5758 	5755
f 2349 	2351 	5861
f 5898 	5855 	2351
f 5855 	5861 	2351
f 5746 	5761 	5755
f 5631 	5491 	5753
f 4670 	4656 	5769
f 5743 	5758 	5757
f 5743 	5757 	5742
f 5756 	5759 	5918
f 5760 	5731 	5761
f 5760 	5315 	5731
f 2349 	5756 	5918
f 5487 	2428 	5753
f 5747 	5760 	5761
f 5747 	5761 	5746
f 5568 	6112 	5569
f 6112 	5548 	5569
f 5565 	5762 	6066
f 5757 	5765 	5749
f 5742 	5757 	5749
f 5565 	5564 	5568
f 5565 	5568 	5762
f 5784 	5778 	5752
f 2428 	2427 	5809
f 5566 	5763 	5569
f 5566 	5569 	5567
f 5747 	5752 	5760
f 5763 	5566 	5532
f 5743 	5755 	5758
f 5769 	5755 	5761
f 5765 	5790 	5749
f 5748 	5764 	5774
f 5763 	5762 	5568
f 5763 	5568 	5569
f 5757 	4655 	5765
f 4642 	4666 	4655
f 6108 	5763 	5549
f 5762 	5763 	6108
f 5532 	5549 	5763
f 5766 	5738 	5739
f 5766 	5353 	5839
f 5839 	5741 	5766
f 5752 	5767 	5760
f 5315 	5760 	5767
f 5769 	5318 	4670
f 4269 	4670 	5318
f 4224 	5770 	5771
f 5772 	5285 	3408
f 5761 	5318 	5769
f 5771 	5772 	4235
f 3408 	4235 	5772
f 5773 	5772 	5771
f 5773 	5771 	5775
f 5774 	5776 	5777
f 5774 	5777 	5778
f 6075 	5776 	5774
f 5768 	5631 	5807
f 5959 	6081 	5777
f 5779 	5777 	5776
f 5779 	5776 	5781
f 5809 	5499 	5768
f 5775 	5780 	5782
f 5775 	5782 	5773
f 6075 	5954 	5776
f 5574 	5315 	5767
f 5770 	4222 	5783
f 5771 	5770 	5783
f 5771 	5783 	5800
f 5779 	5959 	5777
f 5771 	5800 	5780
f 5771 	5780 	5775
f 5778 	5784 	5785
f 5778 	5785 	5774
f 897 	1136 	5764
f 5773 	5782 	5772
f 5780 	5800 	5786
f 5785 	5748 	5774
f 5764 	6075 	5774
f 5787 	5786 	5804
f 5788 	5782 	5780
f 5788 	5780 	5786
f 5787 	5789 	5788
f 5787 	5788 	5786
f 5777 	5767 	5778
f 5767 	5752 	5778
f 5790 	5791 	5792
f 5790 	5792 	5793
f 5789 	5819 	5788
f 5631 	5753 	5802
f 6075 	5764 	1136
f 4243 	5867 	5794
f 872 	897 	5792
f 5793 	5792 	5764
f 5783 	4240 	5795
f 900 	5765 	4666
f 5783 	5795 	5800
f 5867 	5933 	5795
f 900 	5791 	5765
f 5794 	5795 	4240
f 5797 	5790 	5793
f 5797 	5793 	5799
f 5794 	5867 	5795
f 5796 	5798 	5808
f 5796 	5808 	2427
f 5793 	5748 	5799
f 897 	5764 	5792
f 5764 	5748 	5793
f 5804 	5786 	5850
f 5800 	5850 	5786
f 5749 	5797 	5799
f 5749 	5799 	5748
f 5766 	5815 	5798
f 5796 	5353 	5798
f 5772 	5801 	5351
f 5147 	5351 	5801
f 5772 	5782 	5801
f 5856 	5801 	5788
f 5797 	5749 	5790
f 5791 	5805 	5806
f 5791 	5806 	5792
f 5631 	5802 	5807
f 5806 	872 	5792
f 5768 	5807 	5809
f 5805 	873 	872
f 5805 	872 	5806
f 5337 	5809 	4394
f 900 	873 	5791
f 5790 	5765 	5791
f 5811 	6061 	5812
f 5368 	5473 	5809
f 5813 	5804 	5803
f 5813 	5803 	5814
f 5368 	5809 	5337
f 5807 	5802 	5809
f 4394 	5809 	5808
f 5802 	5753 	5754
f 5534 	5562 	5893
f 5754 	2428 	5809
f 5809 	2427 	5808
f 5754 	5809 	5802
f 5495 	5902 	5890
f 5739 	5815 	5766
f 5810 	5495 	5890
f 5890 	5912 	5810
f 5810 	5484 	5488
f 5591 	5648 	5727
f 5798 	6292 	5808
f 5523 	5163 	5654
f 5818 	5094 	5523
f 5356 	5819 	5355
f 5819 	5820 	5355
f 6542 	5821 	4582
f 6294 	6292 	5815
f 5789 	5787 	5804
f 5813 	5820 	5804
f 5820 	5819 	5804
f 5789 	5804 	5819
f 5739 	5740 	5815
f 5803 	5804 	5823
f 5648 	5822 	5727
f 5095 	5727 	5822
f 5814 	5824 	5813
f 5825 	5826 	5827
f 5825 	5827 	5828
f 5814 	5803 	5823
f 5814 	5823 	5824
f 5738 	5766 	5741
f 5864 	5908 	5827
f 5829 	5827 	5826
f 5829 	5826 	5830
f 5856 	5819 	5356
f 5494 	5821 	5939
f 5826 	5095 	5906
f 5444 	5820 	5446
f 5820 	5859 	5446
f 5429 	6281 	5831
f 5819 	5856 	5788
f 5829 	5864 	5827
f 5813 	5833 	5834
f 5828 	5835 	5836
f 5828 	5836 	5825
f 5831 	5815 	5740
f 5740 	5429 	5831
f 5833 	5852 	6016
f 5822 	5997 	5095
f 5812 	6061 	5573
f 5956 	6077 	6061
f 50 	2350 	1992
f 5820 	5837 	5838
f 5826 	5825 	5095
f 5836 	5083 	5825
f 5083 	5095 	5825
f 5383 	4972 	5430
f 5839 	5383 	5430
f 5835 	5086 	5083
f 5835 	5083 	5836
f 5837 	5834 	5833
f 5837 	5833 	5838
f 5908 	4870 	5099
f 4743 	5099 	4870
f 5820 	5813 	5834
f 5820 	5834 	5837
f 5838 	5833 	6016
f 5828 	5827 	5099
f 5828 	5086 	5835
f 5839 	5430 	5741
f 4861 	5843 	4862
f 5842 	4862 	5843
f 5493 	5526 	5832
f 5841 	5823 	5983
f 5804 	5850 	5823
f 5844 	5845 	5941
f 5941 	5984 	5844
f 5843 	5846 	5847
f 5843 	5847 	5842
f 5401 	5970 	6269
f 5401 	6269 	5419
f 5840 	5845 	5844
f 5840 	5844 	5841
f 5846 	5843 	5864
f 5840 	5941 	5845
f 5401 	5435 	5970
f 5410 	5435 	5401
f 5841 	5844 	5824
f 5841 	5824 	5823
f 5983 	5823 	5850
f 5813 	5824 	5852
f 5800 	5983 	5850
f 5864 	5847 	5846
f 6286 	5919 	5970
f 6311 	6312 	2349
f 5813 	5852 	5833
f 5281 	5446 	5859
f 5147 	5801 	5856
f 5830 	5862 	5829
f 5864 	5829 	5862
f 5782 	5788 	5801
f 5820 	5838 	5859
f 5865 	5756 	5863
f 5756 	2349 	5863
f 5861 	5863 	2349
f 5866 	5867 	5868
f 5866 	5868 	5869
f 4301 	4310 	5868
f 5868 	5867 	4301
f 4243 	4301 	5867
f 5869 	5871 	5870
f 5869 	5870 	5866
f 5860 	5858 	5872
f 5860 	5872 	5862
f 5867 	5866 	5870
f 5870 	5874 	5933
f 5869 	5868 	5871
f 5934 	5871 	5868
f 5868 	5932 	5934
f 5873 	5847 	5864
f 5875 	5938 	5874
f 5864 	5862 	5873
f 5862 	5872 	5873
f 5853 	5873 	5872
f 5853 	5872 	5854
f 597 	5068 	5817
f 5842 	5847 	5873
f 5068 	5816 	5817
f 5907 	5861 	5935
f 597 	563 	5068
f 5861 	5907 	5863
f 5713 	5712 	5711
f 160 	5817 	5884
f 5878 	5712 	5711
f 5061 	5816 	5069
f 5710 	5879 	5711
f 361 	5914 	333
f 5710 	5713 	5879
f 5879 	5710 	5880
f 5710 	5709 	5880
f 159 	5881 	5816
f 5879 	4477 	5710
f 159 	216 	5881
f 5882 	5816 	5881
f 5884 	5817 	5883
f 173 	222 	5884
f 5713 	5711 	5879
f 5883 	5882 	5881
f 5883 	5881 	5884
f 5854 	5876 	5877
f 5854 	5877 	5853
f 5882 	5883 	5816
f 5817 	5816 	5883
f 5711 	5879 	5880
f 5711 	5880 	5878
f 5884 	5881 	173
f 167 	173 	5881
f 2430 	2127 	2183
f 5915 	5026 	5887
f 5878 	4231 	5692
f 5887 	29 	5915
f 5860 	5885 	5886
f 5860 	5886 	5858
f 5880 	4231 	5878
f 5889 	5891 	5892
f 5889 	5892 	5893
f 5889 	5894 	5895
f 5895 	5897 	5889
f 5896 	5889 	5897
f 5830 	5826 	5862
f 5896 	5891 	5889
f 5099 	5827 	5908
f 579 	5033 	564
f 5893 	5894 	5889
f 2356 	5905 	5857
f 5862 	5906 	5885
f 5862 	5885 	5860
f 5621 	5855 	5899
f 5894 	5889 	564
f 5898 	5899 	5855
f 5894 	5904 	5889
f 5894 	5893 	5892
f 5900 	5673 	5899
f 5892 	5891 	5032
f 5891 	5895 	5892
f 5894 	5892 	5895
f 5891 	5897 	5895
f 5872 	5858 	5886
f 5872 	5911 	5876
f 5872 	5876 	5854
f 5891 	5896 	5897
f 5865 	5863 	5907
f 5865 	5907 	5901
f 5895 	5894 	5897
f 564 	5896 	5894
f 5853 	5877 	5873
f 5891 	5896 	5032
f 333 	5877 	336
f 5876 	336 	5877
f 5897 	5894 	5896
f 564 	5032 	5896
f 5849 	5848 	5902
f 5903 	44 	5904
f 5905 	5888 	5857
f 5876 	5911 	336
f 5873 	5877 	5914
f 5888 	5905 	5917
f 5902 	5848 	5890
f 5862 	5826 	5906
f 47 	5904 	44
f 29 	5909 	5530
f 5997 	5930 	5906
f 5843 	4861 	5908
f 5864 	5843 	5908
f 4835 	4870 	4861
f 44 	5909 	29
f 5872 	5886 	5911
f 5886 	5929 	5911
f 44 	5903 	5909
f 47 	564 	5904
f 5901 	5756 	5865
f 5889 	5904 	564
f 5895 	5903 	5894
f 5904 	5894 	5903
f 5900 	5899 	5913
f 355 	336 	5911
f 6123 	5900 	5913
f 5914 	361 	4874
f 5895 	5897 	5909
f 5895 	5909 	5903
f 5526 	5810 	5912
f 5909 	5893 	5562
f 5873 	5914 	5842
f 5842 	5914 	4862
f 4874 	4862 	5914
f 5877 	333 	5914
f 5897 	5896 	5909
f 5909 	5896 	5891
f 5909 	5891 	5892
f 5909 	5892 	5893
f 5916 	6132 	2349
f 5915 	5530 	5026
f 5915 	29 	5530
f 5887 	38 	29
f 2349 	5918 	5916
f 2137 	5068 	563
f 5817 	595 	597
f 160 	551 	5817
f 5926 	5997 	5648
f 5645 	5926 	5648
f 38 	518 	493
f 38 	512 	518
f 38 	557 	512
f 38 	424 	32
f 5906 	5095 	5997
f 38 	5887 	557
f 5686 	733 	722
f 5686 	722 	5645
f 2389 	2384 	5921
f 2384 	5920 	5921
f 5922 	5923 	5875
f 5922 	5875 	5874
f 5871 	5922 	5874
f 5871 	5874 	5870
f 5934 	5989 	5922
f 5944 	5936 	5821
f 5921 	5905 	2389
f 5935 	5924 	5901
f 5756 	5901 	5924
f 38 	493 	424
f 6003 	5925 	723
f 5645 	722 	5926
f 5925 	5926 	722
f 5927 	5926 	5925
f 5927 	5925 	5928
f 29 	38 	32
f 5885 	5930 	5886
f 5929 	5886 	5930
f 5885 	5906 	5930
f 5759 	5756 	5924
f 5931 	5932 	5868
f 5928 	5929 	5930
f 5928 	5930 	5927
f 3376 	5934 	3360
f 5932 	5931 	4315
f 4316 	4315 	5931
f 5927 	5930 	5926
f 3662 	3360 	4315
f 5932 	4315 	3360
f 5867 	5870 	5933
f 5800 	5795 	5933
f 5905 	5921 	5917
f 5932 	3360 	5934
f 5821 	5936 	5937
f 5800 	5933 	5983
f 5841 	5938 	5840
f 833 	1992 	1820
f 6106 	5924 	5935
f 5939 	5937 	5936
f 5939 	5936 	5940
f 5938 	5941 	5840
f 5939 	5821 	5937
f 5940 	5936 	5974
f 5940 	5974 	5981
f 5812 	5942 	5943
f 5812 	5943 	5811
f 5935 	5901 	5907
f 5573 	5433 	5812
f 5943 	5942 	5434
f 5433 	5434 	5942
f 5434 	5574 	5811
f 5811 	5943 	5434
f 4587 	5494 	5192
f 5192 	5494 	5947
f 5922 	5945 	5923
f 5494 	5940 	5947
f 5875 	5923 	5945
f 5946 	5941 	5945
f 5963 	5941 	5946
f 5941 	5938 	5945
f 5875 	5945 	5938
f 5954 	6146 	5953
f 4466 	4168 	5995
f 5955 	4466 	5995
f 723 	803 	6003
f 722 	723 	5925
f 5983 	5938 	5841
f 5925 	6003 	5929
f 5925 	5929 	5928
f 5824 	5844 	5852
f 5938 	5983 	5874
f 5953 	5949 	5948
f 5953 	5948 	5956
f 5192 	5947 	6067
f 4572 	3843 	1
f 5958 	5992 	5957
f 5781 	5954 	5779
f 5959 	5779 	5954
f 5955 	5952 	4466
f 5871 	5934 	5922
f 5954 	5953 	5959
f 5953 	5956 	5959
f 5950 	5959 	5956
f 5950 	5956 	5951
f 5946 	5994 	5962
f 4466 	5955 	6181
f 5961 	5231 	6067
f 5946 	5962 	5963
f 5950 	6060 	5959
f 4466 	4477 	5955
f 5958 	5957 	5961
f 5958 	5961 	5960
f 5961 	5957 	5231
f 5941 	5966 	5967
f 5709 	5710 	4477
f 4477 	5879 	5711
f 4477 	5711 	5712
f 5968 	5969 	6052
f 6134 	6199 	5967
f 6199 	5984 	5967
f 5968 	5971 	5969
f 5966 	5963 	5962
f 5966 	5962 	5967
f 5941 	5963 	5966
f 5971 	6052 	5969
f 5967 	5962 	6134
f 6019 	6021 	2200
f 6286 	2452 	5919
f 5945 	5989 	5972
f 5973 	5974 	5968
f 5712 	5713 	5709
f 5851 	5970 	5919
f 5972 	5975 	5945
f 5944 	6063 	5936
f 5919 	6023 	5851
f 5976 	5851 	6023
f 5977 	5972 	3382
f 3379 	3382 	5972
f 5968 	5987 	5978
f 5960 	5978 	5958
f 3498 	3520 	3382
f 3382 	5994 	5977
f 5979 	5973 	5978
f 5973 	5968 	5978
f 5972 	5977 	5980
f 5972 	5980 	5975
f 5960 	5961 	5978
f 6067 	5978 	5961
f 5977 	5946 	5980
f 5994 	5946 	5977
f 5978 	5981 	5979
f 5946 	5945 	5975
f 5946 	5975 	5980
f 5713 	4489 	5709
f 5978 	6067 	5981
f 5940 	5981 	6067
f 5988 	6141 	5982
f 5974 	5973 	5979
f 5974 	5979 	5981
f 5852 	5844 	5984
f 5983 	5933 	5874
f 5987 	5985 	5986
f 5941 	5967 	5984
f 5982 	6141 	2430
f 6142 	6145 	2431
f 4493 	4489 	5713
f 5987 	6062 	5985
f 5910 	5857 	5990
f 5972 	5989 	3379
f 3519 	3379 	5989
f 4017 	4018 	6043
f 6439 	6165 	4508
f 5986 	5991 	5992
f 5986 	5992 	5987
f 5857 	5888 	5990
f 5991 	5993 	5992
f 5888 	5917 	5990
f 5986 	5985 	5993
f 5986 	5993 	5991
f 5945 	5922 	5989
f 5995 	5952 	6046
f 6131 	5962 	5994
f 463 	5686 	1452
f 6199 	5852 	5984
f 5822 	5648 	5997
f 5995 	5996 	5955
f 5910 	2430 	5857
f 5934 	3519 	5989
f 5990 	5982 	2430
f 5998 	5996 	5995
f 5910 	5990 	2430
f 5926 	5930 	5997
f 5686 	463 	733
f 6001 	6000 	5999
f 6001 	5999 	6002
f 5857 	2430 	2356
f 803 	355 	6003
f 6022 	6005 	5999
f 5560 	6002 	5555
f 6003 	5911 	5929
f 1992 	2554 	463
f 5990 	5917 	6051
f 6051 	5988 	5990
f 5988 	5982 	5990
f 6014 	6011 	6010
f 6014 	6010 	6013
f 6022 	6012 	6005
f 2361 	2356 	2430
f 5554 	5555 	6002
f 5999 	6006 	6002
f 6005 	6012 	5999
f 6012 	6006 	5999
f 6006 	6007 	6002
f 5554 	6002 	6007
f 6000 	6016 	5999
f 6004 	6015 	5698
f 6009 	6008 	6017
f 6009 	6017 	6013
f 2220 	2361 	2430
f 6001 	6002 	6018
f 6045 	6018 	6002
f 2183 	2220 	2430
f 6045 	5859 	6018
f 6018 	6016 	6001
f 6000 	6001 	6016
f 5838 	6016 	6018
f 3813 	6014 	3814
f 6020 	3814 	6014
f 6017 	6020 	6014
f 6017 	6014 	6013
f 5560 	6045 	6002
f 2430 	6142 	2431
f 5999 	6044 	6022
f 5919 	2200 	6021
f 5919 	6021 	6023
f 4795 	4814 	6025
f 6054 	5878 	5692
f 6011 	6024 	6025
f 6011 	6025 	6010
f 4017 	6043 	2002
f 6012 	6026 	6006
f 6010 	6025 	6013
f 6048 	6013 	6025
f 5955 	5996 	5952
f 6046 	5952 	5998
f 5998 	5952 	5996
f 5554 	6007 	5558
f 5917 	5921 	6027
f 6050 	6024 	6014
f 6011 	6014 	6024
f 5955 	5996 	6181
f 6181 	5996 	5998
f 5559 	5558 	5471
f 3813 	3806 	6014
f 6012 	6022 	6026
f 6008 	6033 	6017
f 5921 	5920 	6027
f 6036 	6026 	6022
f 6017 	6151 	6037
f 4477 	6152 	5955
f 5996 	5955 	6152
f 6029 	6006 	6028
f 6152 	4477 	5712
f 6031 	6007 	6030
f 5996 	6152 	5998
f 6007 	6006 	6029
f 6007 	6029 	6030
f 6009 	6032 	6033
f 6009 	6033 	6008
f 6054 	6057 	5878
f 6029 	6028 	6031
f 6029 	6031 	6030
f 6009 	6013 	6032
f 6048 	6032 	6013
f 6031 	6028 	6056
f 6034 	6027 	5920
f 6022 	6044 	6036
f 6142 	2384 	2333
f 6040 	6127 	6039
f 6038 	6041 	6042
f 6038 	6042 	6037
f 6035 	6040 	6039
f 6035 	6039 	6036
f 6042 	6017 	6037
f 6041 	6020 	6017
f 6041 	6017 	6042
f 6026 	6036 	6039
f 6142 	2333 	1811
f 6041 	6038 	6020
f 5999 	6016 	6044
f 5852 	6044 	6016
f 6033 	6032 	6254
f 6253 	6254 	6032
f 5838 	6018 	5859
f 6048 	6253 	6032
f 6044 	6199 	6036
f 6107 	6028 	6047
f 6046 	5998 	5995
f 6142 	6034 	5920
f 6048 	6025 	4814
f 4782 	4814 	4795
f 6007 	6031 	6049
f 6108 	6049 	6031
f 6202 	6047 	6026
f 6006 	6026 	6047
f 6142 	1811 	6145
f 5471 	5558 	6049
f 6004 	2001 	6185
f 6199 	6044 	5852
f 5859 	6045 	5472
f 6052 	6053 	5987
f 6202 	6107 	6047
f 5917 	6027 	6051
f 6108 	5471 	6049
f 5958 	5978 	5992
f 5987 	5992 	5978
f 6052 	5987 	5968
f 6028 	6107 	6056
f 5949 	5964 	5965
f 5949 	5965 	5948
f 6052 	5971 	6053
f 5811 	6060 	6061
f 6059 	6066 	6058
f 5987 	6053 	6062
f 5968 	6063 	5971
f 5574 	6060 	5811
f 6059 	6058 	6056
f 6059 	6056 	6055
f 6054 	6015 	6004
f 528 	5985 	6062
f 5951 	6061 	6060
f 5951 	6060 	5950
f 6031 	6056 	6058
f 6054 	5692 	6015
f 5974 	5936 	6063
f 5968 	5974 	6063
f 5992 	5993 	6065
f 5232 	5228 	5957
f 5232 	5957 	6065
f 5992 	6065 	5957
f 6059 	6055 	6064
f 6059 	6064 	6066
f 6004 	6185 	6054
f 5953 	5964 	5949
f 5201 	5233 	5231
f 5781 	5776 	5954
f 6067 	5947 	5940
f 5956 	5948 	5965
f 6105 	6136 	6114
f 5951 	5956 	6061
f 6065 	534 	5232
f 6071 	6070 	6069
f 6071 	6069 	6072
f 5965 	5964 	6114
f 6113 	6114 	5964
f 6073 	6089 	6070
f 6068 	6089 	6073
f 6071 	5565 	6066
f 6071 	6066 	6064
f 6068 	6073 	6064
f 6073 	6070 	6064
f 6071 	6064 	6070
f 2341 	5493 	5832
f 6055 	6056 	6064
f 6108 	6058 	6066
f 6133 	5964 	6074
f 6064 	6076 	6068
f 5724 	5573 	6077
f 5918 	5759 	5924
f 6064 	6107 	6076
f 5956 	5965 	6077
f 5965 	6114 	6077
f 6069 	6070 	6079
f 5573 	6061 	6077
f 5574 	5767 	6081
f 6111 	6079 	6070
f 5767 	5777 	6081
f 6112 	6071 	6082
f 6072 	6082 	6071
f 5849 	6083 	6084
f 5849 	6084 	5848
f 1334 	5898 	2351
f 5959 	6060 	6081
f 6081 	6060 	5574
f 6086 	6084 	6085
f 6072 	6069 	6079
f 6072 	6079 	6082
f 6079 	6552 	6082
f 6088 	6090 	6091
f 6088 	6091 	6087
f 5564 	6071 	5568
f 6112 	5568 	6071
f 5849 	5848 	6086
f 6085 	6083 	6086
f 5849 	6086 	6083
f 6070 	6089 	6111
f 5902 	6083 	5849
f 6090 	5586 	6091
f 5724 	6136 	6109
f 5724 	6087 	5586
f 5586 	6087 	6091
f 6083 	6093 	6084
f 6093 	6085 	6084
f 6083 	6085 	6093
f 6083 	5902 	6093
f 5495 	6093 	5902
f 5924 	6106 	6092
f 6089 	6068 	6076
f 6076 	6107 	6101
f 6107 	6255 	6101
f 6086 	6080 	6085
f 6103 	6104 	6219
f 6089 	6103 	6111
f 6100 	6104 	6103
f 6100 	6103 	6101
f 6099 	6105 	6096
f 6099 	6096 	6097
f 6100 	6219 	6104
f 6106 	5935 	5861
f 6095 	6094 	6105
f 6099 	6098 	6105
f 6098 	6102 	6105
f 6095 	6105 	6102
f 6101 	6103 	6089
f 6101 	6089 	6076
f 6083 	6080 	5849
f 5848 	5849 	6080
f 6064 	6056 	6107
f 6006 	6047 	6028
f 6106 	5861 	6220
f 6031 	6058 	6108
f 6110 	6088 	6109
f 6087 	6109 	6088
f 6080 	6083 	6093
f 6093 	6085 	6080
f 6108 	6066 	5762
f 6087 	5724 	6109
f 6095 	6110 	6109
f 6095 	6109 	6094
f 6103 	6297 	6111
f 5848 	6084 	6086
f 6255 	6107 	6202
f 5549 	5471 	6108
f 6113 	6097 	6114
f 6096 	6114 	6097
f 6542 	6541 	5821
f 5913 	1047 	6514
f 6113 	6133 	6099
f 6097 	6113 	6099
f 5913 	6514 	6125
f 6095 	6102 	6110
f 6096 	6105 	6114
f 6078 	6118 	6293
f 6094 	6109 	6105
f 6078 	6080 	6118
f 6117 	6115 	6120
f 6117 	6120 	6119
f 3545 	6122 	3546
f 6121 	3546 	6122
f 6123 	6124 	5900
f 6084 	6118 	6086
f 6080 	6086 	6118
f 6036 	6120 	6035
f 6098 	6130 	6121
f 5848 	6080 	5890
f 6169 	6127 	6116
f 6122 	6128 	6129
f 6122 	6129 	6121
f 6123 	6125 	6126
f 6123 	6126 	6124
f 6129 	6098 	6121
f 5526 	5912 	6080
f 6115 	6116 	6127
f 6035 	6120 	6040
f 6127 	6040 	6120
f 6115 	6127 	6120
f 6125 	6123 	5913
f 6098 	6129 	6102
f 6128 	6102 	6129
f 6126 	5900 	6124
f 6128 	6122 	6102
f 6117 	6131 	6115
f 6116 	6192 	6166
f 2349 	6132 	6311
f 6119 	6120 	6134
f 3974 	6121 	6130
f 6120 	6199 	6134
f 6113 	5964 	6133
f 5953 	6074 	5964
f 6117 	6119 	6134
f 6117 	6134 	6131
f 3981 	3384 	5720
f 3981 	5720 	6135
f 6132 	5916 	5918
f 6134 	5962 	6131
f 6122 	3981 	6135
f 6102 	6122 	6135
f 6110 	6135 	5720
f 6102 	6135 	6110
f 6169 	6170 	6127
f 5912 	5890 	6080
f 5724 	6077 	6136
f 6077 	6114 	6136
f 4582 	2338 	6542
f 6105 	6109 	6136
f 6317 	2349 	6312
f 6137 	6138 	6139
f 6137 	6139 	6140
f 6142 	2430 	6141
f 6141 	6143 	6144
f 2349 	427 	1257
f 6143 	6141 	5988
f 6021 	6019 	6145
f 6317 	6318 	2349
f 6075 	6138 	6137
f 6146 	6137 	6140
f 6146 	6140 	6147
f 6027 	6144 	6143
f 6140 	5953 	6147
f 6140 	6139 	6074
f 6074 	5953 	6140
f 6141 	6144 	6027
f 6146 	6147 	5953
f 6027 	6034 	6141
f 6034 	6142 	6141
f 6146 	5954 	6137
f 6075 	6137 	5954
f 6138 	6149 	6150
f 6138 	6150 	6139
f 6142 	5920 	2384
f 5998 	6046 	6181
f 6050 	6014 	3806
f 6150 	1119 	6139
f 1119 	1135 	6139
f 6149 	1121 	1119
f 6149 	1119 	6150
f 6151 	6017 	6033
f 6149 	6138 	1121
f 6075 	1136 	6138
f 1121 	6138 	1136
f 6153 	6154 	6155
f 6153 	6155 	6156
f 1820 	6145 	1811
f 6020 	6038 	6157
f 6098 	6156 	6130
f 6152 	6046 	5998
f 3775 	3807 	6157
f 6051 	6143 	5988
f 6074 	1135 	6133
f 6037 	6159 	6038
f 6158 	6038 	6159
f 6051 	6027 	6143
f 1147 	6154 	1462
f 6133 	6154 	6153
f 6160 	6153 	6156
f 6160 	6156 	6161
f 6152 	5712 	5878
f 1157 	3974 	6130
f 6159 	6162 	6163
f 6159 	6163 	6158
f 6098 	6161 	6156
f 6156 	6155 	6130
f 1157 	6130 	6155
f 6202 	6039 	6127
f 6026 	6039 	6202
f 6098 	6099 	6160
f 6098 	6160 	6161
f 6167 	6116 	6166
f 6153 	6160 	6099
f 6133 	6153 	6099
f 6165 	6164 	6043
f 6154 	6168 	6171
f 6154 	6171 	6155
f 6170 	6209 	6202
f 6202 	6127 	6170
f 6169 	6167 	6166
f 6169 	6166 	6170
f 1157 	6155 	1143
f 6171 	1143 	6155
f 6159 	6176 	6162
f 6169 	6116 	6167
f 6168 	1147 	1143
f 6168 	1143 	6171
f 6177 	6163 	6162
f 6177 	6162 	6176
f 1462 	6133 	1135
f 6115 	6178 	6179
f 6115 	6179 	6116
f 6158 	6163 	6177
f 3890 	6182 	3891
f 6180 	3891 	6182
f 6168 	6154 	1147
f 6212 	4377 	6183
f 4378 	6183 	4377
f 6115 	6193 	6180
f 6173 	6172 	6184
f 6173 	6184 	6176
f 4378 	4220 	6183
f 6178 	6180 	6182
f 6178 	6182 	6179
f 6183 	6186 	6187
f 6179 	6182 	6116
f 6180 	6178 	6115
f 3821 	6177 	6188
f 6189 	6190 	6191
f 6177 	6176 	6188
f 6176 	6184 	6188
f 6174 	6188 	6184
f 6174 	6184 	6175
f 3931 	6192 	3890
f 6116 	6182 	6192
f 6182 	3890 	6192
f 3932 	6193 	5994
f 6194 	6195 	6189
f 6186 	6195 	6194
f 6186 	6194 	6187
f 6180 	6193 	3891
f 3932 	3891 	6193
f 6195 	6186 	6189
f 6186 	6183 	6189
f 4220 	6576 	6183
f 5994 	6193 	6131
f 6115 	6131 	6193
f 6187 	6194 	6204
f 6173 	6197 	6198
f 6173 	6198 	6172
f 6036 	6199 	6120
f 6203 	6212 	6187
f 6204 	6203 	6187
f 140 	5861 	441
f 6205 	6206 	6211
f 6106 	6220 	6092
f 6204 	6207 	6208
f 6204 	6208 	6203
f 6206 	6166 	6192
f 6208 	6217 	6203
f 6194 	6214 	6204
f 6216 	6255 	6209
f 6205 	6210 	6209
f 6205 	6209 	6206
f 6295 	6214 	6191
f 6206 	6209 	6166
f 6170 	6166 	6209
f 6175 	6200 	6201
f 6175 	6201 	6174
f 6183 	6187 	6212
f 6189 	6191 	6214
f 6227 	6158 	6177
f 6189 	6214 	6194
f 6176 	6197 	6173
f 5861 	6256 	6259
f 6228 	6215 	6213
f 6257 	4367 	6212
f 6177 	3816 	6227
f 3821 	3816 	6177
f 6295 	6365 	6214
f 6184 	6172 	6198
f 6210 	6205 	6211
f 6210 	6211 	6216
f 6184 	6229 	6200
f 6184 	6200 	6175
f 6100 	6101 	6216
f 6217 	6218 	4389
f 6219 	6100 	6216
f 6174 	6201 	6188
f 6232 	6188 	6201
f 6212 	6203 	6257
f 5861 	6259 	6220
f 6413 	6198 	6414
f 6197 	6414 	6198
f 6228 	6221 	6215
f 6176 	6225 	6197
f 6262 	6230 	6223
f 6215 	6221 	6213
f 6221 	6219 	6213
f 6211 	6213 	6219
f 6211 	6219 	6216
f 6092 	6220 	6233
f 6151 	6441 	6225
f 6226 	6223 	6222
f 6226 	6222 	6224
f 6176 	6159 	6225
f 6037 	6225 	6159
f 6151 	6225 	6037
f 6251 	6241 	6211
f 6207 	6204 	6223
f 6262 	6223 	6204
f 6227 	6157 	6158
f 6038 	6158 	6157
f 6213 	6250 	6228
f 6208 	6207 	6223
f 6226 	6218 	6223
f 6249 	6218 	6226
f 6218 	6217 	6223
f 6208 	6223 	6217
f 6441 	6197 	6225
f 6209 	6210 	6216
f 6217 	6257 	6203
f 6184 	6198 	6229
f 6444 	6229 	6198
f 6413 	6444 	6198
f 6297 	6103 	6219
f 6297 	6219 	6231
f 6221 	6231 	6219
f 3847 	6232 	6555
f 6222 	6223 	6230
f 6221 	6228 	6231
f 6235 	6236 	6254
f 6230 	6234 	6224
f 6230 	6224 	6222
f 6211 	6237 	6238
f 6211 	6238 	6213
f 3936 	6242 	3937
f 6241 	3937 	6242
f 6226 	6224 	6234
f 6226 	6234 	6263
f 4058 	6250 	3936
f 6244 	6239 	6240
f 6244 	6240 	6243
f 4061 	3937 	6251
f 6237 	6241 	6242
f 6237 	6242 	6238
f 6245 	6397 	6246
f 6233 	5918 	5924
f 6238 	6242 	6213
f 6250 	6213 	6242
f 6235 	6253 	6244
f 6241 	6237 	6211
f 6243 	6284 	6247
f 6132 	5918 	6233
f 6246 	6248 	6249
f 6246 	6249 	6245
f 6226 	6263 	6245
f 6226 	6245 	6249
f 6242 	3936 	6250
f 6251 	6192 	4061
f 3931 	4061 	6192
f 6218 	6248 	6246
f 6512 	6260 	6246
f 6218 	6249 	6248
f 6236 	6235 	6252
f 6235 	6244 	6252
f 6247 	6252 	6244
f 6247 	6244 	6243
f 6211 	6206 	6251
f 6192 	6251 	6206
f 4382 	4367 	6257
f 6217 	4382 	6257
f 6256 	6258 	6259
f 6048 	6328 	6253
f 4369 	4391 	6260
f 6218 	6260 	4391
f 6261 	6258 	6256
f 6254 	6253 	6235
f 6218 	6246 	6260
f 6230 	6262 	6365
f 6220 	6256 	6233
f 6233 	6256 	6258
f 6236 	6252 	6254
f 6019 	2431 	6145
f 6264 	4851 	6265
f 6262 	6204 	6214
f 5924 	6092 	6233
f 4850 	4874 	6265
f 6244 	6328 	6264
f 6239 	6264 	6265
f 6239 	6265 	6240
f 6289 	6292 	6145
f 6512 	4458 	6260
f 6262 	6214 	6365
f 6240 	6265 	6243
f 6327 	6243 	6265
f 6239 	6244 	6264
f 6266 	6267 	6268
f 6243 	6327 	6279
f 6259 	6256 	6220
f 6268 	6295 	6266
f 6266 	6295 	6191
f 6021 	6292 	6023
f 6258 	6261 	6259
f 6266 	292 	6267
f 291 	6267 	292
f 6284 	6280 	6247
f 291 	6268 	6267
f 6191 	292 	6266
f 6277 	6274 	6252
f 6268 	6270 	6271
f 6033 	6254 	6335
f 6295 	6268 	6271
f 5970 	5851 	6269
f 6269 	5851 	5976
f 6290 	6273 	297
f 290 	297 	6273
f 6626 	6196 	6054
f 6275 	6276 	6273
f 6023 	6281 	6269
f 5976 	6023 	6269
f 6274 	6277 	6278
f 6274 	6278 	6272
f 6270 	6276 	6275
f 6270 	6275 	6271
f 6054 	6196 	6057
f 6289 	6145 	1992
f 6278 	6247 	6272
f 6268 	290 	6273
f 6276 	6270 	6273
f 6270 	6268 	6273
f 6196 	5878 	6057
f 6277 	6252 	6247
f 6277 	6247 	6278
f 1820 	1992 	6145
f 6296 	6273 	6291
f 6290 	6291 	6273
f 6273 	6296 	6275
f 6279 	313 	6280
f 6196 	6181 	6152
f 6275 	6283 	6282
f 6275 	6282 	6271
f 314 	365 	6280
f 6269 	5429 	5419
f 5429 	6269 	6281
f 6152 	5878 	6196
f 6280 	6284 	6285
f 6280 	6285 	6279
f 6283 	6287 	6288
f 6283 	6288 	6282
f 5435 	2452 	6286
f 6327 	361 	6279
f 6285 	6243 	6279
f 6288 	6298 	6282
f 6286 	5970 	5435
f 6275 	6296 	6283
f 6359 	6233 	6261
f 6021 	6145 	6292
f 6258 	6261 	6233
f 6289 	5808 	6292
f 303 	6291 	304
f 6290 	304 	6291
f 6281 	6023 	6294
f 6292 	6294 	6023
f 303 	6868 	6291
f 140 	6353 	5861
f 5831 	6294 	5815
f 5798 	5815 	6292
f 6294 	5831 	6281
f 6271 	6282 	6295
f 6365 	6295 	6282
f 6353 	6261 	6258
f 6258 	6256 	5861
f 6353 	6258 	5861
f 1992 	5808 	6289
f 6202 	6209 	6255
f 6868 	6894 	6291
f 6216 	6101 	6255
f 6293 	6080 	6078
f 6647 	6672 	6231
f 1284 	471 	5855
f 6233 	6315 	6323
f 4702 	4731 	4711
f 4711 	4731 	6329
f 6519 	6505 	4572
f 6298 	6301 	6300
f 6298 	6300 	6299
f 6329 	4714 	4711
f 5548 	6333 	5544
f 6362 	6361 	6303
f 6302 	6362 	6303
f 6283 	6302 	6287
f 6304 	6370 	6305
f 6288 	6287 	6302
f 6302 	6303 	6301
f 6301 	6298 	6302
f 6288 	6302 	6298
f 6304 	6306 	6321
f 6307 	6230 	6365
f 1047 	5913 	387
f 5913 	5899 	387
f 6299 	6307 	6298
f 6308 	6309 	6306
f 6308 	6306 	6304
f 6310 	6234 	6230
f 6310 	6230 	6307
f 6234 	6310 	6263
f 6301 	6368 	6310
f 6309 	6321 	6306
f 113 	6311 	6312
f 6300 	6310 	6307
f 6300 	6307 	6299
f 6308 	6313 	6329
f 6300 	6301 	6310
f 6304 	6305 	6314
f 6316 	6313 	6314
f 6313 	6308 	6314
f 6304 	6314 	6308
f 6317 	6318 	115
f 6316 	6329 	6313
f 6283 	6371 	6302
f 5944 	5821 	6438
f 6319 	6696 	6320
f 6321 	6333 	6304
f 6312 	6317 	113
f 5526 	6080 	6322
f 6305 	6334 	6345
f 6285 	6284 	6243
f 6308 	6326 	6309
f 6280 	6332 	6247
f 6308 	6336 	6326
f 361 	6327 	4874
f 6080 	6293 	6322
f 6321 	6309 	6326
f 4838 	4874 	4850
f 6327 	6265 	4874
f 5546 	6321 	6326
f 4878 	6328 	6048
f 113 	115 	6311
f 6318 	6311 	115
f 4878 	6264 	6328
f 6314 	6356 	6339
f 115 	6318 	6233
f 2341 	6148 	6330
f 6316 	6314 	6331
f 6339 	6331 	6314
f 6244 	6253 	6328
f 115 	427 	6318
f 6322 	5832 	5526
f 6329 	6316 	6331
f 6148 	5832 	6322
f 6332 	6280 	365
f 6329 	6331 	4714
f 6132 	6312 	6311
f 6148 	6322 	6330
f 6435 	6272 	6332
f 6312 	6311 	6318
f 6312 	6318 	6317
f 6151 	6335 	6441
f 6330 	6322 	6400
f 6233 	6318 	6317
f 6317 	6132 	6233
f 6321 	5544 	6333
f 6441 	6335 	6274
f 6312 	6132 	6317
f 2339 	5493 	2341
f 6151 	6033 	6335
f 6252 	6335 	6254
f 5553 	5546 	6336
f 6272 	6338 	6274
f 6337 	6274 	6338
f 5832 	6148 	2341
f 6308 	6329 	6336
f 4731 	6336 	6329
f 427 	2349 	6318
f 4714 	6331 	4732
f 6339 	4732 	6331
f 6338 	6340 	6341
f 6338 	6341 	6337
f 5553 	6336 	4731
f 6346 	6305 	6345
f 6352 	6322 	6293
f 6409 	6350 	6334
f 6345 	6334 	6350
f 6320 	6324 	6325
f 6320 	6325 	6319
f 141 	6353 	140
f 6314 	6305 	6354
f 6346 	6354 	6305
f 6325 	6303 	6319
f 6303 	6374 	6319
f 6301 	6324 	6320
f 6696 	6368 	6320
f 6354 	6356 	6314
f 6325 	6324 	6303
f 6301 	6303 	6324
f 6353 	6342 	6359
f 6412 	6339 	6357
f 6356 	6357 	6339
f 6358 	6360 	6302
f 6371 	6358 	6302
f 6346 	6345 	6356
f 6346 	6356 	6354
f 6350 	6349 	6355
f 6350 	6355 	6357
f 6233 	6359 	6342
f 6902 	6938 	6361
f 6356 	6345 	6350
f 6356 	6350 	6357
f 6256 	6359 	6261
f 6358 	6361 	6362
f 6358 	6362 	6360
f 6259 	6359 	6256
f 6362 	6302 	6360
f 5495 	6505 	6093
f 6298 	6307 	6365
f 6366 	6367 	6304
f 6263 	6310 	6368
f 6333 	6364 	6366
f 6304 	6333 	6366
f 6298 	6365 	6282
f 6259 	6261 	6359
f 4573 	6505 	5495
f 6301 	6320 	6368
f 6367 	6370 	6304
f 6371 	6937 	6358
f 6303 	6361 	6374
f 6371 	6283 	6296
f 6372 	6334 	6373
f 6370 	6373 	6305
f 6334 	6305 	6373
f 6364 	6363 	6369
f 6364 	6369 	6372
f 6697 	6319 	6374
f 6367 	6366 	6373
f 6367 	6373 	6370
f 6293 	6375 	6352
f 6364 	6372 	6373
f 6364 	6373 	6366
f 471 	441 	5861
f 6333 	5548 	6590
f 6296 	6937 	6371
f 6261 	6353 	6359
f 6395 	6493 	6375
f 6350 	6381 	6349
f 4690 	6382 	4676
f 6385 	6377 	6376
f 6385 	6376 	6380
f 6349 	6381 	6355
f 6386 	6355 	6381
f 6392 	6353 	149
f 6388 	6382 	4689
f 4690 	4689 	6382
f 6384 	6389 	6390
f 6384 	6390 	6383
f 6379 	6378 	6388
f 6378 	6385 	6388
f 6382 	6388 	6385
f 6382 	6385 	6380
f 6381 	6383 	6390
f 6391 	6387 	6390
f 6387 	6386 	6390
f 6381 	6390 	6386
f 5861 	5855 	471
f 6233 	6342 	6392
f 6412 	6386 	6396
f 6233 	6392 	6315
f 6377 	6393 	6394
f 6377 	6394 	6376
f 6395 	6118 	6084
f 6245 	6398 	6397
f 6293 	6118 	6395
f 6399 	6391 	6390
f 6392 	149 	118
f 6395 	6375 	6293
f 6263 	6508 	6398
f 6245 	6263 	6398
f 6399 	6396 	6391
f 6387 	6391 	6396
f 6379 	6397 	6398
f 6379 	6398 	6378
f 6396 	6399 	5031
f 6396 	5031 	5030
f 6315 	6392 	113
f 6409 	6764 	6490
f 6409 	6491 	6381
f 6484 	6406 	6382
f 6376 	6394 	6380
f 6501 	6380 	6394
f 6409 	6381 	6350
f 6392 	118 	113
f 6382 	6504 	4676
f 6383 	6402 	6384
f 6377 	6385 	6393
f 6383 	6410 	6402
f 6378 	6398 	6385
f 6355 	6386 	6357
f 6357 	6386 	6412
f 6629 	6054 	6185
f 6387 	6396 	6386
f 6401 	6400 	6322
f 6379 	6388 	6397
f 6389 	6403 	6390
f 6322 	6352 	6401
f 6389 	6384 	6402
f 6389 	6402 	6403
f 6440 	6403 	6402
f 6390 	6416 	6399
f 6338 	6351 	6340
f 6479 	6416 	6403
f 6340 	6351 	6341
f 6408 	6341 	6351
f 6441 	6337 	6408
f 6401 	2341 	6400
f 6347 	6411 	6407
f 6347 	6407 	6348
f 6351 	6407 	6411
f 6344 	6343 	6411
f 6343 	6408 	6411
f 6351 	6411 	6408
f 2002 	6043 	2106
f 6330 	6400 	2341
f 5030 	5041 	6396
f 6412 	6396 	5041
f 6390 	6403 	6416
f 6523 	6505 	2341
f 6344 	6413 	6414
f 6344 	6414 	6343
f 5043 	6399 	6416
f 5031 	6399 	5043
f 6334 	6594 	6409
f 2341 	6401 	6523
f 6503 	6523 	6401
f 6181 	6046 	6152
f 5041 	4732 	6412
f 6348 	6417 	6418
f 6348 	6418 	6347
f 6415 	6181 	6196
f 6416 	6479 	5043
f 5128 	6448 	5115
f 6407 	6436 	6417
f 6407 	6417 	6348
f 6404 	6181 	6415
f 6341 	6408 	6337
f 6419 	6513 	6420
f 6408 	6414 	6441
f 6343 	6414 	6408
f 6419 	6421 	6440
f 6411 	6347 	6418
f 6411 	6418 	6444
f 6444 	6413 	6411
f 6344 	6411 	6413
f 366 	6425 	423
f 6422 	423 	6425
f 6423 	6424 	6421
f 6423 	6421 	6419
f 423 	6422 	468
f 6351 	6435 	6422
f 6165 	6043 	4508
f 6436 	6425 	678
f 6424 	6440 	6421
f 6425 	6426 	6427
f 6425 	6427 	6422
f 6423 	6428 	6448
f 6164 	6429 	6430
f 6422 	6427 	6351
f 6423 	6431 	6432
f 6423 	6432 	6428
f 6456 	6497 	6430
f 6407 	6351 	6426
f 6427 	6426 	6351
f 6434 	6165 	6433
f 6439 	6433 	6165
f 6426 	6425 	6407
f 6419 	6420 	6431
f 6419 	6431 	6423
f 6332 	468 	6435
f 6429 	6434 	6433
f 6429 	6433 	6430
f 468 	6422 	6435
f 6434 	6429 	6165
f 6164 	6165 	6429
f 6432 	6448 	6428
f 6466 	6456 	6430
f 6466 	6430 	6433
f 6164 	6430 	6437
f 6497 	6437 	6430
f 6407 	6425 	6436
f 366 	678 	6425
f 6351 	6338 	6435
f 6338 	6272 	6435
f 6247 	6332 	6272
f 24 	6437 	6497
f 6513 	6516 	6420
f 6420 	6516 	6474
f 4508 	4555 	6439
f 6437 	6978 	6164
f 6402 	6410 	6440
f 6419 	6440 	6473
f 6337 	6441 	6274
f 6252 	6274 	6335
f 6463 	6420 	6474
f 6414 	6197 	6441
f 6423 	6442 	6424
f 6443 	6461 	6445
f 6423 	6479 	6442
f 6403 	6442 	6479
f 6418 	6600 	6444
f 6440 	6424 	6442
f 6472 	6443 	6445
f 6403 	6440 	6442
f 6200 	6447 	6201
f 6446 	6201 	6447
f 6472 	6445 	4528
f 6401 	6352 	6449
f 6479 	6423 	6448
f 6352 	6375 	6449
f 6450 	6452 	6451
f 6432 	6431 	6453
f 6483 	6453 	6431
f 6447 	6454 	6455
f 6447 	6455 	6446
f 8 	24 	6452
f 6451 	6452 	6497
f 6483 	5131 	6453
f 6448 	6432 	6453
f 6455 	6469 	6446
f 6449 	6503 	6401
f 5116 	5115 	6448
f 5116 	6448 	6453
f 6456 	6457 	6451
f 6451 	6497 	6456
f 4573 	4572 	6505
f 6457 	6460 	6461
f 6457 	6461 	6451
f 6465 	6420 	6463
f 6443 	6471 	6461
f 6471 	6480 	6461
f 6438 	5821 	6541
f 6460 	6466 	6461
f 6462 	6459 	6458
f 6462 	6458 	6464
f 6431 	6420 	6467
f 6465 	6467 	6420
f 6433 	6502 	6466
f 6454 	6447 	6459
f 6468 	6431 	6467
f 6457 	6456 	6466
f 6457 	6466 	6460
f 6085 	6093 	6505
f 2232 	2257 	6468
f 6431 	6468 	6483
f 6465 	6463 	6468
f 6465 	6468 	6467
f 6461 	6502 	6445
f 2045 	2232 	6463
f 6468 	6463 	2232
f 6469 	6470 	4213
f 6469 	4213 	4206
f 4545 	4551 	4543
f 4543 	4551 	6472
f 6471 	6472 	6480
f 6443 	6472 	6471
f 6473 	6440 	6410
f 4528 	4543 	6472
f 6455 	6454 	6459
f 6462 	6470 	6459
f 6563 	6470 	6462
f 6470 	6469 	6459
f 6455 	6459 	6469
f 2255 	2045 	6474
f 6475 	6476 	6477
f 6551 	6438 	6541
f 6458 	6459 	6478
f 6475 	6477 	6495
f 6448 	5128 	6479
f 6480 	6481 	6476
f 6480 	6476 	6475
f 6481 	6480 	6482
f 5109 	5116 	5131
f 5116 	6453 	5131
f 6406 	6484 	6485
f 6406 	6485 	6405
f 6480 	6500 	6482
f 6468 	2257 	6483
f 6380 	6501 	6405
f 6405 	6485 	6380
f 6477 	6476 	6481
f 6477 	6481 	6482
f 6484 	6382 	6380
f 6484 	6380 	6485
f 28 	25 	6477
f 28 	6477 	6482
f 6486 	6487 	6475
f 6546 	6478 	6459
f 6464 	6488 	6462
f 6483 	2257 	5131
f 6475 	6495 	6486
f 6495 	23 	6486
f 6464 	6458 	6478
f 6464 	6478 	6488
f 6451 	6461 	6480
f 6480 	6475 	6451
f 6450 	6451 	6475
f 6487 	6450 	6475
f 6487 	6486 	6452
f 6487 	6452 	6450
f 6492 	6381 	6491
f 6491 	6409 	6490
f 19 	6452 	6486
f 6566 	6462 	6565
f 6489 	6712 	6494
f 6493 	6395 	6505
f 19 	6486 	23
f 6383 	6381 	6496
f 6492 	6496 	6381
f 6497 	6452 	24
f 6406 	6517 	6504
f 6504 	6382 	6406
f 6499 	6383 	6496
f 6394 	6393 	6692
f 6691 	6692 	6393
f 28 	6482 	52
f 52 	6482 	6500
f 6385 	6508 	6393
f 6480 	6472 	6500
f 4551 	6500 	6472
f 6439 	6502 	6433
f 6461 	6466 	6502
f 6405 	6501 	6518
f 6498 	6410 	6499
f 6383 	6499 	6410
f 6502 	4555 	6445
f 6664 	4667 	6504
f 6490 	6489 	6494
f 6490 	6494 	6498
f 6495 	51 	23
f 6492 	6491 	6499
f 6492 	6499 	6496
f 6523 	6503 	6449
f 6490 	6498 	6499
f 6490 	6499 	6491
f 6353 	6392 	6342
f 6394 	6692 	6501
f 387 	5898 	1334
f 6085 	6505 	6086
f 6508 	6263 	6797
f 6263 	6368 	6797
f 6509 	6510 	6419
f 6797 	6393 	6508
f 5898 	387 	5899
f 6419 	6473 	6509
f 6507 	6509 	6473
f 6385 	6398 	6508
f 6449 	6375 	6523
f 463 	1284 	5855
f 4369 	6260 	4458
f 6510 	6513 	6419
f 6388 	4675 	6512
f 1047 	1094 	6514
f 6246 	6397 	6512
f 6388 	6512 	6397
f 6542 	2342 	6519
f 2342 	2341 	6505
f 6821 	6474 	6516
f 6405 	6518 	6406
f 6517 	6406 	6518
f 6086 	6505 	6084
f 6821 	6516 	6515
f 5613 	6786 	463
f 6507 	6506 	6511
f 6507 	6511 	6515
f 5688 	5900 	6520
f 6510 	6509 	6516
f 6510 	6516 	6513
f 6518 	6521 	6522
f 6518 	6522 	6517
f 6571 	5722 	6520
f 5688 	6520 	5722
f 6507 	6515 	6516
f 6507 	6516 	6509
f 6084 	6505 	6395
f 6501 	6660 	6518
f 5855 	5613 	463
f 6410 	6767 	6473
f 6821 	2405 	6474
f 6571 	6520 	6126
f 5900 	6126 	6520
f 6522 	6621 	6517
f 6111 	6589 	6079
f 6552 	6079 	6589
f 6112 	6082 	6590
f 6523 	6493 	6505
f 6527 	6528 	6631
f 6556 	6082 	6552
f 6550 	6529 	6524
f 6550 	6524 	6549
f 6532 	6631 	6528
f 6523 	6375 	6493
f 6125 	6534 	6126
f 6533 	6126 	6534
f 6505 	6519 	2342
f 6534 	6125 	6568
f 6514 	6568 	6125
f 6535 	6531 	6530
f 6535 	6530 	6536
f 3848 	4212 	6557
f 6470 	6557 	4212
f 6533 	6571 	6126
f 6232 	6201 	6446
f 6534 	6537 	6538
f 6534 	6538 	6533
f 6537 	6534 	6540
f 6568 	6540 	6534
f 6364 	6536 	6363
f 6541 	6542 	6519
f 6543 	6538 	6537
f 6543 	6537 	6540
f 6543 	6571 	6533
f 6543 	6533 	6538
f 6568 	6524 	6540
f 6568 	1094 	6524
f 6529 	6540 	6524
f 6545 	6544 	6609
f 6769 	6746 	6546
f 5750 	5735 	6543
f 6462 	6488 	6548
f 6773 	6548 	6488
f 6543 	6540 	6560
f 6550 	6560 	6540
f 6529 	6550 	6540
f 6229 	6444 	6546
f 6548 	6773 	6596
f 6369 	6363 	6536
f 6530 	6544 	6536
f 6539 	6547 	6530
f 6547 	6544 	6530
f 6544 	6545 	6536
f 6369 	6536 	6545
f 6459 	6447 	6546
f 6447 	6200 	6546
f 6200 	6229 	6546
f 6531 	6552 	6530
f 4227 	6554 	4228
f 6553 	4228 	6554
f 6560 	6581 	6553
f 6469 	4207 	6555
f 6535 	6536 	6556
f 6590 	6556 	6536
f 6587 	6554 	4266
f 4227 	4266 	6554
f 6554 	6558 	6559
f 6554 	6559 	6553
f 6556 	6552 	6535
f 6531 	6535 	6552
f 6595 	4201 	6557
f 6561 	5751 	5750
f 6560 	6561 	6543
f 6232 	6446 	6555
f 6469 	6555 	6446
f 5750 	6543 	6561
f 6558 	6561 	6560
f 6558 	6560 	6559
f 6562 	6539 	6530
f 6588 	6574 	6551
f 6550 	6549 	6560
f 6470 	6563 	6564
f 6560 	6553 	6559
f 6470 	6564 	6557
f 6561 	6587 	5736
f 6590 	6536 	6364
f 6587 	6561 	6554
f 6558 	6554 	6561
f 6563 	6566 	6565
f 6563 	6565 	6564
f 6524 	1057 	1070
f 6524 	1070 	6549
f 6563 	6462 	6566
f 6564 	6565 	6570
f 6564 	6570 	6569
f 6547 	6567 	6544
f 6462 	6548 	6565
f 6565 	6548 	6596
f 6369 	6545 	6372
f 6544 	6567 	6593
f 6545 	6594 	6372
f 6547 	6539 	6562
f 6547 	6562 	6567
f 6570 	6572 	6573
f 6570 	6573 	6569
f 1057 	6524 	1094
f 6576 	4220 	4221
f 6576 	4221 	6595
f 6575 	6551 	6574
f 6571 	6543 	5735
f 6438 	6579 	6580
f 4265 	6581 	1102
f 6576 	6586 	6189
f 6578 	6562 	6672
f 6672 	6562 	6589
f 6530 	6589 	6562
f 6645 	6591 	6580
f 6549 	1070 	6581
f 6560 	6549 	6581
f 1102 	6581 	1070
f 6595 	6569 	6576
f 6573 	6576 	6569
f 6579 	6575 	6574
f 6579 	6574 	6580
f 4228 	6553 	6581
f 6586 	6584 	6585
f 6438 	6551 	6575
f 6438 	6575 	6579
f 6583 	6641 	6582
f 6641 	6676 	6582
f 6596 	6584 	6586
f 6580 	6574 	6618
f 6577 	6583 	6582
f 6577 	6582 	6578
f 6584 	6191 	6585
f 6190 	6585 	6191
f 6578 	6582 	6567
f 6578 	6567 	6562
f 6586 	6585 	6190
f 6530 	6552 	6589
f 292 	6191 	6584
f 6500 	4551 	52
f 6556 	6590 	6082
f 6586 	6570 	6596
f 6572 	6570 	6586
f 6570 	6565 	6596
f 5944 	6438 	6591
f 6573 	6572 	6586
f 6190 	6189 	6586
f 6573 	6586 	6576
f 6438 	6580 	6591
f 6364 	6333 	6590
f 6596 	308 	6584
f 6545 	6611 	6594
f 6645 	5944 	6591
f 6063 	5944 	6645
f 6557 	6564 	6595
f 6595 	6564 	6569
f 6334 	6372 	6594
f 292 	6584 	308
f 6297 	6589 	6111
f 5971 	6063 	6616
f 6593 	6676 	6761
f 6773 	308 	6596
f 6417 	6602 	6418
f 6600 	6418 	6602
f 6593 	6599 	6544
f 6601 	6544 	6599
f 6604 	6704 	6603
f 6436 	6602 	6417
f 6605 	6606 	6597
f 6593 	6761 	6599
f 6604 	6599 	6761
f 6704 	6604 	6761
f 6588 	6640 	6574
f 6602 	6607 	6608
f 6602 	6608 	6600
f 6620 	6628 	6612
f 6545 	6609 	6611
f 3873 	6950 	4004
f 6615 	6605 	6612
f 6605 	6597 	6612
f 6620 	6612 	6597
f 6610 	6616 	6612
f 6527 	6617 	6532
f 6527 	6532 	6528
f 6614 	6705 	6613
f 6613 	6594 	6611
f 6705 	6764 	6613
f 6612 	6616 	6645
f 6609 	6544 	6601
f 6053 	5971 	6616
f 6601 	6599 	6611
f 6601 	6611 	6609
f 6612 	6618 	6615
f 6614 	6613 	6604
f 6614 	6604 	6603
f 6612 	6645 	6618
f 6580 	6618 	6645
f 6611 	6599 	6604
f 6611 	6604 	6613
f 6619 	6526 	6525
f 6619 	6525 	6532
f 6606 	6605 	6615
f 6606 	6615 	6618
f 6618 	6574 	6606
f 6764 	6409 	6594
f 6629 	6185 	6592
f 6521 	6518 	6619
f 6652 	6653 	6620
f 6522 	6521 	6621
f 6619 	6621 	6521
f 6597 	6652 	6620
f 6622 	6623 	6620
f 6622 	6620 	6638
f 6532 	6617 	6621
f 6619 	6532 	6621
f 4708 	6621 	6617
f 4709 	4708 	6617
f 6231 	6228 	6647
f 1670 	6622 	6638
f 6415 	6196 	6626
f 6620 	6623 	6627
f 6620 	6627 	6628
f 6627 	6630 	6628
f 6631 	875 	876
f 6631 	876 	6632
f 6629 	6626 	6054
f 6532 	6648 	6631
f 6623 	6622 	6630
f 6623 	6630 	6627
f 876 	900 	6632
f 900 	6651 	6632
f 6630 	6622 	1670
f 6631 	6632 	6527
f 6635 	6637 	6628
f 6629 	6592 	6673
f 6610 	6612 	6637
f 6637 	6612 	6628
f 6617 	6527 	6632
f 6637 	6635 	6616
f 6637 	6616 	6610
f 6633 	6624 	6636
f 6633 	6636 	6634
f 6616 	6635 	6053
f 6577 	6578 	6636
f 6583 	6577 	6636
f 6583 	6636 	6641
f 6629 	6758 	6639
f 6597 	6606 	6640
f 6606 	6574 	6640
f 6504 	6517 	6664
f 6626 	6629 	6639
f 6628 	6630 	6642
f 6624 	6625 	6641
f 6624 	6641 	6636
f 4708 	4696 	6621
f 6642 	6062 	6635
f 6628 	6642 	6635
f 6053 	6635 	6062
f 6645 	6616 	6063
f 6598 	6639 	6695
f 6633 	6646 	6624
f 6526 	6643 	6644
f 6526 	6644 	6525
f 6646 	6228 	6665
f 6250 	6665 	6228
f 6404 	6639 	6598
f 6642 	1750 	6062
f 6525 	6644 	6532
f 6685 	6625 	6663
f 6526 	6619 	6643
f 6634 	6636 	6647
f 6786 	6787 	6519
f 6834 	6644 	6643
f 6672 	6647 	6636
f 6633 	6634 	6647
f 6633 	6647 	6646
f 6647 	6228 	6646
f 6619 	6660 	6643
f 6680 	6681 	6551
f 6541 	6680 	6551
f 894 	6861 	1093
f 6861 	894 	6648
f 6681 	6640 	6588
f 6672 	6636 	6578
f 6404 	6626 	6639
f 6519 	4572 	1
f 894 	6631 	6648
f 6567 	6582 	6593
f 6650 	6723 	6649
f 6626 	6404 	6415
f 900 	4666 	6651
f 6638 	6620 	6653
f 6617 	6632 	6651
f 6624 	6654 	6655
f 6624 	6655 	6625
f 6723 	6745 	6649
f 6649 	6638 	6653
f 4712 	6657 	4713
f 6656 	4713 	6657
f 6532 	6644 	6648
f 4666 	4697 	6651
f 6597 	6659 	6652
f 6660 	6501 	6866
f 6654 	6656 	6657
f 6654 	6657 	6655
f 6650 	6649 	6661
f 6650 	6661 	6658
f 6866 	6643 	6660
f 6655 	6657 	6625
f 6663 	6625 	6657
f 6659 	6662 	6653
f 6659 	6653 	6652
f 6624 	6665 	6656
f 6656 	6654 	6624
f 6659 	6597 	6662
f 6619 	6518 	6660
f 6662 	6661 	6649
f 6662 	6649 	6653
f 6597 	6640 	6662
f 6661 	6662 	6640
f 4907 	6663 	4712
f 4712 	6663 	6657
f 6621 	6664 	6517
f 6745 	1743 	6638
f 6621 	4696 	6664
f 4910 	6665 	6250
f 6666 	6667 	6692
f 6656 	6665 	4713
f 4910 	4713 	6665
f 6541 	6519 	6787
f 6624 	6646 	6665
f 6297 	6231 	6672
f 6593 	6582 	6676
f 6674 	6678 	6675
f 6677 	6675 	6678
f 6700 	6678 	6747
f 6674 	6747 	6678
f 6672 	6589 	6297
f 6670 	6726 	6679
f 6867 	6761 	6676
f 6787 	6680 	6541
f 6588 	6551 	6681
f 6667 	6679 	6692
f 4907 	5373 	6865
f 6663 	4907 	6865
f 6680 	6682 	6683
f 6680 	6683 	6681
f 6671 	6684 	6668
f 6671 	6668 	6669
f 6686 	6625 	6685
f 6667 	6666 	6684
f 6671 	6670 	6684
f 6670 	6679 	6684
f 6667 	6684 	6679
f 6682 	6677 	6678
f 6682 	6678 	6683
f 6663 	6865 	6688
f 6685 	6663 	6688
f 6787 	6675 	6680
f 6641 	6689 	6690
f 6680 	6675 	6677
f 6680 	6677 	6682
f 6519 	1 	6786
f 6683 	6678 	6700
f 6693 	6867 	6690
f 6867 	6676 	6690
f 6641 	6690 	6676
f 6692 	6691 	6666
f 6689 	6686 	6685
f 6689 	6685 	6690
f 6641 	6625 	6686
f 6641 	6686 	6689
f 6319 	6697 	6696
f 6687 	6694 	6693
f 6687 	6693 	6688
f 6698 	6699 	6700
f 6684 	6797 	6696
f 6690 	6685 	6688
f 6690 	6688 	6693
f 6697 	6669 	6696
f 6668 	6696 	6669
f 6701 	6702 	6703
f 6703 	6749 	6701
f 6681 	6683 	6749
f 6699 	6702 	6701
f 6699 	6701 	6700
f 6699 	6698 	6703
f 6699 	6703 	6702
f 6614 	6603 	6704
f 6614 	6704 	6705
f 6670 	6791 	6715
f 6683 	6700 	6701
f 6669 	6697 	6671
f 6707 	6708 	6698
f 6661 	6703 	6658
f 6726 	6716 	6679
f 6795 	6679 	6716
f 6692 	6679 	6795
f 6703 	6661 	6749
f 6640 	6749 	6661
f 6712 	6711 	6710
f 6712 	6710 	6713
f 6668 	6684 	6696
f 6666 	6691 	6684
f 6698 	6720 	6703
f 6708 	6720 	6698
f 6714 	6743 	6711
f 6720 	6718 	6719
f 6706 	6743 	6714
f 2056 	6718 	2111
f 6717 	6721 	6722
f 6722 	6840 	6717
f 6723 	6724 	6725
f 6716 	6726 	6727
f 6716 	6727 	6715
f 6712 	6489 	6705
f 6712 	6705 	6704
f 6706 	6714 	6704
f 6714 	6711 	6704
f 6712 	6704 	6711
f 2059 	6745 	6725
f 6769 	6444 	6600
f 6734 	6769 	6600
f 6608 	6734 	6600
f 6724 	6719 	6718
f 6724 	6718 	6725
f 6723 	6720 	6719
f 6723 	6719 	6724
f 6695 	6722 	6721
f 6725 	6718 	2059
f 6704 	6729 	6706
f 6720 	6731 	6732
f 6489 	6490 	6705
f 6757 	6730 	6728
f 7052 	6744 	6732
f 6607 	6602 	6728
f 6710 	6711 	6733
f 6731 	6708 	6707
f 6731 	6707 	6732
f 6840 	6709 	6839
f 6765 	6733 	6711
f 6720 	6723 	6703
f 6731 	6720 	6708
f 6658 	6703 	6723
f 6650 	6658 	6723
f 6773 	6748 	6737
f 6713 	6738 	6712
f 6949 	4004 	6950
f 6712 	6738 	6767
f 6734 	6737 	6736
f 6734 	6736 	6735
f 6740 	7037 	6739
f 6713 	6710 	6733
f 6713 	6733 	6738
f 6698 	6747 	6707
f 6742 	6707 	6747
f 6741 	6740 	6739
f 6741 	6739 	6742
f 6608 	6607 	6728
f 30 	6737 	6730
f 31 	30 	6730
f 6728 	6730 	6737
f 6737 	6734 	6728
f 6608 	6728 	6734
f 6494 	6712 	6498
f 6722 	6695 	6709
f 6741 	7025 	7037
f 6753 	6765 	6743
f 6711 	6743 	6765
f 6722 	6709 	6840
f 6707 	6742 	6732
f 6739 	6732 	6742
f 6410 	6498 	6767
f 6768 	6730 	6763
f 2111 	6718 	6744
f 6743 	6706 	6729
f 6723 	6725 	6745
f 6729 	6753 	6743
f 6768 	58 	6730
f 6720 	6732 	6744
f 6732 	6739 	7052
f 6769 	6734 	6746
f 6735 	6746 	6734
f 6638 	6649 	6745
f 6698 	6700 	6747
f 6478 	6546 	6746
f 6181 	6950 	3873
f 6701 	6749 	6683
f 6736 	6737 	6748
f 6729 	6867 	6751
f 6704 	6761 	6729
f 6748 	6746 	6736
f 6735 	6736 	6746
f 6488 	6478 	6748
f 6746 	6748 	6478
f 6754 	6841 	6753
f 6841 	6870 	6753
f 30 	123 	6737
f 6681 	6749 	6640
f 6750 	6754 	6753
f 6750 	6753 	6751
f 6792 	6786 	2345
f 6751 	6753 	6729
f 6755 	6759 	6758
f 6757 	6728 	6756
f 2344 	2345 	6788
f 6755 	6758 	6673
f 6730 	6762 	6763
f 6594 	6613 	6764
f 1666 	1704 	6763
f 6867 	6729 	6761
f 6762 	6757 	6756
f 6762 	6756 	6763
f 6730 	6757 	6762
f 6705 	6490 	6764
f 6756 	1666 	6763
f 6765 	6818 	6782
f 1703 	6756 	6766
f 6846 	6975 	2344
f 6738 	6819 	6767
f 6738 	6785 	6819
f 6768 	6763 	1704
f 6849 	6770 	4839
f 6436 	678 	6766
f 6712 	6767 	6498
f 6436 	6766 	6602
f 6728 	6602 	6766
f 6629 	6673 	6758
f 6768 	310 	58
f 6819 	6473 	6767
f 2344 	4839 	6770
f 6488 	6748 	6773
f 6639 	6758 	6695
f 6769 	6546 	6444
f 6774 	6772 	6771
f 6774 	6771 	6775
f 6770 	4852 	2344
f 6790 	6776 	6771
f 6773 	123 	308
f 6507 	6775 	6506
f 283 	308 	123
f 6773 	6737 	123
f 2344 	4852 	4863
f 58 	31 	6730
f 2344 	4863 	6770
f 6845 	6846 	2344
f 6727 	6670 	6715
f 6759 	6695 	6758
f 6670 	6727 	6726
f 6790 	6779 	6776
f 6709 	6695 	6759
f 6716 	6801 	6795
f 6511 	6506 	6775
f 6771 	6777 	6775
f 6776 	6779 	6771
f 6779 	6777 	6771
f 6777 	6778 	6775
f 6511 	6775 	6778
f 6772 	6782 	6771
f 6733 	6765 	6782
f 6781 	6783 	6784
f 6781 	6784 	6780
f 6774 	6775 	6785
f 6819 	6785 	6775
f 6670 	6783 	6781
f 6829 	6828 	6755
f 6783 	6670 	6784
f 6671 	6784 	6670
f 6785 	6782 	6774
f 6772 	6774 	6782
f 6782 	6785 	6733
f 6738 	6733 	6785
f 6671 	6793 	6780
f 6780 	6784 	6671
f 6507 	6819 	6775
f 6670 	6781 	6791
f 6787 	6786 	6792
f 6788 	2345 	6786
f 6789 	6760 	6788
f 6760 	2344 	6788
f 6830 	6829 	6752
f 6771 	6818 	6790
f 6507 	6473 	6819
f 6181 	6404 	6950
f 6802 	6715 	6791
f 6374 	6793 	6697
f 6671 	6697 	6793
f 6779 	6794 	6777
f 6511 	6778 	6515
f 6811 	6820 	6794
f 6692 	6795 	6501
f 6515 	6778 	6821
f 6779 	6790 	6794
f 6794 	6790 	6811
f 6808 	6811 	6790
f 6368 	6696 	6797
f 6799 	6777 	6798
f 6684 	6691 	6797
f 6691 	6393 	6797
f 6777 	6820 	6798
f 6715 	6802 	6716
f 6801 	6716 	6802
f 6800 	6592 	2104
f 6778 	6803 	6804
f 6866 	6795 	6801
f 6821 	6804 	2405
f 2379 	2405 	6804
f 6778 	6804 	6821
f 6802 	6805 	6806
f 6802 	6806 	6801
f 6778 	6777 	6799
f 6778 	6799 	6803
f 6799 	6798 	6804
f 6799 	6804 	6803
f 2378 	2379 	6798
f 6804 	6798 	2379
f 6808 	6790 	6917
f 6809 	6810 	6832
f 2104 	6185 	2001
f 6812 	6885 	6811
f 6807 	6812 	6811
f 6807 	6811 	6808
f 6814 	6817 	6816
f 6814 	6816 	6815
f 6813 	6675 	6787
f 6771 	6782 	6818
f 6917 	6790 	6818
f 6592 	6800 	6796
f 6796 	6673 	6592
f 2404 	6798 	6820
f 2381 	2405 	2379
f 6777 	6794 	6820
f 6917 	6818 	6765
f 6810 	6817 	6832
f 6185 	2104 	6592
f 6824 	6854 	6816
f 6820 	2594 	2404
f 6823 	6822 	6760
f 2405 	2255 	6474
f 6805 	6802 	6824
f 6796 	6755 	6673
f 6827 	6806 	6805
f 6827 	6805 	6824
f 6824 	6816 	6827
f 6816 	6817 	6827
f 6809 	6827 	6817
f 6809 	6817 	6810
f 6801 	6806 	6827
f 6688 	6825 	6687
f 6829 	6830 	6828
f 6830 	6831 	6828
f 6831 	6852 	6828
f 6832 	6644 	6834
f 6847 	6833 	6826
f 6644 	6832 	6648
f 6867 	6693 	6835
f 6838 	6839 	6837
f 6837 	6839 	6836
f 6862 	6853 	6839
f 6694 	6687 	6825
f 6694 	6825 	6835
f 6832 	6834 	6809
f 6750 	6751 	6835
f 6823 	6760 	6789
f 6817 	6861 	6832
f 6842 	6833 	6847
f 6840 	6839 	6838
f 6809 	6834 	6827
f 6826 	6833 	6842
f 6826 	6842 	6841
f 6822 	2344 	6760
f 6843 	930 	931
f 6843 	931 	6844
f 6822 	6845 	2344
f 6825 	6826 	6841
f 6750 	6835 	6754
f 6841 	6754 	6835
f 6825 	6841 	6835
f 931 	1093 	6844
f 6815 	6843 	6844
f 6815 	6844 	6814
f 5347 	6858 	6865
f 6815 	6816 	6843
f 6865 	6825 	6688
f 6817 	6814 	6844
f 6817 	6844 	6861
f 6862 	6709 	6828
f 6826 	6863 	6847
f 6854 	6851 	6816
f 6862 	6839 	6709
f 6861 	6648 	6832
f 6694 	6835 	6693
f 6867 	6835 	6751
f 6866 	6801 	6827
f 6842 	6848 	6841
f 6842 	6847 	6848
f 6837 	6836 	6840
f 6862 	6828 	6852
f 6836 	6839 	6853
f 6851 	6854 	6855
f 6851 	6855 	6850
f 6831 	6890 	6852
f 6816 	6851 	6859
f 7124 	6859 	6851
f 6836 	6853 	6840
f 6824 	6855 	6854
f 6886 	6892 	6847
f 6848 	6847 	6892
f 4852 	6770 	6849
f 6825 	6856 	6857
f 6825 	6857 	6826
f 6850 	6855 	6824
f 6770 	2346 	2344
f 5346 	6860 	5347
f 6858 	5347 	6860
f 6856 	6858 	6860
f 6856 	6860 	6857
f 6857 	6860 	6826
f 6863 	6826 	6860
f 6851 	7075 	7124
f 4863 	6849 	6770
f 6858 	6856 	6825
f 6825 	6865 	6858
f 6837 	6840 	6838
f 6916 	6863 	5371
f 6864 	6791 	7126
f 5346 	5371 	6863
f 5346 	6863 	6860
f 7126 	6850 	6864
f 6824 	6802 	6864
f 6791 	6864 	6802
f 6862 	6840 	6853
f 6501 	6795 	6866
f 6822 	6846 	6845
f 6886 	6847 	6863
f 6827 	6834 	6866
f 6834 	6643 	6866
f 6868 	6869 	6872
f 6296 	6291 	6894
f 6841 	6848 	6870
f 6892 	6917 	6848
f 6917 	6870 	6848
f 1705 	6869 	6868
f 6717 	6840 	6862
f 6765 	6753 	6870
f 6872 	6869 	1722
f 1705 	1722 	6869
f 6765 	6870 	6917
f 6862 	6721 	6717
f 6894 	6868 	6872
f 6872 	6875 	6876
f 6862 	6950 	6721
f 6873 	6877 	6886
f 6894 	6872 	6876
f 6878 	6879 	6880
f 6879 	1724 	6880
f 6881 	6886 	6877
f 1722 	1726 	6878
f 6877 	6873 	6882
f 6877 	6882 	6881
f 6883 	6884 	6878
f 6598 	6695 	6950
f 6808 	6882 	6807
f 6950 	6862 	6960
f 6875 	6884 	6883
f 6875 	6883 	6876
f 6898 	6885 	6874
f 6878 	6872 	1722
f 6884 	6875 	6878
f 6875 	6872 	6878
f 1724 	2615 	6880
f 6873 	6874 	6885
f 6807 	6882 	6812
f 6885 	6812 	6882
f 6873 	6885 	6882
f 6908 	6911 	6874
f 6878 	6880 	6895
f 6916 	6907 	6873
f 6878 	6895 	6883
f 6873 	6886 	6916
f 6883 	6888 	6887
f 6883 	6887 	6876
f 6796 	6890 	6752
f 6889 	6891 	6887
f 6889 	6887 	6888
f 6881 	6882 	6892
f 6917 	6892 	6882
f 6909 	6937 	6887
f 6891 	6909 	6887
f 6886 	6881 	6892
f 6917 	6882 	6808
f 6918 	6885 	6899
f 6898 	6899 	6885
f 6937 	6894 	6887
f 6880 	6954 	6895
f 6918 	6811 	6885
f 6883 	6895 	6888
f 6897 	6874 	6896
f 6911 	2569 	6896
f 6896 	6874 	6911
f 6893 	6890 	6796
f 2570 	2594 	6899
f 6900 	6937 	6909
f 6901 	6900 	6909
f 6898 	6897 	6896
f 6898 	6896 	6899
f 6358 	6900 	6361
f 6902 	6361 	6900
f 6898 	6874 	6897
f 6828 	6709 	6759
f 2569 	6899 	6896
f 6901 	6904 	6902
f 6901 	6902 	6900
f 6873 	6905 	6906
f 6873 	6906 	6874
f 6789 	6788 	6903
f 5376 	6908 	5377
f 6907 	5377 	6908
f 6374 	6361 	6938
f 6904 	6910 	6902
f 6788 	6936 	6903
f 6759 	6755 	6828
f 5420 	5377 	6916
f 6938 	6902 	6910
f 6905 	6907 	6908
f 6905 	6908 	6906
f 6909 	6910 	6904
f 6909 	6904 	6901
f 6906 	6908 	6874
f 6907 	6916 	5377
f 6907 	6905 	6873
f 5413 	2591 	6911
f 6942 	6919 	6913
f 6831 	6830 	6890
f 6752 	6890 	6830
f 6908 	5376 	6911
f 6890 	6893 	6852
f 6915 	6913 	6912
f 6915 	6912 	6914
f 6942 	6913 	6888
f 6889 	6888 	6913
f 6886 	6863 	6916
f 6755 	6752 	6829
f 2565 	2569 	2591
f 6891 	6889 	6913
f 6931 	6910 	6915
f 6913 	6915 	6910
f 6910 	6909 	6913
f 6891 	6913 	6909
f 6893 	6862 	6852
f 6918 	6899 	2594
f 6876 	6887 	6894
f 6950 	6404 	6598
f 6820 	6811 	6918
f 6931 	6928 	6910
f 6918 	2594 	6820
f 6912 	6913 	6919
f 6921 	6922 	6923
f 6796 	6752 	6755
f 4020 	810 	4010
f 6923 	4010 	810
f 6788 	6920 	6936
f 2659 	2658 	6922
f 2659 	6922 	6921
f 6919 	6924 	6914
f 6919 	6914 	6912
f 2658 	6923 	6922
f 6788 	6994 	6920
f 6915 	6914 	6924
f 6925 	6926 	6921
f 6921 	810 	6925
f 6927 	7048 	6928
f 6940 	6926 	6925
f 6921 	2666 	2659
f 6926 	6940 	6921
f 6940 	6935 	6921
f 6928 	6931 	6932
f 6928 	6932 	6927
f 6927 	6932 	6915
f 6981 	6949 	6980
f 6980 	6949 	2106
f 6789 	6903 	6823
f 6935 	6933 	6934
f 6938 	6910 	6928
f 6933 	808 	812
f 808 	6933 	6935
f 6931 	6915 	6932
f 6934 	2668 	2666
f 6934 	2666 	6935
f 6900 	6358 	6937
f 6934 	6933 	2668
f 6939 	6929 	6893
f 6903 	6936 	6823
f 6935 	6940 	6941
f 6939 	6930 	6929
f 7048 	6938 	6928
f 808 	6935 	6941
f 6947 	855 	6941
f 6940 	6925 	6941
f 6942 	7015 	6995
f 2666 	6921 	6935
f 6915 	6924 	6943
f 6893 	6796 	6939
f 6941 	6925 	6947
f 6895 	6942 	6888
f 6930 	6800 	2104
f 6945 	854 	838
f 6944 	6945 	838
f 6915 	6943 	6927
f 6945 	6925 	854
f 810 	854 	6925
f 6296 	6894 	6937
f 846 	6946 	838
f 6946 	6944 	838
f 6793 	6374 	6938
f 6946 	846 	6947
f 6945 	6944 	6946
f 6945 	6946 	6947
f 7070 	6943 	446
f 6939 	6800 	6930
f 6947 	6925 	6945
f 6823 	6991 	7001
f 6939 	6796 	6800
f 6921 	6923 	810
f 6823 	6936 	6991
f 6930 	6950 	6929
f 2104 	2106 	6950
f 6953 	6952 	6954
f 6930 	2104 	6950
f 6952 	6951 	6954
f 6951 	6895 	6954
f 2615 	2614 	6953
f 2615 	6953 	6954
f 6948 	6929 	6950
f 6949 	6950 	2106
f 7001 	6998 	6823
f 2610 	6968 	6952
f 6929 	6948 	6955
f 2610 	6952 	6953
f 2610 	6953 	2614
f 6880 	2615 	6954
f 7014 	6963 	6871
f 6956 	6929 	6955
f 6942 	6895 	6951
f 6919 	6942 	6995
f 6995 	6997 	6924
f 6995 	6924 	6919
f 6970 	6959 	6958
f 6950 	6957 	6955
f 6871 	6813 	6787
f 7016 	6675 	6813
f 2397 	2398 	6971
f 6967 	6974 	2398
f 6962 	2397 	6971
f 6695 	6721 	6950
f 6962 	6961 	6977
f 6964 	6871 	6963
f 6977 	2397 	6962
f 6966 	6813 	6965
f 6957 	6950 	6960
f 7023 	7053 	6966
f 6813 	6966 	7016
f 6965 	6964 	6963
f 6965 	6963 	6966
f 6871 	6964 	6965
f 6813 	6871 	6965
f 6966 	6963 	7023
f 6968 	6974 	6967
f 6998 	6822 	6823
f 6970 	6952 	6968
f 6958 	6995 	6970
f 6960 	6955 	6957
f 6971 	6972 	6973
f 6960 	6862 	6893
f 6973 	6961 	6971
f 6961 	6962 	6971
f 6971 	2398 	6974
f 6998 	6969 	6822
f 6893 	6955 	6960
f 6948 	6950 	6955
f 6893 	6929 	6956
f 6956 	6955 	6893
f 6979 	6849 	4839
f 409 	6949 	6981
f 6043 	6164 	6980
f 6979 	4852 	6849
f 6981 	6980 	6164
f 6981 	6978 	6976
f 6770 	6849 	2346
f 2106 	6043 	6980
f 6979 	2346 	6849
f 6970 	6968 	6982
f 794 	88 	6967
f 6970 	6982 	6959
f 6949 	409 	1
f 6984 	6976 	6983
f 3 	21 	6984
f 6986 	6987 	6978
f 6985 	6973 	6988
f 6822 	6969 	6975
f 6978 	6990 	6986
f 6975 	6846 	6822
f 6983 	6987 	6986
f 6983 	6986 	6984
f 6987 	6983 	6978
f 6976 	6978 	6983
f 6999 	6973 	6985
f 10 	3 	6984
f 10 	6984 	6986
f 6975 	6969 	7006
f 6976 	6984 	6989
f 21 	6989 	6984
f 10 	6986 	24
f 24 	6986 	6990
f 6989 	21 	164
f 4863 	6979 	6849
f 6437 	24 	6990
f 6972 	6988 	6973
f 164 	6976 	6989
f 6971 	6988 	6972
f 6990 	6978 	6437
f 6978 	6981 	6164
f 4004 	6949 	1
f 14 	11 	2
f 2 	5 	14
f 6971 	6985 	6988
f 7007 	6985 	6971
f 6999 	6961 	6973
f 6920 	6994 	6936
f 6951 	6952 	6970
f 6991 	6936 	6996
f 6991 	6996 	6992
f 6959 	6997 	6995
f 6959 	6995 	6958
f 6936 	6994 	6996
f 6996 	6994 	6993
f 6959 	6982 	6997
f 6792 	4903 	6787
f 4906 	6788 	5616
f 6991 	6992 	7001
f 4879 	6992 	6996
f 6999 	6985 	7004
f 5613 	5616 	6786
f 6969 	6998 	7001
f 7006 	7005 	4328
f 6999 	7004 	7007
f 7007 	7003 	7002
f 2344 	4846 	4839
f 2344 	4330 	4335
f 7000 	6999 	7007
f 4330 	2344 	6975
f 7007 	7002 	7000
f 7008 	4839 	4347
f 6979 	4839 	7008
f 7007 	7004 	6985
f 2344 	4335 	4846
f 6971 	7013 	7007
f 4347 	4852 	7008
f 7008 	4852 	6979
f 6979 	7008 	2346
f 4347 	2346 	7008
f 6961 	6999 	7000
f 7132 	6961 	7002
f 6961 	7000 	7002
f 794 	6967 	2398
f 7006 	6969 	7005
f 4328 	4330 	6975
f 2397 	6977 	7136
f 4347 	7008 	4863
f 7008 	6979 	4863
f 4328 	6975 	7006
f 7132 	7002 	7009
f 7009 	22 	7132
f 832 	9 	6971
f 7002 	7010 	7009
f 4766 	7011 	7001
f 7001 	6992 	4766
f 6992 	4879 	4766
f 4879 	6993 	6994
f 6994 	6788 	4879
f 7010 	7003 	7012
f 4906 	4879 	6788
f 7002 	7003 	7010
f 4879 	6996 	6993
f 7007 	7013 	7003
f 7003 	7013 	7012
f 7005 	6969 	7011
f 7012 	7013 	6971
f 6969 	7001 	7011
f 7012 	6971 	9
f 6788 	6786 	5616
f 7011 	4328 	7005
f 833 	832 	6974
f 6971 	6974 	832
f 6974 	1992 	833
f 5298 	6871 	4903
f 6871 	6787 	4903
f 6968 	6967 	88
f 6982 	6968 	88
f 7014 	6871 	5298
f 6951 	6970 	7015
f 6970 	6995 	7015
f 6675 	7016 	6674
f 6924 	6997 	6943
f 6982 	7017 	6997
f 6943 	6997 	7017
f 6747 	6674 	7016
f 6951 	7015 	6942
f 7018 	7020 	7021
f 6780 	7022 	6781
f 7019 	6781 	7022
f 7014 	7049 	6963
f 7021 	6963 	7049
f 7071 	6780 	6793
f 7023 	7024 	7025
f 7022 	7026 	7027
f 7022 	7027 	7019
f 7025 	7053 	7023
f 7020 	7024 	7023
f 7020 	7023 	7021
f 7027 	7035 	7019
f 7020 	7018 	7025
f 7020 	7025 	7024
f 7023 	6963 	7021
f 7022 	6780 	7071
f 6741 	6742 	7025
f 7018 	7037 	7025
f 7030 	7031 	7048
f 7034 	7032 	7036
f 7032 	7051 	7036
f 7037 	7038 	7039
f 2160 	7052 	7039
f 7037 	7039 	7052
f 7066 	7019 	7035
f 7038 	7034 	7036
f 7038 	7036 	7039
f 7040 	7029 	7028
f 7040 	7028 	7033
f 7032 	7034 	7038
f 7032 	7038 	7037
f 7039 	7036 	2160
f 7052 	6739 	7037
f 7041 	7035 	7026
f 7027 	7026 	7035
f 7032 	7037 	7018
f 6740 	6741 	7037
f 7031 	7030 	7041
f 7030 	7040 	7041
f 7035 	7041 	7040
f 7035 	7040 	7033
f 7043 	7042 	5311
f 7026 	7022 	7041
f 7018 	7049 	7042
f 7048 	7031 	7041
f 7043 	7046 	7047
f 7043 	7047 	7042
f 7047 	7018 	7042
f 7032 	7018 	7046
f 7047 	7046 	7018
f 7029 	7044 	7045
f 7029 	7045 	7028
f 5311 	7051 	7043
f 7046 	7043 	7032
f 7014 	5298 	7049
f 5339 	7049 	5298
f 6927 	7050 	7048
f 7070 	7050 	6927
f 5339 	5303 	7049
f 7071 	6938 	7048
f 1894 	2194 	7051
f 7048 	7050 	7030
f 7032 	7043 	7051
f 2159 	7036 	7051
f 7018 	7021 	7049
f 7033 	7045 	7063
f 7028 	7045 	7033
f 7066 	6781 	7019
f 7016 	6966 	7053
f 7029 	7040 	7044
f 7070 	7044 	7040
f 7025 	6742 	7053
f 6747 	7053 	6742
f 7030 	7050 	7040
f 7070 	7040 	7050
f 7016 	7053 	6747
f 7041 	7022 	7071
f 7048 	7041 	7071
f 4387 	4486 	4385
f 7055 	4385 	7081
f 7067 	102 	7054
f 7033 	7063 	7056
f 102 	7055 	7054
f 7057 	7058 	7059
f 7057 	7059 	7056
f 7062 	7060 	7061
f 7063 	7121 	7082
f 7056 	7059 	7033
f 7058 	7035 	7033
f 7058 	7033 	7059
f 7080 	7060 	7062
f 7061 	107 	7062
f 7083 	7126 	7057
f 7066 	7035 	7057
f 7058 	7057 	7035
f 7061 	7060 	109
f 7061 	109 	107
f 7062 	7064 	7065
f 7080 	7062 	7065
f 7066 	7057 	7126
f 7054 	7055 	7067
f 7081 	7067 	7055
f 6781 	7066 	6791
f 7068 	7069 	7067
f 7068 	7067 	7081
f 7017 	446 	6943
f 7064 	7069 	7068
f 7064 	7068 	7065
f 6943 	7070 	6927
f 7067 	7062 	108
f 7069 	7064 	7067
f 7064 	7062 	7067
f 107 	108 	7062
f 7068 	7072 	7065
f 6793 	6938 	7071
f 7073 	7120 	7072
f 6850 	7076 	6851
f 7075 	6851 	7076
f 7081 	7140 	7068
f 7076 	7078 	7079
f 7076 	7079 	7075
f 7073 	7072 	7077
f 7073 	7077 	7074
f 7077 	7072 	7068
f 7079 	7100 	7075
f 7072 	7138 	7065
f 6850 	7126 	7076
f 7081 	4385 	4486
f 7083 	7057 	7082
f 7056 	7082 	7057
f 7077 	7068 	7140
f 7056 	7063 	7082
f 7084 	7083 	7082
f 7084 	7082 	7085
f 128 	7091 	7086
f 62 	373 	7086
f 7084 	7085 	7097
f 7086 	7087 	7088
f 7084 	7101 	7083
f 7089 	7090 	7106
f 7091 	7092 	7093
f 7060 	7080 	7093
f 7080 	7109 	7093
f 7091 	7093 	7109
f 133 	7092 	7091
f 7097 	7095 	7094
f 7097 	7094 	7096
f 7093 	7092 	136
f 133 	136 	7092
f 109 	7060 	136
f 7093 	136 	7060
f 7098 	7099 	7091
f 7090 	7096 	7106
f 7091 	7109 	7098
f 7085 	7082 	7097
f 7087 	7099 	7098
f 7087 	7098 	7088
f 7096 	7090 	7089
f 7096 	7089 	7100
f 7099 	7087 	7091
f 7087 	7086 	7091
f 7098 	7102 	7088
f 7101 	7100 	7078
f 7079 	7078 	7100
f 7102 	7103 	7143
f 7084 	7097 	7101
f 7100 	7101 	7097
f 7100 	7097 	7096
f 7103 	7104 	7143
f 7106 	1549 	1550
f 7106 	1550 	7107
f 7096 	7118 	7106
f 7109 	7157 	7098
f 7105 	7098 	7157
f 7103 	7102 	7105
f 7103 	7105 	7104
f 7124 	7100 	7107
f 7105 	7102 	7098
f 7106 	7107 	7089
f 7086 	7108 	61
f 91 	61 	7108
f 7086 	7088 	7108
f 7155 	7108 	7088
f 7143 	7155 	7102
f 7155 	91 	7108
f 7138 	7157 	7080
f 7100 	7089 	7107
f 7078 	7076 	7101
f 7126 	7101 	7076
f 7111 	4518 	7139
f 7126 	7083 	7101
f 7125 	7112 	7110
f 849 	7114 	850
f 7113 	850 	7114
f 857 	7118 	849
f 7125 	7140 	7115
f 7095 	7113 	7114
f 7095 	7114 	7094
f 7111 	7110 	7112
f 7111 	7112 	7115
f 7096 	7094 	7114
f 7114 	849 	7118
f 4525 	4518 	7111
f 4525 	7111 	7115
f 7097 	7121 	7113
f 7095 	7097 	7113
f 7116 	7119 	7120
f 7116 	7120 	7117
f 7096 	7114 	7118
f 7063 	445 	7121
f 850 	7113 	7121
f 1549 	7106 	1568
f 7097 	7082 	7121
f 1571 	6859 	7124
f 7110 	7123 	7125
f 7100 	7124 	7075
f 7115 	7112 	7125
f 7126 	6791 	7066
f 6824 	6864 	6850
f 130 	7045 	129
f 7044 	129 	7045
f 130 	7063 	7045
f 7073 	7074 	7125
f 7123 	7117 	7125
f 7127 	7122 	7123
f 7122 	7117 	7123
f 7117 	7120 	7125
f 7073 	7125 	7120
f 7044 	7070 	129
f 446 	129 	7070
f 7116 	7117 	7128
f 7129 	7130 	88
f 7129 	129 	7130
f 7119 	7131 	7120
f 7130 	129 	88
f 446 	88 	129
f 7119 	7116 	7128
f 7119 	7128 	7131
f 6961 	7132 	6977
f 7122 	7134 	7117
f 7110 	7111 	7123
f 7139 	7123 	7111
f 7132 	7136 	6977
f 7123 	7139 	7135
f 7135 	7127 	7123
f 7074 	7077 	7125
f 2397 	7133 	780
f 7133 	119 	75
f 7135 	7134 	7127
f 7122 	7127 	7134
f 2397 	7136 	7133
f 264 	307 	285
f 7134 	7135 	285
f 294 	285 	7135
f 119 	7136 	7132
f 7132 	22 	119
f 7120 	7131 	7138
f 7117 	7134 	7137
f 307 	7137 	7134
f 7134 	285 	307
f 7120 	7138 	7072
f 7080 	7065 	7138
f 4518 	4537 	7139
f 446 	6982 	88
f 4525 	7115 	4538
f 4538 	7115 	7140
f 312 	7135 	7139
f 294 	7135 	312
f 7125 	7077 	7140
f 7137 	307 	7156
f 9 	7141 	7012
f 312 	7139 	4537
f 7140 	7081 	4538
f 4486 	4538 	7081
f 7009 	7141 	22
f 7156 	7128 	7137
f 7009 	7010 	7141
f 7010 	7012 	7141
f 7151 	7138 	7131
f 7141 	17 	22
f 7151 	7131 	7128
f 7141 	94 	17
f 7141 	9 	94
f 7143 	7142 	104
f 100 	104 	7142
f 104 	106 	7143
f 7147 	7148 	7146
f 7147 	7146 	7145
f 7143 	7104 	7147
f 7143 	7147 	7145
f 7149 	7144 	7145
f 7144 	7142 	7145
f 7143 	7145 	7142
f 7154 	99 	7142
f 105 	249 	106
f 7155 	7143 	106
f 7144 	7152 	7142
f 7146 	7150 	7145
f 7117 	7137 	7128
f 7148 	7147 	7151
f 7151 	7150 	7148
f 7146 	7148 	7150
f 7151 	7128 	7150
f 7104 	7105 	7147
f 7145 	7153 	7149
f 7153 	7152 	7149
f 7144 	7149 	7152
f 7156 	495 	7153
f 7152 	7153 	483
f 484 	483 	7153
f 200 	97 	248
f 7142 	7152 	7154
f 483 	494 	7152
f 494 	7154 	7152
f 7088 	7102 	7155
f 7145 	7150 	7156
f 7150 	7128 	7156
f 7138 	7151 	7157
f 7147 	7157 	7151
f 484 	7153 	495
f 7145 	7156 	7153
f 7147 	7105 	7157
f 494 	248 	7154
f 495 	7156 	307
f 7109 	7080 	7157
f 76 	65 	63
# 14512 faces

 #end of obj_0

